{
  "type": "FeatureCollection",
  "generator": "overpass-turbo",
  "copyright": "The data included in this document is from www.openstreetmap.org. The data is made available under ODbL.",
  "timestamp": "2026-08-23T02:23:35Z",
  "features": [
    {
      "type": "Feature",
      "properties": {
        "@id": "way/8915103",
        "bicycle": "no",
        "destination": "Lincoln Boulevard",
        "highway": "motorway_link",
        "junction:ref": "439",
        "lanes": "1",
        "lit": "yes",
        "maxspeed": "25 mph",
        "maxspeed:advisory": "15 mph",
        "oneway": "yes",
        "sidewalk": "separate",
        "surface": "asphalt",
        "tiger:cfcc": "A63",
        "toll": "yes",
        "turn": "right"
      },
      "geometry": {
        "type": "LineString",
        "coordinates": [
          [
            -122.4753016,
            37.8066603
          ],
          [
            -122.4752783,
            37.8065804
          ],
          [
            -122.4752744,
            37.8065562
          ],
          [
            -122.4752749,
            37.8065346
          ],
          [
            -122.4752785,
            37.8065152
          ],
          [
            -122.4752863,
            37.8064967
          ],
          [
            -122.4752993,
            37.8064791
          ],
          [
            -122.4753144,
            37.8064634
          ]
        ]
      },
      "id": "way/8915103"
    },
    {
      "type": "Feature",
      "properties": {
        "@id": "way/8915105",
        "bicycle": "no",
        "destination": "San Francisco",
        "destination:ref": "US 101 South;CA 1 South",
        "highway": "motorway_link",
        "junction:noref": "yes",
        "lanes": "1",
        "lit": "yes",
        "maxspeed": "25 mph",
        "noref": "yes",
        "oneway": "yes",
        "surface": "asphalt",
        "tiger:cfcc": "A41",
        "toll": "no",
        "turn": "right"
      },
      "geometry": {
        "type": "LineString",
        "coordinates": [
          [
            -122.4754205,
            37.8063366
          ],
          [
            -122.4753394,
            37.8063744
          ],
          [
            -122.4752788,
            37.806386
          ],
          [
            -122.4752226,
            37.8063965
          ],
          [
            -122.4752004,
            37.8063997
          ],
          [
            -122.4751757,
            37.8064026
          ],
          [
            -122.4751516,
            37.8064046
          ],
          [
            -122.4751265,
            37.8064059
          ],
          [
            -122.4750955,
            37.8064068
          ],
          [
            -122.4750669,
            37.8064066
          ],
          [
            -122.4750397,
            37.8064052
          ],
          [
            -122.4750164,
            37.8064028
          ],
          [
            -122.474993,
            37.8063991
          ],
          [
            -122.4749643,
            37.8063926
          ],
          [
            -122.4749373,
            37.8063851
          ],
          [
            -122.4747347,
            37.8063224
          ]
        ]
      },
      "id": "way/8915105"
    },
    {
      "type": "Feature",
      "properties": {
        "@id": "way/8915111",
        "bicycle": "yes",
        "change:backward": "no",
        "change:forward": "no",
        "destination:backward": "Golden Gate Bridge",
        "destination:forward": "View Area",
        "destination:ref:backward": "US 101 North;CA 1 North",
        "destination:symbol:forward": "parking",
        "highway": "motorway_link",
        "lanes": "2",
        "oneway": "no",
        "overtaking": "no",
        "sidewalk": "separate",
        "surface": "asphalt",
        "turn:forward": "left"
      },
      "geometry": {
        "type": "LineString",
        "coordinates": [
          [
            -122.4739785,
            37.8071486
          ],
          [
            -122.4738858,
            37.8072131
          ]
        ]
      },
      "id": "way/8915111"
    },
    {
      "type": "Feature",
      "properties": {
        "@id": "way/8915480",
        "highway": "secondary_link",
        "name": "Lyon Street",
        "name:etymology:wikidata": "Q517116",
        "oneway": "yes",
        "sidewalk": "right",
        "surface": "asphalt",
        "tiger:cfcc": "A41",
        "tiger:county": "San Francisco, CA",
        "tiger:name_base": "Lyon",
        "tiger:name_type": "St",
        "tiger:reviewed": "no"
      },
      "geometry": {
        "type": "LineString",
        "coordinates": [
          [
            -122.4482932,
            37.8044845
          ],
          [
            -122.4482542,
            37.8045616
          ],
          [
            -122.4482612,
            37.8046295
          ],
          [
            -122.4482686,
            37.8047136
          ]
        ]
      },
      "id": "way/8915480"
    },
    {
      "type": "Feature",
      "properties": {
        "@id": "way/8916287",
        "hgv": "designated",
        "highway": "secondary",
        "lanes": "4",
        "lcn_ref": "2",
        "lit": "yes",
        "maxspeed": "25 mph",
        "maxweight:hgv": "3 st",
        "name": "Marina Boulevard",
        "parking:lane:both": "no",
        "sidewalk:both": "separate",
        "source:hgv": "https://sfplanninggis.org/TIM/?search=3591024#searchbox",
        "surface": "asphalt",
        "tiger:cfcc": "A45",
        "tiger:county": "San Francisco, CA",
        "tiger:name_base": "Marina",
        "tiger:name_type": "Blvd"
      },
      "geometry": {
        "type": "LineString",
        "coordinates": [
          [
            -122.4320887,
            37.8051835
          ],
          [
            -122.4321181,
            37.8052003
          ],
          [
            -122.4321476,
            37.8052088
          ],
          [
            -122.4321771,
            37.8052109
          ],
          [
            -122.4322037,
            37.8052095
          ],
          [
            -122.4322708,
            37.805201
          ]
        ]
      },
      "id": "way/8916287"
    },
    {
      "type": "Feature",
      "properties": {
        "@id": "way/8916290",
        "destination": "Mason Street",
        "highway": "secondary_link",
        "lcn_ref": "2",
        "maxspeed": "25 mph",
        "name": "Mason Street",
        "name:etymology:wikidata": "Q356889",
        "oneway": "yes",
        "sidewalk:left": "no",
        "sidewalk:right": "separate",
        "surface": "asphalt",
        "tiger:cfcc": "A45",
        "tiger:county": "San Francisco, CA",
        "tiger:name_base": "Marina",
        "tiger:name_type": "Blvd"
      },
      "geometry": {
        "type": "LineString",
        "coordinates": [
          [
            -122.447648,
            37.8051204
          ],
          [
            -122.4477471,
            37.8051244
          ],
          [
            -122.4478357,
            37.8051233
          ],
          [
            -122.4479287,
            37.8051169
          ],
          [
            -122.4480198,
            37.805106
          ],
          [
            -122.4481034,
            37.8050919
          ],
          [
            -122.4482234,
            37.8050617
          ],
          [
            -122.4482502,
            37.8050547
          ],
          [
            -122.4483252,
            37.8050277
          ],
          [
            -122.4483833,
            37.804996
          ]
        ]
      },
      "id": "way/8916290"
    },
    {
      "type": "Feature",
      "properties": {
        "@id": "way/8916356",
        "cycleway": "lane",
        "destination:backward": "Golden Gate National Recreation Area",
        "destination:ref:forward": "US 101 South;CA 1 South",
        "highway": "secondary",
        "lanes": "2",
        "lcn_ref": "95",
        "lit": "yes",
        "maxspeed": "25 mph",
        "name": "Merchant Road",
        "sidewalk:left": "separate",
        "sidewalk:right": "no",
        "surface": "asphalt",
        "tiger:cfcc": "A41",
        "tiger:name_base": "Merchant",
        "tiger:name_type": "Rd"
      },
      "geometry": {
        "type": "LineString",
        "coordinates": [
          [
            -122.4756469,
            37.8044149
          ],
          [
            -122.4757763,
            37.8044165
          ],
          [
            -122.4758123,
            37.8044175
          ],
          [
            -122.475859,
            37.804423
          ],
          [
            -122.4759159,
            37.8044347
          ],
          [
            -122.4759712,
            37.8044519
          ],
          [
            -122.4760236,
            37.8044763
          ],
          [
            -122.4760793,
            37.8045119
          ],
          [
            -122.4761316,
            37.8045555
          ],
          [
            -122.4761797,
            37.8046032
          ],
          [
            -122.476215,
            37.804648
          ],
          [
            -122.4762472,
            37.8047018
          ],
          [
            -122.4762722,
            37.8047547
          ],
          [
            -122.4762881,
            37.8048025
          ],
          [
            -122.4762998,
            37.8048519
          ],
          [
            -122.4763059,
            37.8049141
          ],
          [
            -122.4763044,
            37.8049743
          ],
          [
            -122.4762974,
            37.8050234
          ],
          [
            -122.4762846,
            37.8050717
          ],
          [
            -122.476265,
            37.8051189
          ],
          [
            -122.4762387,
            37.8051614
          ],
          [
            -122.476167,
            37.8052635
          ],
          [
            -122.4759773,
            37.8055338
          ],
          [
            -122.475942,
            37.8055897
          ],
          [
            -122.4759119,
            37.8056447
          ],
          [
            -122.4758858,
            37.8056983
          ],
          [
            -122.4758667,
            37.8057501
          ],
          [
            -122.475858,
            37.8057876
          ],
          [
            -122.4758532,
            37.8058207
          ],
          [
            -122.4758348,
            37.8059329
          ],
          [
            -122.475831,
            37.8059528
          ],
          [
            -122.4758266,
            37.8059708
          ],
          [
            -122.4758213,
            37.8059875
          ],
          [
            -122.4758146,
            37.8060044
          ],
          [
            -122.4758072,
            37.8060199
          ],
          [
            -122.4757981,
            37.8060361
          ],
          [
            -122.4757869,
            37.8060536
          ],
          [
            -122.4757768,
            37.8060682
          ],
          [
            -122.4757659,
            37.8060826
          ],
          [
            -122.475747,
            37.8061034
          ],
          [
            -122.4757168,
            37.8061303
          ],
          [
            -122.4756828,
            37.8061555
          ],
          [
            -122.4756518,
            37.806176
          ],
          [
            -122.4755901,
            37.8062193
          ],
          [
            -122.4754205,
            37.8063366
          ]
        ]
      },
      "id": "way/8916356"
    },
    {
      "type": "Feature",
      "properties": {
        "@id": "way/8916439",
        "destination": "Bay Street",
        "foot": "no",
        "highway": "primary_link",
        "maxspeed": "25 mph",
        "name": "Bay Street",
        "oneway": "yes",
        "sidewalk": "no",
        "surface": "asphalt",
        "tiger:cfcc": "A41",
        "tiger:county": "San Francisco, CA",
        "tiger:name_base": "Bay",
        "tiger:name_type": "St"
      },
      "geometry": {
        "type": "LineString",
        "coordinates": [
          [
            -122.4056307,
            37.8066897
          ],
          [
            -122.4058016,
            37.8066572
          ],
          [
            -122.4058327,
            37.8066517
          ],
          [
            -122.4058618,
            37.8066466
          ],
          [
            -122.4059603,
            37.8066266
          ]
        ]
      },
      "id": "way/8916439"
    },
    {
      "type": "Feature",
      "properties": {
        "@id": "way/8916867",
        "hgv": "designated",
        "highway": "secondary",
        "lanes": "4",
        "name": "Montgomery Street",
        "name:etymology:wikidata": "Q6220059",
        "oneway": "yes",
        "sidewalk:both": "separate",
        "source:hgv": "https://sfplanninggis.org/TIM/?search=3591024#searchbox",
        "surface": "asphalt",
        "tiger:cfcc": "A41",
        "tiger:county": "San Francisco, CA",
        "tiger:name_base": "Montgomery",
        "tiger:name_type": "St",
        "wikidata": "Q3322721"
      },
      "geometry": {
        "type": "LineString",
        "coordinates": [
          [
            -122.4031576,
            37.7946763
          ],
          [
            -122.4031431,
            37.7946071
          ],
          [
            -122.4030658,
            37.7942268
          ]
        ]
      },
      "id": "way/8916867"
    },
    {
      "type": "Feature",
      "properties": {
        "@id": "way/8916922",
        "cycleway:right": "track",
        "hgv": "designated",
        "highway": "secondary",
        "lanes": "4",
        "lanes:backward": "2",
        "lanes:forward": "2",
        "lcn_ref": "30",
        "maxspeed": "25 mph",
        "name": "Howard Street",
        "name:etymology:wikidata": "Q16066217",
        "parking:lanes:right": "parallel",
        "sidewalk:both": "separate",
        "source:hgv": "https://sfplanninggis.org/TIM/?search=3591024#searchbox",
        "surface": "asphalt",
        "tiger:cfcc": "A41",
        "tiger:county": "San Francisco, CA",
        "tiger:name_base": "Howard",
        "tiger:name_type": "St",
        "turn:lanes:backward": "left|right"
      },
      "geometry": {
        "type": "LineString",
        "coordinates": [
          [
            -122.3912179,
            37.7923424
          ],
          [
            -122.3913262,
            37.7922572
          ],
          [
            -122.3913451,
            37.7922417
          ],
          [
            -122.3915626,
            37.7920707
          ],
          [
            -122.3916518,
            37.792
          ]
        ]
      },
      "id": "way/8916922"
    },
    {
      "type": "Feature",
      "properties": {
        "@id": "way/8916973",
        "NHS": "STRAHNET",
        "bicycle": "yes",
        "cycleway:both": "no",
        "foot": "yes",
        "hgv": "designated",
        "highway": "trunk",
        "lanes": "3",
        "lit": "yes",
        "maxspeed": "30 mph",
        "name": "Richardson Avenue",
        "name:etymology:wikidata": "Q4818023",
        "old_ref": "CA 480",
        "oneway": "yes",
        "ref": "US 101",
        "sidewalk:left": "no",
        "sidewalk:right": "separate",
        "source:hgv": "https://sfplanninggis.org/TIM/?search=3591024#searchbox",
        "surface": "asphalt"
      },
      "geometry": {
        "type": "LineString",
        "coordinates": [
          [
            -122.4446692,
            37.7988737
          ],
          [
            -122.4447453,
            37.7988907
          ],
          [
            -122.4448241,
            37.7989165
          ],
          [
            -122.4449047,
            37.7989464
          ],
          [
            -122.4449658,
            37.7989709
          ],
          [
            -122.4450228,
            37.7989967
          ],
          [
            -122.4450779,
            37.799027
          ],
          [
            -122.4451333,
            37.7990621
          ],
          [
            -122.4452729,
            37.7991583
          ],
          [
            -122.4456601,
            37.799422
          ],
          [
            -122.4458225,
            37.7995358
          ],
          [
            -122.4459052,
            37.7995943
          ]
        ]
      },
      "id": "way/8916973"
    },
    {
      "type": "Feature",
      "properties": {
        "@id": "way/8917061",
        "cycleway:both": "lane",
        "cycleway:both:buffer": "yes",
        "highway": "secondary",
        "lanes": "2",
        "lcn_ref": "95",
        "name": "Lincoln Boulevard",
        "name:etymology:wikidata": "Q91",
        "surface": "asphalt",
        "tiger:cfcc": "A41",
        "tiger:county": "San Francisco, CA",
        "tiger:name_base": "Lincoln",
        "tiger:name_type": "Blvd"
      },
      "geometry": {
        "type": "LineString",
        "coordinates": [
          [
            -122.4810609,
            37.7921627
          ],
          [
            -122.4810741,
            37.7921199
          ],
          [
            -122.4810761,
            37.7921127
          ],
          [
            -122.4811755,
            37.7918099
          ],
          [
            -122.4815537,
            37.7906924
          ],
          [
            -122.4815819,
            37.7906088
          ],
          [
            -122.4819886,
            37.7894074
          ],
          [
            -122.4820247,
            37.7893026
          ],
          [
            -122.4820612,
            37.7891995
          ],
          [
            -122.4820785,
            37.7891506
          ],
          [
            -122.4820985,
            37.7890968
          ],
          [
            -122.4821202,
            37.7890442
          ],
          [
            -122.4821453,
            37.7889898
          ],
          [
            -122.4821707,
            37.7889378
          ],
          [
            -122.4821977,
            37.7888875
          ],
          [
            -122.4822169,
            37.7888544
          ],
          [
            -122.4822388,
            37.7888153
          ],
          [
            -122.4822765,
            37.7887542
          ]
        ]
      },
      "id": "way/8917061"
    },
    {
      "type": "Feature",
      "properties": {
        "@id": "way/8917425",
        "hgv": "designated",
        "highway": "secondary",
        "maxspeed": "25 mph",
        "name": "Harrison Street",
        "oneway": "yes",
        "sidewalk:both": "separate",
        "source:hgv": "https://sfplanninggis.org/TIM/?search=3591024#searchbox",
        "surface": "paved",
        "tiger:cfcc": "A41",
        "tiger:county": "San Francisco, CA",
        "tiger:name_base": "Harrison",
        "tiger:name_type": "St"
      },
      "geometry": {
        "type": "LineString",
        "coordinates": [
          [
            -122.3886184,
            37.7894946
          ],
          [
            -122.3885337,
            37.7895545
          ],
          [
            -122.3884679,
            37.7896011
          ],
          [
            -122.3884059,
            37.7896449
          ]
        ]
      },
      "id": "way/8917425"
    },
    {
      "type": "Feature",
      "properties": {
        "@id": "way/8918656",
        "highway": "secondary",
        "lanes": "3",
        "level": "0",
        "maxspeed": "20 mph",
        "name": "New Montgomery Street",
        "oneway": "yes",
        "surface": "asphalt",
        "tiger:cfcc": "A41",
        "tiger:county": "San Francisco, CA",
        "tiger:name_base": "New Montgomery",
        "tiger:name_type": "St",
        "wikidata": "Q15262080"
      },
      "geometry": {
        "type": "LineString",
        "coordinates": [
          [
            -122.4019881,
            37.7888178
          ],
          [
            -122.4019894,
            37.7887917
          ],
          [
            -122.4019915,
            37.7887367
          ],
          [
            -122.4019903,
            37.7887041
          ],
          [
            -122.4019799,
            37.7886617
          ],
          [
            -122.4019481,
            37.7886269
          ],
          [
            -122.4015241,
            37.7882801
          ],
          [
            -122.401043,
            37.78789
          ]
        ]
      },
      "id": "way/8918656"
    },
    {
      "type": "Feature",
      "properties": {
        "@id": "way/8918949",
        "cycleway:left": "no",
        "cycleway:right": "lane",
        "foot": "no",
        "highway": "secondary",
        "lcn_ref": "2",
        "lit": "yes",
        "name": "North Point Street",
        "sidewalk": "both",
        "surface": "asphalt",
        "tiger:cfcc": "A41",
        "tiger:county": "San Francisco, CA",
        "tiger:name_base": "North Point",
        "tiger:name_type": "St"
      },
      "geometry": {
        "type": "LineString",
        "coordinates": [
          [
            -122.4073681,
            37.8074622
          ],
          [
            -122.4073685,
            37.8074582
          ],
          [
            -122.407392,
            37.8074217
          ]
        ]
      },
      "id": "way/8918949"
    },
    {
      "type": "Feature",
      "properties": {
        "@id": "way/8918994",
        "cycleway": "lane",
        "hgv": "designated",
        "highway": "primary",
        "lcn_ref": "10",
        "maxspeed": "25 mph",
        "name": "Broadway",
        "name_1": "Broadway",
        "sidewalk:both": "separate",
        "source:hgv": "https://sfplanninggis.org/TIM/?search=3591024#searchbox",
        "source:maxspeed": "sign",
        "surface": "asphalt",
        "tiger:cfcc": "A41",
        "tiger:county": "San Francisco, CA",
        "tiger:name_base": "Broadway",
        "tiger:name_base_1": "Broadway",
        "tiger:name_type": "St"
      },
      "geometry": {
        "type": "LineString",
        "coordinates": [
          [
            -122.3975508,
            37.7993155
          ],
          [
            -122.3976635,
            37.7992505
          ],
          [
            -122.3976846,
            37.7992386
          ]
        ]
      },
      "id": "way/8918994"
    },
    {
      "type": "Feature",
      "properties": {
        "@id": "way/8919020",
        "busway:left": "lane",
        "hgv": "designated",
        "highway": "secondary",
        "lanes": "3",
        "lanes:psv": "1",
        "lit": "yes",
        "maxspeed:type": "US:urban",
        "name": "1st Street",
        "oneway": "yes",
        "parking:lane:both": "parallel",
        "sidewalk:both": "separate",
        "source:hgv": "https://sfplanninggis.org/TIM/?search=3591024#searchbox",
        "surface": "asphalt",
        "tiger:cfcc": "A41",
        "tiger:county": "San Francisco, CA",
        "tiger:name_base": "1st",
        "tiger:name_type": "St",
        "trolley_wire": "yes"
      },
      "geometry": {
        "type": "LineString",
        "coordinates": [
          [
            -122.3986575,
            37.7906464
          ],
          [
            -122.3985913,
            37.7905938
          ],
          [
            -122.398456,
            37.7904851
          ],
          [
            -122.3984155,
            37.7904526
          ],
          [
            -122.3981484,
            37.7902388
          ],
          [
            -122.3978286,
            37.7899836
          ]
        ]
      },
      "id": "way/8919020"
    },
    {
      "type": "Feature",
      "properties": {
        "@id": "way/8919166",
        "highway": "secondary_link",
        "name": "Mason Street",
        "name:etymology:wikidata": "Q356889",
        "oneway": "yes",
        "surface": "asphalt",
        "tiger:cfcc": "A45",
        "tiger:county": "San Francisco, CA",
        "tiger:name_base": "Marina",
        "tiger:name_type": "Blvd"
      },
      "geometry": {
        "type": "LineString",
        "coordinates": [
          [
            -122.4483833,
            37.804996
          ],
          [
            -122.4482712,
            37.8049522
          ],
          [
            -122.4482106,
            37.8049326
          ],
          [
            -122.4481587,
            37.8049251
          ],
          [
            -122.4481,
            37.8049242
          ]
        ]
      },
      "id": "way/8919166"
    },
    {
      "type": "Feature",
      "properties": {
        "@id": "way/8919475",
        "bicycle": "yes",
        "hgv": "designated",
        "highway": "primary",
        "lanes": "2",
        "lit": "yes",
        "name": "Van Ness Avenue",
        "name:etymology:wikidata": "Q6144602",
        "old_name": "Marlette Street",
        "oneway": "yes",
        "parking:left": "no",
        "parking:right": "lane",
        "parking:right:orientation": "parallel",
        "placement": "middle_of:1",
        "shoulder": "no",
        "sidewalk:left": "no",
        "sidewalk:right": "separate",
        "source:hgv": "https://sfplanninggis.org/TIM/?search=3591024#searchbox",
        "surface": "asphalt",
        "trolley_wire": "yes"
      },
      "geometry": {
        "type": "LineString",
        "coordinates": [
          [
            -122.4244883,
            37.8013485
          ],
          [
            -122.4245103,
            37.8014557
          ],
          [
            -122.4245567,
            37.8016789
          ]
        ]
      },
      "id": "way/8919475"
    },
    {
      "type": "Feature",
      "properties": {
        "@id": "way/8920235",
        "bicycle": "no",
        "destination": "View Area;Presidio;Golden Gate National Recreation Area",
        "highway": "motorway_link",
        "junction:ref": "439",
        "lanes": "1",
        "lit": "yes",
        "maxspeed": "35 mph",
        "oneway": "yes",
        "tiger:cfcc": "A41",
        "tiger:name_base": "Hwt 101 N Off",
        "tiger:name_type": "Ramp",
        "toll": "no",
        "turn": "right"
      },
      "geometry": {
        "type": "LineString",
        "coordinates": [
          [
            -122.4746347,
            37.80653
          ],
          [
            -122.4746284,
            37.8066197
          ],
          [
            -122.474621,
            37.8066704
          ],
          [
            -122.4746134,
            37.806702
          ],
          [
            -122.4746091,
            37.8067202
          ],
          [
            -122.4746024,
            37.8067392
          ],
          [
            -122.4745941,
            37.8067566
          ],
          [
            -122.4745822,
            37.8067745
          ]
        ]
      },
      "id": "way/8920235"
    },
    {
      "type": "Feature",
      "properties": {
        "@id": "way/8920372",
        "cycleway:both": "lane",
        "cycleway:both:lane": "exclusive",
        "highway": "secondary",
        "lanes": "2",
        "lcn_ref": "95",
        "name": "El Camino del Mar",
        "surface": "asphalt",
        "tiger:cfcc": "A45",
        "tiger:county": "San Francisco, CA",
        "tiger:name_base": "El Camino del Mar",
        "width": "15.25"
      },
      "geometry": {
        "type": "LineString",
        "coordinates": [
          [
            -122.482335,
            37.788669
          ],
          [
            -122.4823661,
            37.7886294
          ],
          [
            -122.4824015,
            37.7885859
          ],
          [
            -122.4824182,
            37.788566
          ],
          [
            -122.4824372,
            37.7885449
          ],
          [
            -122.4824479,
            37.7885327
          ],
          [
            -122.482487,
            37.7884899
          ],
          [
            -122.4825372,
            37.7884363
          ],
          [
            -122.4825883,
            37.7883835
          ],
          [
            -122.4826404,
            37.788334
          ],
          [
            -122.4827041,
            37.7882793
          ],
          [
            -122.4827574,
            37.788237
          ],
          [
            -122.4828149,
            37.7881937
          ],
          [
            -122.482879,
            37.7881487
          ],
          [
            -122.4829419,
            37.7881076
          ],
          [
            -122.4830101,
            37.7880664
          ],
          [
            -122.4830786,
            37.7880269
          ],
          [
            -122.4831477,
            37.7879906
          ],
          [
            -122.4832231,
            37.7879528
          ],
          [
            -122.4832983,
            37.7879178
          ],
          [
            -122.483361,
            37.7878907
          ],
          [
            -122.4834376,
            37.7878599
          ],
          [
            -122.4835094,
            37.7878328
          ],
          [
            -122.4835947,
            37.7878041
          ],
          [
            -122.4836645,
            37.7877829
          ],
          [
            -122.4837417,
            37.7877612
          ],
          [
            -122.4838202,
            37.7877413
          ],
          [
            -122.4839029,
            37.7877225
          ],
          [
            -122.4839807,
            37.7877072
          ],
          [
            -122.4840616,
            37.7876939
          ],
          [
            -122.4841379,
            37.7876827
          ],
          [
            -122.4842353,
            37.7876709
          ],
          [
            -122.4843339,
            37.7876613
          ],
          [
            -122.4844265,
            37.7876556
          ],
          [
            -122.4844976,
            37.7876514
          ],
          [
            -122.4845665,
            37.7876488
          ],
          [
            -122.4847485,
            37.7876414
          ]
        ]
      },
      "id": "way/8920372"
    },
    {
      "type": "Feature",
      "properties": {
        "@id": "way/8921173",
        "hgv": "designated",
        "highway": "primary",
        "lanes": "2",
        "lcn_ref": "210",
        "maxspeed": "35 mph",
        "name": "Broadway",
        "oneway": "yes",
        "sidewalk": "no",
        "source:hgv": "https://sfplanninggis.org/TIM/?search=3591024#searchbox",
        "tiger:cfcc": "A41",
        "tiger:county": "San Francisco, CA",
        "tiger:name_base": "Robert C Levy",
        "tiger:name_type": "Tunl"
      },
      "geometry": {
        "type": "LineString",
        "coordinates": [
          [
            -122.4112725,
            37.7971873
          ],
          [
            -122.4110888,
            37.7972149
          ],
          [
            -122.4109253,
            37.7972457
          ],
          [
            -122.4107051,
            37.7972899
          ]
        ]
      },
      "id": "way/8921173"
    },
    {
      "type": "Feature",
      "properties": {
        "@id": "way/8921175",
        "hgv": "designated",
        "highway": "primary",
        "lanes": "2",
        "layer": "-1",
        "lcn_ref": "210",
        "maxheight": "13'6\"",
        "maxspeed": "40 mph",
        "name": "Broadway",
        "oneway": "yes",
        "source:hgv": "https://sfplanninggis.org/TIM/?search=3591024#searchbox",
        "surface": "paved",
        "tiger:cfcc": "A41",
        "tiger:county": "San Francisco, CA",
        "tiger:name_base": "Robert C Levy",
        "tiger:name_type": "Tunl",
        "tunnel": "yes",
        "tunnel:name": "Robert C Levy Tunnel"
      },
      "geometry": {
        "type": "LineString",
        "coordinates": [
          [
            -122.4112874,
            37.7972653
          ],
          [
            -122.4178525,
            37.7964134
          ]
        ]
      },
      "id": "way/8921175"
    },
    {
      "type": "Feature",
      "properties": {
        "@id": "way/8921938",
        "alt_name": "Willie L. Brown Junior Bridge",
        "bicycle": "no",
        "bridge": "yes",
        "bridge:name": "San Francisco–Oakland Bay Bridge",
        "destination:lanes": "Harrison Street;Embarcadero;Fifth Street|San Jose;Golden Gate Bridge|San Jose;Golden Gate Bridge|San Jose;Golden Gate Bridge;Fremont Street;Folsom Street|Fremont Street;Folsom Street",
        "foot": "no",
        "hazmat:1.1": "no",
        "hazmat:1.2": "no",
        "hazmat:1.3": "no",
        "hazmat:2.1": "no",
        "hazmat:3": "no",
        "hazmat:4": "no",
        "hazmat:5.2": "no",
        "hgv": "designated",
        "highway": "motorway",
        "horse": "no",
        "lanes": "5",
        "layer": "2",
        "lit": "yes",
        "maxheight": "5",
        "maxspeed": "50 mph",
        "name": "Dwight D. Eisenhower Highway",
        "oneway": "yes",
        "ref": "I 80",
        "source:imagery": "Bing",
        "surface": "concrete",
        "tiger:cfcc": "A15",
        "tiger:county": "San Francisco, CA",
        "tiger:name_base": "James Lick;I-80;James Lick",
        "tiger:name_base_1": "I-80:I-80;James Lick;I-80",
        "tiger:name_type": "Fwy",
        "tiger:name_type_1": "Fwy",
        "toll": "no",
        "turn:lanes": "left;through|through|through|through;right|right"
      },
      "geometry": {
        "type": "LineString",
        "coordinates": [
          [
            -122.3672912,
            37.8080783
          ],
          [
            -122.3904007,
            37.7864982
          ],
          [
            -122.3907307,
            37.7862034
          ]
        ]
      },
      "id": "way/8921938"
    },
    {
      "type": "Feature",
      "properties": {
        "@id": "way/8922263",
        "bicycle": "yes",
        "hgv": "designated",
        "highway": "primary",
        "lanes": "2",
        "maxspeed": "30 mph",
        "name": "The Embarcadero",
        "oneway": "yes",
        "oneway:bicycle": "no",
        "sidewalk": "separate",
        "source:hgv": "https://sfplanninggis.org/TIM/?search=3591024#searchbox",
        "surface": "asphalt",
        "tiger:cfcc": "A45",
        "tiger:county": "San Francisco, CA",
        "tiger:name_base": "The Embarcadero"
      },
      "geometry": {
        "type": "LineString",
        "coordinates": [
          [
            -122.390971,
            37.7925459
          ],
          [
            -122.39106,
            37.7926418
          ],
          [
            -122.3912164,
            37.7927773
          ],
          [
            -122.3921913,
            37.7935989
          ]
        ]
      },
      "id": "way/8922263"
    },
    {
      "type": "Feature",
      "properties": {
        "@id": "way/8922271",
        "change:lanes": "no|no",
        "cycleway:right": "lane",
        "foot": "no",
        "hgv": "designated",
        "highway": "primary",
        "lanes": "2",
        "lcn_ref": "5",
        "maxspeed": "30 mph",
        "name": "The Embarcadero",
        "oneway": "yes",
        "overtaking": "no",
        "sidewalk:left": "no",
        "sidewalk:right": "separate",
        "source:hgv": "https://sfplanninggis.org/TIM/?search=3591024#searchbox",
        "surface": "asphalt",
        "tiger:cfcc": "A45",
        "tiger:county": "San Francisco, CA",
        "tiger:name_base": "The Embarcadero",
        "turn:lanes": "through|"
      },
      "geometry": {
        "type": "LineString",
        "coordinates": [
          [
            -122.4020702,
            37.804321
          ],
          [
            -122.4021554,
            37.8043991
          ],
          [
            -122.4022038,
            37.8044391
          ]
        ]
      },
      "id": "way/8922271"
    },
    {
      "type": "Feature",
      "properties": {
        "@id": "way/8922283",
        "cycleway:right": "lane",
        "hgv": "designated",
        "highway": "secondary",
        "lanes": "2",
        "lcn_ref": "5",
        "lit": "yes",
        "maxspeed": "30 mph",
        "name": "The Embarcadero",
        "oneway": "yes",
        "sidewalk": "right",
        "source:hgv": "https://sfplanninggis.org/TIM/?search=3591024#searchbox",
        "source:maxspeed": "sign",
        "surface": "asphalt",
        "tiger:cfcc": "A45",
        "tiger:county": "San Francisco, CA",
        "tiger:name_base": "The Embarcadero"
      },
      "geometry": {
        "type": "LineString",
        "coordinates": [
          [
            -122.4074211,
            37.8073668
          ],
          [
            -122.407126,
            37.8072057
          ]
        ]
      },
      "id": "way/8922283"
    },
    {
      "type": "Feature",
      "properties": {
        "@id": "way/8922429",
        "NHS": "STRAHNET",
        "bicycle": "yes",
        "foot": "yes",
        "hgv": "designated",
        "highway": "trunk",
        "lanes": "3",
        "lit": "yes",
        "maxspeed": "30 mph",
        "name": "Lombard Street",
        "name:etymology:wikidata": "Q15242635",
        "old_ref": "CA 480",
        "oneway": "yes",
        "ref": "US 101",
        "sidewalk:left": "no",
        "sidewalk:right": "separate",
        "source:hgv": "https://sfplanninggis.org/TIM/?search=3591024#searchbox",
        "surface": "asphalt",
        "tiger:cfcc": "A25",
        "tiger:county": "San Francisco, CA",
        "tiger:name_base": "United States Highway 101;Lombard:United States Highway 101",
        "tiger:name_base_1": "Lombard",
        "tiger:name_type": "St",
        "tiger:name_type_1": "St",
        "turn:lanes": "||right"
      },
      "geometry": {
        "type": "LineString",
        "coordinates": [
          [
            -122.4447135,
            37.7987582
          ],
          [
            -122.4446251,
            37.7987457
          ],
          [
            -122.4445591,
            37.7987404
          ],
          [
            -122.4444889,
            37.7987393
          ],
          [
            -122.444433,
            37.7987413
          ],
          [
            -122.4443238,
            37.7987505
          ]
        ]
      },
      "id": "way/8922429"
    },
    {
      "type": "Feature",
      "properties": {
        "@id": "way/8922495",
        "highway": "secondary",
        "lanes": "2",
        "maxspeed": "35 mph",
        "name": "Marina Boulevard",
        "oneway": "yes",
        "sidewalk:left": "no",
        "sidewalk:right": "separate",
        "surface": "asphalt",
        "tiger:county": "San Francisco, CA",
        "tiger:name_base": "Doyle"
      },
      "geometry": {
        "type": "LineString",
        "coordinates": [
          [
            -122.4481,
            37.8049242
          ],
          [
            -122.448139,
            37.804917
          ],
          [
            -122.4481775,
            37.8049052
          ],
          [
            -122.4482053,
            37.8048892
          ],
          [
            -122.4482649,
            37.8048451
          ],
          [
            -122.4483421,
            37.8047723
          ],
          [
            -122.4483822,
            37.8047335
          ]
        ]
      },
      "id": "way/8922495"
    },
    {
      "type": "Feature",
      "properties": {
        "@id": "way/8922640",
        "cycleway": "shared_lane",
        "hgv": "designated",
        "highway": "secondary",
        "lanes": "4",
        "lanes:backward": "2",
        "lanes:forward": "2",
        "lcn_ref": "11",
        "maxspeed": "20 mph",
        "name": "Columbus Avenue",
        "sidewalk:both": "separate",
        "source:hgv": "https://sfplanninggis.org/TIM/?search=3591024#searchbox",
        "surface": "asphalt",
        "tiger:cfcc": "A41",
        "tiger:county": "San Francisco, CA",
        "tiger:name_base": "Columbus",
        "tiger:name_type": "Ave",
        "trolley_wire": "yes"
      },
      "geometry": {
        "type": "LineString",
        "coordinates": [
          [
            -122.4033265,
            37.7955349
          ],
          [
            -122.4034751,
            37.7956605
          ],
          [
            -122.4036185,
            37.7957573
          ]
        ]
      },
      "id": "way/8922640"
    },
    {
      "type": "Feature",
      "properties": {
        "@id": "way/8922918",
        "highway": "secondary_link",
        "name": "Kobbe Avenue",
        "oneway": "yes",
        "sidewalk": "no",
        "tiger:cfcc": "A41",
        "tiger:county": "San Francisco, CA",
        "tiger:name_base": "Kobbe",
        "tiger:name_type": "Ave"
      },
      "geometry": {
        "type": "LineString",
        "coordinates": [
          [
            -122.4789229,
            37.7983086
          ],
          [
            -122.4788868,
            37.798354
          ],
          [
            -122.4788451,
            37.7984029
          ],
          [
            -122.4788089,
            37.7984412
          ],
          [
            -122.4785617,
            37.7986974
          ],
          [
            -122.4785316,
            37.7987311
          ],
          [
            -122.4785086,
            37.7987629
          ],
          [
            -122.4784874,
            37.7987973
          ]
        ]
      },
      "id": "way/8922918"
    },
    {
      "type": "Feature",
      "properties": {
        "@id": "way/23874453",
        "alt_name": "Veterans Boulevard",
        "bicycle": "no",
        "hgv": "designated",
        "hgv:state_network": "yes",
        "highway": "motorway",
        "lanes": "2",
        "layer": "-1",
        "lit": "24/7",
        "maxspeed": "45 mph",
        "name": "General Douglas MacArthur Tunnel",
        "oneway": "yes",
        "ref": "CA 1",
        "short_name": "MacArthur Tunnel",
        "source:hgv:state_network": "Caltrans http://www.dot.ca.gov/hq/traffops/trucks/truckmap/",
        "surface": "asphalt",
        "tiger:cfcc": "A35; A63; A35; A35; A35",
        "tiger:county": "San Francisco, CA",
        "tiger:name_base": "State Highway 1",
        "tunnel": "yes"
      },
      "geometry": {
        "type": "LineString",
        "coordinates": [
          [
            -122.469574,
            37.7925875
          ],
          [
            -122.4695072,
            37.7961589
          ]
        ]
      },
      "id": "way/23874453"
    },
    {
      "type": "Feature",
      "properties": {
        "@id": "way/23876482",
        "NHS": "STRAHNET",
        "bicycle": "yes",
        "foot": "yes",
        "highway": "trunk",
        "lanes": "3",
        "lit": "yes",
        "maxspeed": "30 mph",
        "name": "Lombard Street",
        "name:etymology:wikidata": "Q15242635",
        "old_ref": "CA 480",
        "oneway": "yes",
        "ref": "US 101",
        "sidewalk": "right",
        "surface": "asphalt"
      },
      "geometry": {
        "type": "LineString",
        "coordinates": [
          [
            -122.4244883,
            37.8013485
          ],
          [
            -122.4246095,
            37.8013509
          ],
          [
            -122.4246565,
            37.8013482
          ]
        ]
      },
      "id": "way/23876482"
    },
    {
      "type": "Feature",
      "properties": {
        "@id": "way/24326092",
        "bicycle": "no",
        "destination": "Alexander Avenue",
        "highway": "motorway_link",
        "junction:ref": "442",
        "lane_markings": "no",
        "lanes": "1",
        "lit": "yes",
        "maxspeed": "55 mph",
        "oneway": "yes",
        "surface": "asphalt",
        "tiger:cfcc": "A63",
        "tiger:county": "Marin, CA",
        "toll": "no",
        "turn:lanes": "slight_left;slight_right"
      },
      "geometry": {
        "type": "LineString",
        "coordinates": [
          [
            -122.4848428,
            37.8356835
          ],
          [
            -122.4846558,
            37.8352389
          ],
          [
            -122.4846075,
            37.8351304
          ],
          [
            -122.4845466,
            37.8350091
          ],
          [
            -122.4844815,
            37.8348949
          ],
          [
            -122.4844169,
            37.8347783
          ],
          [
            -122.4843862,
            37.834721
          ],
          [
            -122.4843558,
            37.8346636
          ],
          [
            -122.4843293,
            37.8346107
          ],
          [
            -122.484321,
            37.8345859
          ],
          [
            -122.4843153,
            37.8345607
          ]
        ]
      },
      "id": "way/24326092"
    },
    {
      "type": "Feature",
      "properties": {
        "@id": "way/24326102",
        "cycleway:both": "no",
        "highway": "secondary",
        "lanes": "2",
        "layer": "-1",
        "maxheight": "14'4\"",
        "maxspeed": "35 mph",
        "name": "Alexander Avenue",
        "start_date": "1935",
        "surface": "asphalt",
        "tunnel": "yes"
      },
      "geometry": {
        "type": "LineString",
        "coordinates": [
          [
            -122.4845255,
            37.8357578
          ],
          [
            -122.484573,
            37.8357305
          ],
          [
            -122.4846167,
            37.8357037
          ],
          [
            -122.4846562,
            37.8356775
          ],
          [
            -122.4846931,
            37.8356507
          ],
          [
            -122.4847261,
            37.835625
          ],
          [
            -122.4847565,
            37.8356004
          ],
          [
            -122.4847842,
            37.8355765
          ],
          [
            -122.4848124,
            37.8355499
          ],
          [
            -122.4848361,
            37.8355255
          ],
          [
            -122.484859,
            37.8355005
          ]
        ]
      },
      "id": "way/24326102"
    },
    {
      "type": "Feature",
      "properties": {
        "@id": "way/24326107",
        "NHS": "STRAHNET",
        "bicycle": "no",
        "cycleway:both": "no",
        "destination:lanes": "none|none|none|none;Alexander Avenue",
        "hgv": "designated",
        "hgv:state_network": "yes",
        "highway": "motorway",
        "lanes": "4",
        "lit": "yes",
        "maxspeed": "55 mph",
        "name": "Redwood Highway",
        "oneway": "yes",
        "ref": "US 101;CA 1",
        "source": "Yahoo,TIGER",
        "source:hgv:state_network": "Caltrans http://www.dot.ca.gov/hq/traffops/trucks/truckmap/",
        "surface": "asphalt",
        "toll": "no",
        "turn:lanes": "none|none|none|through;slight_right"
      },
      "geometry": {
        "type": "LineString",
        "coordinates": [
          [
            -122.4859251,
            37.8431913
          ],
          [
            -122.4859045,
            37.8431109
          ],
          [
            -122.4858734,
            37.8429819
          ],
          [
            -122.4858433,
            37.8428537
          ],
          [
            -122.485818,
            37.8427209
          ],
          [
            -122.4858042,
            37.84259
          ],
          [
            -122.4857996,
            37.8424568
          ],
          [
            -122.4858056,
            37.842326
          ],
          [
            -122.4858208,
            37.842195
          ],
          [
            -122.485842,
            37.8420637
          ],
          [
            -122.4858736,
            37.8419338
          ],
          [
            -122.4859134,
            37.8418054
          ],
          [
            -122.4859643,
            37.8416803
          ],
          [
            -122.4860232,
            37.8415551
          ],
          [
            -122.4860891,
            37.8414344
          ],
          [
            -122.486163,
            37.8413157
          ],
          [
            -122.4862436,
            37.8412015
          ],
          [
            -122.4864904,
            37.8408585
          ],
          [
            -122.4865705,
            37.8407453
          ],
          [
            -122.4866487,
            37.8406303
          ],
          [
            -122.4867196,
            37.8405126
          ],
          [
            -122.4867824,
            37.8403919
          ],
          [
            -122.4868362,
            37.8402702
          ],
          [
            -122.4868809,
            37.8401435
          ],
          [
            -122.4869174,
            37.8400157
          ],
          [
            -122.4869456,
            37.8398863
          ],
          [
            -122.4869661,
            37.8397552
          ],
          [
            -122.4869777,
            37.8396273
          ],
          [
            -122.4869815,
            37.8394961
          ],
          [
            -122.4869737,
            37.8393641
          ],
          [
            -122.4869574,
            37.8392336
          ],
          [
            -122.4869338,
            37.8391052
          ],
          [
            -122.4869006,
            37.8389776
          ],
          [
            -122.4868587,
            37.8388511
          ],
          [
            -122.4868077,
            37.838726
          ],
          [
            -122.4867492,
            37.8386026
          ],
          [
            -122.4866793,
            37.8384832
          ],
          [
            -122.4866038,
            37.8383689
          ],
          [
            -122.4857244,
            37.8370974
          ],
          [
            -122.4856469,
            37.836984
          ],
          [
            -122.4855675,
            37.8368674
          ],
          [
            -122.4854906,
            37.8367499
          ],
          [
            -122.4854173,
            37.8366345
          ],
          [
            -122.4853425,
            37.8365166
          ],
          [
            -122.48527,
            37.8363967
          ],
          [
            -122.4851988,
            37.8362799
          ],
          [
            -122.4848428,
            37.8356835
          ]
        ]
      },
      "id": "way/24326107"
    },
    {
      "type": "Feature",
      "properties": {
        "@id": "way/24326110",
        "bicycle": "no",
        "destination": "Santa Rosa;Eureka",
        "destination:ref": "US 101 North",
        "highway": "motorway_link",
        "lanes": "1",
        "lit": "yes",
        "maxspeed": "55 mph",
        "oneway": "yes",
        "surface": "asphalt",
        "toll": "no"
      },
      "geometry": {
        "type": "LineString",
        "coordinates": [
          [
            -122.4839782,
            37.8360403
          ],
          [
            -122.4839259,
            37.8359343
          ],
          [
            -122.483916,
            37.8359112
          ],
          [
            -122.4839091,
            37.8358863
          ],
          [
            -122.4839068,
            37.8358654
          ],
          [
            -122.4839082,
            37.8358448
          ],
          [
            -122.4839133,
            37.8358238
          ],
          [
            -122.4839215,
            37.8358006
          ],
          [
            -122.4839308,
            37.8357799
          ],
          [
            -122.4839425,
            37.8357585
          ],
          [
            -122.4839621,
            37.8357267
          ],
          [
            -122.4839968,
            37.8356704
          ],
          [
            -122.4840333,
            37.8356133
          ],
          [
            -122.484069,
            37.8355583
          ],
          [
            -122.484095,
            37.8355192
          ],
          [
            -122.4841185,
            37.8354856
          ],
          [
            -122.48414,
            37.8354572
          ],
          [
            -122.4841599,
            37.8354377
          ],
          [
            -122.4841835,
            37.8354215
          ],
          [
            -122.4842064,
            37.835412
          ],
          [
            -122.4842286,
            37.8354057
          ],
          [
            -122.4842514,
            37.8354028
          ],
          [
            -122.4842735,
            37.8354031
          ],
          [
            -122.4842944,
            37.8354059
          ],
          [
            -122.4843167,
            37.8354126
          ],
          [
            -122.484338,
            37.835423
          ],
          [
            -122.4843593,
            37.8354367
          ],
          [
            -122.484379,
            37.835451
          ],
          [
            -122.4844004,
            37.8354649
          ],
          [
            -122.4845976,
            37.835603
          ]
        ]
      },
      "id": "way/24326110"
    },
    {
      "type": "Feature",
      "properties": {
        "@id": "way/24326129",
        "bicycle": "no",
        "destination": "Alexander Avenue",
        "highway": "motorway_link",
        "lanes": "1",
        "maxspeed": "55 mph",
        "oneway": "yes",
        "surface": "asphalt",
        "tiger:cfcc": "A41",
        "tiger:county": "Marin, CA",
        "tiger:name_base": "Sausalito-Lateral",
        "toll": "no"
      },
      "geometry": {
        "type": "LineString",
        "coordinates": [
          [
            -122.483883,
            37.8356521
          ],
          [
            -122.4838392,
            37.8357415
          ],
          [
            -122.4838063,
            37.8358007
          ],
          [
            -122.4837781,
            37.835848
          ],
          [
            -122.483745,
            37.8358977
          ],
          [
            -122.4837099,
            37.8359459
          ],
          [
            -122.4835009,
            37.8362331
          ],
          [
            -122.4834545,
            37.8363019
          ],
          [
            -122.4833432,
            37.8364862
          ]
        ]
      },
      "id": "way/24326129"
    },
    {
      "type": "Feature",
      "properties": {
        "@id": "way/24335489",
        "cycleway:right": "lane",
        "hgv": "designated",
        "highway": "primary",
        "lanes": "3",
        "lcn_ref": "5",
        "lit": "yes",
        "maxspeed": "30 mph",
        "name": "The Embarcadero",
        "oneway": "yes",
        "parking:lane:right": "parallel",
        "sidewalk:left": "no",
        "sidewalk:right": "separate",
        "source:hgv": "https://sfplanninggis.org/TIM/?search=3591024#searchbox",
        "surface": "asphalt",
        "tiger:cfcc": "A45",
        "tiger:county": "San Francisco, CA",
        "tiger:name_base": "The Embarcadero"
      },
      "geometry": {
        "type": "LineString",
        "coordinates": [
          [
            -122.3976907,
            37.7990697
          ],
          [
            -122.3966105,
            37.7978779
          ],
          [
            -122.3962915,
            37.7975067
          ]
        ]
      },
      "id": "way/24335489"
    },
    {
      "type": "Feature",
      "properties": {
        "@id": "way/24335490",
        "cycleway:right": "lane",
        "hgv": "designated",
        "highway": "primary",
        "lanes": "2",
        "lcn_ref": "5",
        "maxspeed": "30 mph",
        "name": "The Embarcadero",
        "oneway": "yes",
        "parking:lane:right": "parallel",
        "sidewalk": "right",
        "source:hgv": "https://sfplanninggis.org/TIM/?search=3591024#searchbox",
        "surface": "asphalt",
        "tiger:cfcc": "A45",
        "tiger:county": "San Francisco, CA",
        "tiger:name_base": "The Embarcadero"
      },
      "geometry": {
        "type": "LineString",
        "coordinates": [
          [
            -122.3912179,
            37.7923424
          ],
          [
            -122.3911715,
            37.7922332
          ],
          [
            -122.3910998,
            37.7920383
          ],
          [
            -122.3909984,
            37.7917748
          ],
          [
            -122.3908861,
            37.7915323
          ],
          [
            -122.390785,
            37.7913711
          ],
          [
            -122.3907058,
            37.7912666
          ],
          [
            -122.3906117,
            37.791153
          ]
        ]
      },
      "id": "way/24335490"
    },
    {
      "type": "Feature",
      "properties": {
        "@id": "way/26765956",
        "NHS": "STRAHNET",
        "alt_name": "Doyle Drive",
        "bicycle": "no",
        "hgv": "designated",
        "highway": "motorway",
        "lanes": "4",
        "lit": "yes",
        "maxspeed": "35 mph",
        "name": "Presidio Parkway",
        "oneway": "yes",
        "ref": "US 101;CA 1",
        "source:hgv": "https://sfplanninggis.org/TIM/?search=3591024#searchbox",
        "surface": "asphalt",
        "tiger:cfcc": "A25",
        "tiger:name_base": "Richardson",
        "tiger:name_type": "Ave",
        "toll": "no"
      },
      "geometry": {
        "type": "LineString",
        "coordinates": [
          [
            -122.4736824,
            37.8056358
          ],
          [
            -122.4738266,
            37.8057685
          ],
          [
            -122.4739353,
            37.805868
          ],
          [
            -122.4740385,
            37.8059637
          ],
          [
            -122.474162,
            37.8060769
          ],
          [
            -122.4743233,
            37.8062227
          ]
        ]
      },
      "id": "way/26765956"
    },
    {
      "type": "Feature",
      "properties": {
        "@id": "way/26765971",
        "NHS": "STRAHNET",
        "alt_name": "Doyle Drive",
        "bicycle": "no",
        "hgv": "designated",
        "highway": "motorway",
        "lanes": "1",
        "lit": "yes",
        "maxspeed": "25 mph",
        "name": "Presidio Parkway",
        "old_ref": "CA 480",
        "oneway": "yes",
        "ref": "US 101;CA 1",
        "source:hgv": "https://sfplanninggis.org/TIM/?search=3591024#searchbox",
        "surface": "asphalt",
        "tiger:cfcc": "A25",
        "tiger:name_base": "Richardson",
        "tiger:name_type": "Ave",
        "toll": "yes",
        "trailer:lanes": "no|no|no|no|no|no|no|designated"
      },
      "geometry": {
        "type": "LineString",
        "coordinates": [
          [
            -122.4753292,
            37.8068754
          ],
          [
            -122.4751768,
            37.806755
          ],
          [
            -122.4749595,
            37.8065527
          ],
          [
            -122.4748483,
            37.806449
          ],
          [
            -122.4747984,
            37.8064003
          ],
          [
            -122.4747644,
            37.8063606
          ],
          [
            -122.4747347,
            37.8063224
          ]
        ]
      },
      "id": "way/26765971"
    },
    {
      "type": "Feature",
      "properties": {
        "@id": "way/26769717",
        "destination:name": "The Embarcadero",
        "foot": "no",
        "highway": "primary_link",
        "lanes": "1",
        "oneway": "yes",
        "sidewalk": "no",
        "surface": "asphalt"
      },
      "geometry": {
        "type": "LineString",
        "coordinates": [
          [
            -122.3933637,
            37.7943857
          ],
          [
            -122.3932764,
            37.7943441
          ],
          [
            -122.3932628,
            37.7943403
          ],
          [
            -122.3932432,
            37.7943364
          ],
          [
            -122.3932099,
            37.7943377
          ],
          [
            -122.3931921,
            37.7943424
          ],
          [
            -122.393168,
            37.7943505
          ],
          [
            -122.3931488,
            37.7943628
          ],
          [
            -122.393109,
            37.7943958
          ],
          [
            -122.39309,
            37.7944139
          ]
        ]
      },
      "id": "way/26769717"
    },
    {
      "type": "Feature",
      "properties": {
        "@id": "way/26769842",
        "destination:name": "The Embarcadero",
        "foot": "no",
        "highway": "primary_link",
        "lanes": "1",
        "oneway": "yes",
        "sidewalk": "left",
        "surface": "asphalt"
      },
      "geometry": {
        "type": "LineString",
        "coordinates": [
          [
            -122.3946417,
            37.7960323
          ],
          [
            -122.3946944,
            37.796033
          ],
          [
            -122.394751,
            37.7960319
          ],
          [
            -122.3947813,
            37.7960275
          ],
          [
            -122.3948018,
            37.7960197
          ],
          [
            -122.3948216,
            37.7960058
          ],
          [
            -122.3948446,
            37.7959778
          ],
          [
            -122.3948481,
            37.7959432
          ],
          [
            -122.3948332,
            37.7958754
          ],
          [
            -122.3947722,
            37.7957122
          ],
          [
            -122.39474,
            37.7956094
          ]
        ]
      },
      "id": "way/26769842"
    },
    {
      "type": "Feature",
      "properties": {
        "@id": "way/26938247",
        "cycleway:right": "no",
        "hgv": "designated",
        "highway": "primary",
        "lanes": "2",
        "lcn_ref": "10",
        "lit": "yes",
        "maxspeed": "35 mph",
        "name": "Broadway",
        "oneway": "yes",
        "shoulder": "no",
        "sidewalk": "right",
        "source:hgv": "https://sfplanninggis.org/TIM/?search=3591024#searchbox",
        "surface": "asphalt",
        "tiger:cfcc": "A41",
        "tiger:county": "San Francisco, CA",
        "tiger:name_base": "Broadway",
        "tiger:name_base_1": "Broadway",
        "tiger:name_type": "St"
      },
      "geometry": {
        "type": "LineString",
        "coordinates": [
          [
            -122.410275,
            37.7974095
          ],
          [
            -122.4104066,
            37.7974522
          ],
          [
            -122.4107613,
            37.7973724
          ]
        ]
      },
      "id": "way/26938247"
    },
    {
      "type": "Feature",
      "properties": {
        "@id": "way/26938250",
        "hgv": "designated",
        "highway": "primary",
        "lanes": "2",
        "layer": "-1",
        "lcn_ref": "210",
        "maxheight": "13'6\"",
        "maxspeed": "40 mph",
        "name": "Broadway",
        "oneway": "yes",
        "source:hgv": "https://sfplanninggis.org/TIM/?search=3591024#searchbox",
        "tiger:cfcc": "A41",
        "tiger:county": "San Francisco, CA",
        "tiger:name_base": "Robert C Levy",
        "tiger:name_type": "Tunl",
        "tunnel": "yes",
        "tunnel:name": "Robert C Levy Tunnel"
      },
      "geometry": {
        "type": "LineString",
        "coordinates": [
          [
            -122.417844,
            37.796332
          ],
          [
            -122.4112725,
            37.7971873
          ]
        ]
      },
      "id": "way/26938250"
    },
    {
      "type": "Feature",
      "properties": {
        "@id": "way/26938354",
        "cycleway:right": "shared_lane",
        "hgv": "designated",
        "highway": "primary",
        "lanes": "2",
        "lcn_ref": "210",
        "lit": "yes",
        "name": "Broadway",
        "oneway": "yes",
        "sidewalk:left": "no",
        "sidewalk:right": "separate",
        "source:hgv": "https://sfplanninggis.org/TIM/?search=3591024#searchbox",
        "surface": "asphalt",
        "tiger:cfcc": "A41",
        "tiger:county": "San Francisco, CA",
        "tiger:name_base": "Robert C Levy;Broadway",
        "tiger:name_base_1": "Broadway",
        "tiger:name_type": "Tunl;St"
      },
      "geometry": {
        "type": "LineString",
        "coordinates": [
          [
            -122.4216773,
            37.795928
          ],
          [
            -122.420982,
            37.79601
          ],
          [
            -122.4203043,
            37.79605
          ]
        ]
      },
      "id": "way/26938354"
    },
    {
      "type": "Feature",
      "properties": {
        "@id": "way/26938401",
        "cutting": "yes",
        "hgv": "designated",
        "highway": "primary",
        "lanes": "2",
        "lcn_ref": "210",
        "maxspeed": "40 mph",
        "name": "Broadway",
        "name_1": "Broadway",
        "oneway": "yes",
        "source:hgv": "https://sfplanninggis.org/TIM/?search=3591024#searchbox",
        "tiger:cfcc": "A41;A45",
        "tiger:county": "San Francisco, CA",
        "tiger:name_base": "Robert C Levy;Broadway",
        "tiger:name_base_1": "Broadway",
        "tiger:name_type": "Tunl;St"
      },
      "geometry": {
        "type": "LineString",
        "coordinates": [
          [
            -122.4178525,
            37.7964134
          ],
          [
            -122.4195122,
            37.796212
          ]
        ]
      },
      "id": "way/26938401"
    },
    {
      "type": "Feature",
      "properties": {
        "@id": "way/26938706",
        "hgv": "designated",
        "highway": "secondary",
        "lanes": "2",
        "name": "Laguna Street",
        "oneway": "yes",
        "sidewalk": "right",
        "source:hgv": "https://sfplanninggis.org/TIM/?search=3591024#searchbox",
        "turn:lanes": "left|left;through"
      },
      "geometry": {
        "type": "LineString",
        "coordinates": [
          [
            -122.4317257,
            37.8035017
          ],
          [
            -122.4317446,
            37.8033988
          ],
          [
            -122.4317116,
            37.8032701
          ]
        ]
      },
      "id": "way/26938706"
    },
    {
      "type": "Feature",
      "properties": {
        "@id": "way/26965356",
        "bicycle": "no",
        "destination:ref": "US 101 North;CA 1 North",
        "highway": "motorway_link",
        "lanes": "1",
        "lit": "yes",
        "maxspeed": "35 mph",
        "oneway": "yes",
        "sidewalk": "separate",
        "tiger:cfcc": "A41",
        "turn": "right"
      },
      "geometry": {
        "type": "LineString",
        "coordinates": [
          [
            -122.4741623,
            37.8073076
          ],
          [
            -122.4741549,
            37.8072575
          ],
          [
            -122.4741566,
            37.8072117
          ],
          [
            -122.4741644,
            37.8071727
          ],
          [
            -122.474175,
            37.8071408
          ],
          [
            -122.4741949,
            37.8071025
          ],
          [
            -122.4742156,
            37.8070717
          ],
          [
            -122.474243,
            37.8070473
          ],
          [
            -122.4742704,
            37.8070289
          ],
          [
            -122.4743306,
            37.8069934
          ]
        ]
      },
      "id": "way/26965356"
    },
    {
      "type": "Feature",
      "properties": {
        "@id": "way/26965387",
        "fixme": "lcn_ref=295?",
        "highway": "secondary",
        "lanes": "1",
        "noname": "yes",
        "oneway": "yes",
        "sidewalk:left": "no",
        "sidewalk:right": "separate",
        "surface": "asphalt"
      },
      "geometry": {
        "type": "LineString",
        "coordinates": [
          [
            -122.473934,
            37.8072538
          ],
          [
            -122.473964,
            37.8072791
          ],
          [
            -122.4740598,
            37.8073654
          ],
          [
            -122.4742226,
            37.8075128
          ],
          [
            -122.4742917,
            37.8075711
          ],
          [
            -122.4743543,
            37.8076167
          ],
          [
            -122.4744104,
            37.8076459
          ],
          [
            -122.4744634,
            37.8076722
          ],
          [
            -122.4745292,
            37.8076908
          ],
          [
            -122.4746023,
            37.8077035
          ],
          [
            -122.4746894,
            37.807699
          ],
          [
            -122.4747499,
            37.8076774
          ],
          [
            -122.4748008,
            37.8076451
          ]
        ]
      },
      "id": "way/26965387"
    },
    {
      "type": "Feature",
      "properties": {
        "@id": "way/26965424",
        "bicycle": "no",
        "destination": "Presidio;Golden Gate National Recreation Area",
        "highway": "motorway_link",
        "lanes": "1",
        "lit": "yes",
        "maxspeed": "35 mph",
        "oneway": "yes",
        "placement": "left_of:1",
        "toll": "no",
        "turn": "right"
      },
      "geometry": {
        "type": "LineString",
        "coordinates": [
          [
            -122.474211,
            37.8069999
          ],
          [
            -122.474161,
            37.8070127
          ],
          [
            -122.4741091,
            37.8070224
          ],
          [
            -122.4740619,
            37.8070287
          ],
          [
            -122.4740096,
            37.8070334
          ],
          [
            -122.4739635,
            37.8070326
          ],
          [
            -122.4739191,
            37.8070248
          ],
          [
            -122.4738692,
            37.8070086
          ],
          [
            -122.473818,
            37.8069859
          ],
          [
            -122.4737616,
            37.8069543
          ]
        ]
      },
      "id": "way/26965424"
    },
    {
      "type": "Feature",
      "properties": {
        "@id": "way/26965499",
        "fixme": "lcn_ref=295?",
        "highway": "secondary",
        "lanes": "1",
        "noname": "yes",
        "oneway": "yes",
        "sidewalk:both": "no",
        "surface": "asphalt"
      },
      "geometry": {
        "type": "LineString",
        "coordinates": [
          [
            -122.4747984,
            37.8075961
          ],
          [
            -122.4747645,
            37.8076186
          ],
          [
            -122.4747182,
            37.8076235
          ],
          [
            -122.4746224,
            37.8076235
          ],
          [
            -122.4745635,
            37.8076177
          ],
          [
            -122.4744983,
            37.8076018
          ],
          [
            -122.4744455,
            37.8075729
          ],
          [
            -122.4744019,
            37.8075397
          ],
          [
            -122.4741623,
            37.8073076
          ]
        ]
      },
      "id": "way/26965499"
    },
    {
      "type": "Feature",
      "properties": {
        "@id": "way/26966548",
        "bicycle": "no",
        "destination": "Alexander Avenue",
        "highway": "motorway_link",
        "lanes": "1",
        "lit": "yes",
        "maxspeed": "55 mph",
        "oneway": "yes",
        "surface": "asphalt",
        "toll": "no"
      },
      "geometry": {
        "type": "LineString",
        "coordinates": [
          [
            -122.4843153,
            37.8345607
          ],
          [
            -122.4843188,
            37.8345406
          ],
          [
            -122.484325,
            37.8345239
          ],
          [
            -122.4843352,
            37.8345075
          ],
          [
            -122.4843493,
            37.8344907
          ],
          [
            -122.4843662,
            37.8344743
          ],
          [
            -122.4843867,
            37.8344584
          ],
          [
            -122.4844078,
            37.8344446
          ],
          [
            -122.4844287,
            37.8344338
          ],
          [
            -122.4844508,
            37.8344249
          ],
          [
            -122.4844724,
            37.8344179
          ],
          [
            -122.484496,
            37.8344121
          ],
          [
            -122.4845191,
            37.8344091
          ],
          [
            -122.4845406,
            37.8344085
          ],
          [
            -122.4845632,
            37.8344093
          ],
          [
            -122.4845879,
            37.8344118
          ],
          [
            -122.4846147,
            37.8344164
          ],
          [
            -122.4846397,
            37.8344241
          ]
        ]
      },
      "id": "way/26966548"
    },
    {
      "type": "Feature",
      "properties": {
        "@id": "way/26968352",
        "bicycle": "no",
        "destination": "San Francisco",
        "destination:ref": "US 101 South;CA 1 South",
        "highway": "motorway_link",
        "lanes": "1",
        "lit": "yes",
        "maxspeed": "55 mph",
        "oneway": "yes",
        "surface": "asphalt",
        "toll": "yes"
      },
      "geometry": {
        "type": "LineString",
        "coordinates": [
          [
            -122.4836334,
            37.8337847
          ],
          [
            -122.4835977,
            37.8337491
          ],
          [
            -122.4835601,
            37.8337179
          ],
          [
            -122.4835221,
            37.8336902
          ],
          [
            -122.4834066,
            37.8336191
          ],
          [
            -122.4833525,
            37.8335871
          ],
          [
            -122.4832924,
            37.8335526
          ],
          [
            -122.4832171,
            37.8335093
          ],
          [
            -122.4831488,
            37.8334711
          ],
          [
            -122.4830804,
            37.8334336
          ],
          [
            -122.4830077,
            37.8333955
          ],
          [
            -122.4828642,
            37.8333208
          ],
          [
            -122.4827078,
            37.8332412
          ],
          [
            -122.4825652,
            37.8331695
          ],
          [
            -122.4824205,
            37.8330972
          ],
          [
            -122.4822674,
            37.8330223
          ],
          [
            -122.482119,
            37.8329533
          ],
          [
            -122.4819599,
            37.8328806
          ],
          [
            -122.4818048,
            37.8328081
          ],
          [
            -122.4816564,
            37.8327347
          ],
          [
            -122.4815101,
            37.8326583
          ],
          [
            -122.4813604,
            37.832576
          ],
          [
            -122.4812749,
            37.8325291
          ],
          [
            -122.4812026,
            37.8324848
          ],
          [
            -122.481009,
            37.8324326
          ]
        ]
      },
      "id": "way/26968352"
    },
    {
      "type": "Feature",
      "properties": {
        "@id": "way/26968355",
        "NHS": "STRAHNET",
        "bicycle": "no",
        "hgv": "designated",
        "hgv:state_network": "yes",
        "highway": "motorway",
        "lanes": "3",
        "lanes:conditional": "4 @ (Tu-Fr 15:30-17:00)",
        "lit": "yes",
        "maxspeed": "55 mph",
        "name": "Redwood Highway",
        "oneway": "yes",
        "ref": "US 101;CA 1",
        "source": "Yahoo,TIGER",
        "source:hgv:state_network": "Caltrans http://www.dot.ca.gov/hq/traffops/trucks/truckmap/",
        "surface": "asphalt"
      },
      "geometry": {
        "type": "LineString",
        "coordinates": [
          [
            -122.4809568,
            37.8325302
          ],
          [
            -122.481075,
            37.8326174
          ],
          [
            -122.4812014,
            37.8327019
          ],
          [
            -122.481332,
            37.8327815
          ],
          [
            -122.4814672,
            37.832857
          ],
          [
            -122.4816008,
            37.832929
          ],
          [
            -122.4820068,
            37.8331432
          ],
          [
            -122.482419,
            37.8333567
          ]
        ]
      },
      "id": "way/26968355"
    },
    {
      "type": "Feature",
      "properties": {
        "@id": "way/26968357",
        "NHS": "STRAHNET",
        "bicycle": "no",
        "hgv": "designated",
        "highway": "motorway",
        "lanes": "1",
        "lit": "yes",
        "maxspeed": "35 mph",
        "name": "Presidio Parkway",
        "oneway": "yes",
        "ref": "US 101;CA 1",
        "source:hgv": "https://sfplanninggis.org/TIM/?search=3591024#searchbox",
        "tiger:cfcc": "A25",
        "tiger:name_base": "Richardson",
        "tiger:name_type": "Ave",
        "toll": "yes"
      },
      "geometry": {
        "type": "LineString",
        "coordinates": [
          [
            -122.4765748,
            37.8080612
          ],
          [
            -122.4764347,
            37.8079191
          ],
          [
            -122.4762678,
            37.8077546
          ]
        ]
      },
      "id": "way/26968357"
    },
    {
      "type": "Feature",
      "properties": {
        "@id": "way/26968360",
        "NHS": "STRAHNET",
        "bicycle": "no",
        "hgv": "designated",
        "highway": "motorway",
        "lanes": "3",
        "lanes:conditional": "4 @ (Tu-Fr 15:30-17:00)",
        "lit": "yes",
        "maxspeed": "35 mph",
        "name": "Presidio Parkway",
        "oneway": "yes",
        "ref": "US 101;CA 1",
        "sidewalk": "separate",
        "source:hgv": "https://sfplanninggis.org/TIM/?search=3591024#searchbox",
        "tiger:name_base": "Richardson",
        "tiger:name_type": "Ave",
        "toll": "no"
      },
      "geometry": {
        "type": "LineString",
        "coordinates": [
          [
            -122.476025,
            37.8078054
          ],
          [
            -122.4760814,
            37.8078421
          ],
          [
            -122.4761582,
            37.8078923
          ],
          [
            -122.4762196,
            37.8079307
          ],
          [
            -122.4763429,
            37.808021
          ],
          [
            -122.476387,
            37.8080556
          ],
          [
            -122.4764329,
            37.8080934
          ],
          [
            -122.4764734,
            37.8081298
          ]
        ]
      },
      "id": "way/26968360"
    },
    {
      "type": "Feature",
      "properties": {
        "@id": "way/27031219",
        "dual_carriageway": "no",
        "fixme": "lcn_ref=295?",
        "highway": "secondary",
        "lanes": "1",
        "maxspeed": "15 mph",
        "noname": "yes",
        "oneway": "yes",
        "sidewalk:left": "no",
        "sidewalk:right": "separate",
        "surface": "asphalt"
      },
      "geometry": {
        "type": "LineString",
        "coordinates": [
          [
            -122.4750209,
            37.807486
          ],
          [
            -122.4749292,
            37.8075146
          ],
          [
            -122.4749024,
            37.8075305
          ],
          [
            -122.4748435,
            37.8075663
          ]
        ]
      },
      "id": "way/27031219"
    },
    {
      "type": "Feature",
      "properties": {
        "@id": "way/27040657",
        "hgv": "designated",
        "highway": "secondary",
        "lanes": "4",
        "lcn_ref": "2",
        "lit": "yes",
        "name": "Laguna Street",
        "parking:both": "no",
        "sidewalk:both": "separate",
        "source:hgv": "https://sfplanninggis.org/TIM/?search=3591024#searchbox",
        "surface": "asphalt",
        "tiger:cfcc": "A41",
        "tiger:county": "San Francisco, CA",
        "tiger:name_base": "Laguna",
        "tiger:name_type": "St",
        "tiger:reviewed": "no"
      },
      "geometry": {
        "type": "LineString",
        "coordinates": [
          [
            -122.4320435,
            37.8050714
          ],
          [
            -122.432057,
            37.8051309
          ],
          [
            -122.4320695,
            37.8051597
          ],
          [
            -122.4320887,
            37.8051835
          ]
        ]
      },
      "id": "way/27040657"
    },
    {
      "type": "Feature",
      "properties": {
        "@id": "way/27041250",
        "cycleway": "shared_lane",
        "hgv": "designated",
        "highway": "secondary",
        "lanes": "5",
        "lanes:backward": "2",
        "lanes:forward": "3",
        "maxspeed": "25 mph",
        "maxweight:hgv": "3 st",
        "name": "Bay Street",
        "parking:lane:left": "parallel",
        "parking:lane:left:parallel": "on_street",
        "parking:lane:right": "no",
        "sidewalk": "both",
        "source:hgv": "https://sfplanninggis.org/TIM/?search=3591024#searchbox",
        "surface": "asphalt",
        "tiger:cfcc": "A41",
        "tiger:county": "San Francisco, CA",
        "tiger:name_base": "Bay",
        "tiger:name_type": "St",
        "turn:lanes:forward": "left;through|right|right"
      },
      "geometry": {
        "type": "LineString",
        "coordinates": [
          [
            -122.4300655,
            37.8035283
          ],
          [
            -122.4301597,
            37.8035164
          ],
          [
            -122.4313352,
            37.8033692
          ],
          [
            -122.4314574,
            37.803349
          ]
        ]
      },
      "id": "way/27041250"
    },
    {
      "type": "Feature",
      "properties": {
        "@id": "way/27050852",
        "hgv": "designated",
        "highway": "primary",
        "lanes": "5",
        "lanes:backward": "3",
        "lanes:forward": "2",
        "lit": "yes",
        "name": "Broadway",
        "sidewalk:both": "separate",
        "smoothness": "excellent",
        "source:hgv": "https://sfplanninggis.org/TIM/?search=3591024#searchbox",
        "surface": "asphalt",
        "tiger:cfcc": "A41",
        "tiger:county": "San Francisco, CA",
        "tiger:name_base": "Robert C Levy;Broadway",
        "tiger:name_base_1": "Broadway",
        "tiger:name_type": "Tunl;St"
      },
      "geometry": {
        "type": "LineString",
        "coordinates": [
          [
            -122.4233157,
            37.7957601
          ],
          [
            -122.4232507,
            37.7957678
          ],
          [
            -122.4226909,
            37.7958391
          ],
          [
            -122.4222068,
            37.7959007
          ],
          [
            -122.421894,
            37.7959406
          ],
          [
            -122.4217864,
            37.7959543
          ]
        ]
      },
      "id": "way/27050852"
    },
    {
      "type": "Feature",
      "properties": {
        "@id": "way/27054205",
        "cycleway:left": "shared_lane",
        "hgv": "designated",
        "highway": "secondary",
        "lanes": "4",
        "lcn_ref": "11",
        "name": "Montgomery Street",
        "name:etymology:wikidata": "Q6220059",
        "oneway": "yes",
        "sidewalk:both": "separate",
        "source:hgv": "https://sfplanninggis.org/TIM/?search=3591024#searchbox",
        "surface": "asphalt",
        "tiger:cfcc": "A41",
        "tiger:county": "San Francisco, CA",
        "tiger:name_base": "Montgomery",
        "tiger:name_type": "St",
        "trolley_wire": "yes",
        "turn:lanes": "left|through||",
        "wikidata": "Q3322721"
      },
      "geometry": {
        "type": "LineString",
        "coordinates": [
          [
            -122.4033265,
            37.7955349
          ],
          [
            -122.403309,
            37.7954531
          ],
          [
            -122.4032339,
            37.7950645
          ]
        ]
      },
      "id": "way/27054205"
    },
    {
      "type": "Feature",
      "properties": {
        "@id": "way/27054213",
        "cycleway:left": "track",
        "cycleway:left:oneway": "no",
        "cycleway:right": "no",
        "highway": "secondary",
        "lanes": "3",
        "lcn_ref": "11",
        "maxspeed": "25 mph",
        "name": "Battery Street",
        "oneway": "yes",
        "oneway:bicycle": "no",
        "parking:lane:both": "parallel",
        "sidewalk:both": "separate",
        "surface": "asphalt",
        "tiger:cfcc": "A41",
        "tiger:county": "San Francisco, CA",
        "tiger:name_base": "Battery",
        "tiger:name_type": "St"
      },
      "geometry": {
        "type": "LineString",
        "coordinates": [
          [
            -122.4001635,
            37.794144
          ],
          [
            -122.4001523,
            37.7940884
          ],
          [
            -122.4000735,
            37.7936968
          ],
          [
            -122.3999967,
            37.7933146
          ],
          [
            -122.3999806,
            37.7932343
          ],
          [
            -122.3999769,
            37.7932159
          ]
        ]
      },
      "id": "way/27054213"
    },
    {
      "type": "Feature",
      "properties": {
        "@id": "way/27166444",
        "cycleway:right": "no",
        "highway": "secondary",
        "lanes": "3",
        "lit": "yes",
        "name": "Jones Street",
        "oneway": "yes",
        "sidewalk:both": "separate",
        "surface": "asphalt",
        "tiger:cfcc": "A41",
        "tiger:county": "San Francisco, CA",
        "tiger:name_base": "Jones",
        "tiger:name_type": "St"
      },
      "geometry": {
        "type": "LineString",
        "coordinates": [
          [
            -122.4139302,
            37.7904657
          ],
          [
            -122.4139144,
            37.7903904
          ],
          [
            -122.4137593,
            37.7896159
          ],
          [
            -122.4137429,
            37.7895358
          ]
        ]
      },
      "id": "way/27166444"
    },
    {
      "type": "Feature",
      "properties": {
        "@id": "way/27398071",
        "cycleway:both": "no",
        "hgv": "designated",
        "highway": "secondary",
        "lanes": "3",
        "maxspeed": "25 mph",
        "name": "Gough Street",
        "name:pronunciation": "ˈɡɔːf ˈstɹiːt",
        "oneway": "yes",
        "parking:lane:both": "parallel",
        "sidewalk": "both",
        "source:hgv": "https://sfplanninggis.org/TIM/?search=3591024#searchbox",
        "surface": "asphalt",
        "tiger:cfcc": "A41",
        "tiger:county": "San Francisco, CA",
        "tiger:name_base": "Gough",
        "tiger:name_type": "St"
      },
      "geometry": {
        "type": "LineString",
        "coordinates": [
          [
            -122.4254412,
            37.7890027
          ],
          [
            -122.4254256,
            37.7889256
          ],
          [
            -122.4253466,
            37.788534
          ],
          [
            -122.4252707,
            37.7881578
          ],
          [
            -122.4252531,
            37.7880705
          ]
        ]
      },
      "id": "way/27398071"
    },
    {
      "type": "Feature",
      "properties": {
        "@id": "way/28274274",
        "cycleway:both": "no",
        "highway": "secondary",
        "lanes": "2",
        "maxspeed": "35 mph",
        "name": "Alexander Avenue",
        "surface": "asphalt",
        "tiger:county": "Marin, CA",
        "tiger:name_base": "Sausalito-Lateral"
      },
      "geometry": {
        "type": "LineString",
        "coordinates": [
          [
            -122.4839782,
            37.8360403
          ],
          [
            -122.4840752,
            37.8359901
          ],
          [
            -122.4842539,
            37.8358999
          ],
          [
            -122.4844111,
            37.8358184
          ],
          [
            -122.4845255,
            37.8357578
          ]
        ]
      },
      "id": "way/28274274"
    },
    {
      "type": "Feature",
      "properties": {
        "@id": "way/28412293",
        "NHS": "STRAHNET",
        "alt_name": "Doyle Drive",
        "bicycle": "no",
        "bridge": "yes",
        "hgv": "designated",
        "highway": "motorway",
        "lanes": "4",
        "layer": "1",
        "lit": "yes",
        "maxspeed": "25 mph",
        "name": "Presidio Parkway",
        "old_ref": "CA 480",
        "oneway": "yes",
        "ref": "US 101;CA 1",
        "source:hgv": "https://sfplanninggis.org/TIM/?search=3591024#searchbox",
        "surface": "asphalt",
        "tiger:cfcc": "A25",
        "tiger:name_base": "Richardson",
        "tiger:name_type": "Ave",
        "toll": "no"
      },
      "geometry": {
        "type": "LineString",
        "coordinates": [
          [
            -122.4747347,
            37.8063224
          ],
          [
            -122.4746598,
            37.806252
          ],
          [
            -122.4746153,
            37.80621
          ],
          [
            -122.4745041,
            37.806104
          ]
        ]
      },
      "id": "way/28412293"
    },
    {
      "type": "Feature",
      "properties": {
        "@id": "way/28412298",
        "NHS": "STRAHNET",
        "alt_name": "Doyle Drive",
        "bicycle": "no",
        "bridge": "yes",
        "destination:lanes": "|||San Francisco Presidio;Golden Gate National Recreation Area;Fort Point",
        "hgv": "designated",
        "highway": "motorway",
        "lanes": "4",
        "layer": "1",
        "lit": "yes",
        "maxspeed": "35 mph",
        "name": "Presidio Parkway",
        "oneway": "yes",
        "ref": "US 101;CA 1",
        "source:hgv": "https://sfplanninggis.org/TIM/?search=3591024#searchbox",
        "surface": "asphalt",
        "tiger:cfcc": "A25",
        "tiger:name_base": "Richardson",
        "tiger:name_type": "Ave",
        "toll": "no",
        "turn:lanes": "|||through;right"
      },
      "geometry": {
        "type": "LineString",
        "coordinates": [
          [
            -122.4743233,
            37.8062227
          ],
          [
            -122.4743929,
            37.8062876
          ],
          [
            -122.4744651,
            37.8063553
          ],
          [
            -122.4745077,
            37.8063966
          ],
          [
            -122.474552,
            37.8064411
          ]
        ]
      },
      "id": "way/28412298"
    },
    {
      "type": "Feature",
      "properties": {
        "@id": "way/28412306",
        "bicycle": "no",
        "bridge": "yes",
        "hgv": "designated",
        "hgv:state_network": "yes",
        "highway": "motorway",
        "lanes": "2",
        "layer": "1",
        "lit": "yes",
        "maxspeed": "45 mph",
        "name": "Veterans Boulevard",
        "oneway": "yes",
        "ref": "CA 1",
        "source:hgv:state_network": "Caltrans http://www.dot.ca.gov/hq/traffops/trucks/truckmap/",
        "surface": "asphalt",
        "tiger:cfcc": "A35",
        "tiger:county": "San Francisco, CA",
        "tiger:name_base": "State Highway 1"
      },
      "geometry": {
        "type": "LineString",
        "coordinates": [
          [
            -122.4703045,
            37.7903918
          ],
          [
            -122.4702484,
            37.7904705
          ],
          [
            -122.4701705,
            37.7905844
          ],
          [
            -122.4700972,
            37.7906996
          ],
          [
            -122.4700385,
            37.7907984
          ]
        ]
      },
      "id": "way/28412306"
    },
    {
      "type": "Feature",
      "properties": {
        "@id": "way/28412412",
        "NHS": "STRAHNET",
        "alt_name": "Doyle Drive",
        "bicycle": "no",
        "destination:lanes": "Marina Boulevard|Marina Boulevard|Marina Boulevard;19th Avenue;Golden Gate Park|19th Avenue;Golden Gate Park",
        "hgv": "designated",
        "highway": "motorway",
        "lanes": "4",
        "lit": "yes",
        "maxspeed": "45 mph",
        "name": "Presidio Parkway",
        "old_ref": "CA 480",
        "oneway": "yes",
        "ref": "US 101;CA 1",
        "source:hgv": "https://sfplanninggis.org/TIM/?search=3591024#searchbox",
        "surface": "asphalt",
        "tiger:cfcc": "A63;A35",
        "tiger:name_base": "Richardson",
        "tiger:name_type": "Ave",
        "toll": "no",
        "turn:lanes": "||through;slight_right|slight_right"
      },
      "geometry": {
        "type": "LineString",
        "coordinates": [
          [
            -122.472491,
            37.8044003
          ],
          [
            -122.472363,
            37.8043131
          ]
        ]
      },
      "id": "way/28412412"
    },
    {
      "type": "Feature",
      "properties": {
        "@id": "way/28412609",
        "destination": "Marina Boulevard",
        "highway": "secondary_link",
        "oneway": "yes",
        "surface": "asphalt",
        "tiger:cfcc": "A45",
        "tiger:county": "San Francisco, CA",
        "tiger:name_base": "Marina",
        "tiger:name_type": "Blvd"
      },
      "geometry": {
        "type": "LineString",
        "coordinates": [
          [
            -122.4483833,
            37.804996
          ],
          [
            -122.4483698,
            37.8048785
          ],
          [
            -122.4483705,
            37.8048537
          ],
          [
            -122.4483658,
            37.8048055
          ],
          [
            -122.4483705,
            37.8047686
          ],
          [
            -122.4483822,
            37.8047335
          ]
        ]
      },
      "id": "way/28412609"
    },
    {
      "type": "Feature",
      "properties": {
        "@id": "way/28518678",
        "cycleway:right": "track",
        "foot": "no",
        "hgv": "designated",
        "highway": "secondary",
        "lanes": "2",
        "lcn_ref": "5",
        "lit": "yes",
        "maxspeed": "30 mph",
        "name": "The Embarcadero",
        "oneway": "yes",
        "sidewalk": "separate",
        "source:hgv": "https://sfplanninggis.org/TIM/?search=3591024#searchbox",
        "source:maxspeed": "sign",
        "surface": "asphalt",
        "tiger:cfcc": "A45",
        "tiger:county": "San Francisco, CA",
        "tiger:name_base": "The Embarcadero"
      },
      "geometry": {
        "type": "LineString",
        "coordinates": [
          [
            -122.4059224,
            37.8068309
          ],
          [
            -122.4059883,
            37.8068592
          ],
          [
            -122.4061253,
            37.8069169
          ],
          [
            -122.4066864,
            37.8071921
          ]
        ]
      },
      "id": "way/28518678"
    },
    {
      "type": "Feature",
      "properties": {
        "@id": "way/28841123",
        "cycleway:right": "shared_lane",
        "cycleway:right:lane": "pictogram",
        "highway": "secondary",
        "lanes": "3",
        "lcn_ref": "16",
        "maxspeed": "20 mph",
        "name": "Post Street",
        "oneway": "yes",
        "sidewalk:both": "separate",
        "surface": "asphalt",
        "tiger:cfcc": "A41",
        "tiger:county": "San Francisco, CA",
        "tiger:name_type": "St",
        "trolley_wire": "yes"
      },
      "geometry": {
        "type": "LineString",
        "coordinates": [
          [
            -122.4052473,
            37.7887033
          ],
          [
            -122.4051315,
            37.7887173
          ],
          [
            -122.4043741,
            37.7888137
          ],
          [
            -122.4041233,
            37.7888454
          ]
        ]
      },
      "id": "way/28841123"
    },
    {
      "type": "Feature",
      "properties": {
        "@id": "way/29328570",
        "destination": "The Embarcadero",
        "highway": "primary_link",
        "lanes": "1",
        "oneway": "yes",
        "sidewalk": "left",
        "surface": "asphalt"
      },
      "geometry": {
        "type": "LineString",
        "coordinates": [
          [
            -122.3933637,
            37.7943857
          ],
          [
            -122.3933017,
            37.7943743
          ],
          [
            -122.3932785,
            37.7943736
          ],
          [
            -122.3932581,
            37.794377
          ],
          [
            -122.3932488,
            37.7943801
          ],
          [
            -122.3932409,
            37.7943834
          ],
          [
            -122.3932173,
            37.7943957
          ],
          [
            -122.3932025,
            37.7944087
          ],
          [
            -122.3931854,
            37.7944354
          ],
          [
            -122.3931779,
            37.7944663
          ],
          [
            -122.3932011,
            37.7945194
          ]
        ]
      },
      "id": "way/29328570"
    },
    {
      "type": "Feature",
      "properties": {
        "@id": "way/30029708",
        "hgv": "designated",
        "highway": "secondary",
        "lcn_ref": "11",
        "maxspeed": "20 mph",
        "name": "Columbus Avenue",
        "sidewalk:both": "separate",
        "source:hgv": "https://sfplanninggis.org/TIM/?search=3591024#searchbox",
        "surface": "asphalt",
        "tiger:cfcc": "A41",
        "tiger:county": "San Francisco, CA",
        "tiger:name_base": "Columbus",
        "tiger:name_type": "Ave",
        "trolley_wire": "yes"
      },
      "geometry": {
        "type": "LineString",
        "coordinates": [
          [
            -122.412908,
            37.802184
          ],
          [
            -122.4129294,
            37.8021987
          ],
          [
            -122.4135378,
            37.802623
          ],
          [
            -122.4136298,
            37.8026876
          ],
          [
            -122.4137205,
            37.8027514
          ]
        ]
      },
      "id": "way/30029708"
    },
    {
      "type": "Feature",
      "properties": {
        "@id": "way/30029866",
        "cycleway:right": "shared_lane",
        "hgv": "designated",
        "highway": "secondary",
        "lanes": "2",
        "lcn_ref": "11",
        "maxspeed": "20 mph",
        "name": "Columbus Avenue",
        "oneway": "yes",
        "source:hgv": "https://sfplanninggis.org/TIM/?search=3591024#searchbox",
        "surface": "asphalt",
        "tiger:cfcc": "A41",
        "tiger:county": "San Francisco, CA",
        "tiger:name_base": "Columbus",
        "tiger:name_type": "Ave",
        "trolley_wire": "yes"
      },
      "geometry": {
        "type": "LineString",
        "coordinates": [
          [
            -122.41488,
            37.8035415
          ],
          [
            -122.4150745,
            37.803725
          ],
          [
            -122.4152899,
            37.8038763
          ],
          [
            -122.4159081,
            37.804312
          ],
          [
            -122.4159839,
            37.8043654
          ],
          [
            -122.4160956,
            37.8044424
          ]
        ]
      },
      "id": "way/30029866"
    },
    {
      "type": "Feature",
      "properties": {
        "@id": "way/30029867",
        "cycleway:right": "shared_lane",
        "hgv": "designated",
        "highway": "secondary",
        "lanes": "2",
        "lcn_ref": "11",
        "maxspeed": "20 mph",
        "name": "Columbus Avenue",
        "oneway": "yes",
        "source:hgv": "https://sfplanninggis.org/TIM/?search=3591024#searchbox",
        "surface": "asphalt",
        "tiger:cfcc": "A41",
        "tiger:county": "San Francisco, CA",
        "tiger:name_base": "Columbus",
        "tiger:name_type": "Ave",
        "trolley_wire": "yes"
      },
      "geometry": {
        "type": "LineString",
        "coordinates": [
          [
            -122.4172795,
            37.8051714
          ],
          [
            -122.4171824,
            37.8051005
          ],
          [
            -122.4170042,
            37.804971
          ]
        ]
      },
      "id": "way/30029867"
    },
    {
      "type": "Feature",
      "properties": {
        "@id": "way/30030100",
        "cycleway:left": "no",
        "cycleway:right": "shared_lane",
        "cycleway:right:lane": "pictogram",
        "foot": "yes",
        "hgv": "designated",
        "highway": "secondary",
        "lanes": "2",
        "lcn_ref": "11",
        "maxspeed": "20 mph",
        "name": "Columbus Avenue",
        "oneway": "yes",
        "sidewalk": "right",
        "source:hgv": "https://sfplanninggis.org/TIM/?search=3591024#searchbox",
        "surface": "asphalt",
        "tiger:cfcc": "A41",
        "tiger:county": "San Francisco, CA",
        "tiger:name_base": "Columbus",
        "tiger:name_type": "Ave",
        "trolley_wire": "yes"
      },
      "geometry": {
        "type": "LineString",
        "coordinates": [
          [
            -122.412908,
            37.802184
          ],
          [
            -122.412725,
            37.8020051
          ],
          [
            -122.4126034,
            37.8019181
          ],
          [
            -122.4124468,
            37.801812
          ],
          [
            -122.4116555,
            37.8012572
          ],
          [
            -122.4115696,
            37.8011968
          ],
          [
            -122.4114577,
            37.8011182
          ]
        ]
      },
      "id": "way/30030100"
    },
    {
      "type": "Feature",
      "properties": {
        "@id": "way/30030101",
        "cycleway:right": "shared_lane",
        "hgv": "designated",
        "highway": "secondary",
        "lanes": "2",
        "lcn_ref": "11",
        "maxspeed": "20 mph",
        "name": "Columbus Avenue",
        "oneway": "yes",
        "sidewalk:left": "no",
        "sidewalk:right": "separate",
        "source:hgv": "https://sfplanninggis.org/TIM/?search=3591024#searchbox",
        "surface": "asphalt",
        "tiger:cfcc": "A41",
        "tiger:county": "San Francisco, CA",
        "tiger:name_base": "Columbus",
        "tiger:name_type": "Ave",
        "trolley_wire": "yes"
      },
      "geometry": {
        "type": "LineString",
        "coordinates": [
          [
            -122.4061835,
            37.797516
          ],
          [
            -122.4061984,
            37.7975492
          ],
          [
            -122.4062217,
            37.7975786
          ],
          [
            -122.4065322,
            37.797807
          ],
          [
            -122.4066341,
            37.7978752
          ]
        ]
      },
      "id": "way/30030101"
    },
    {
      "type": "Feature",
      "properties": {
        "@id": "way/30257195",
        "cycleway:left": "lane",
        "cycleway:right": "shared_lane",
        "highway": "secondary",
        "lanes": "2",
        "lcn_ref": "95",
        "maxspeed": "30 mph",
        "name": "Lincoln Boulevard",
        "name:etymology:wikidata": "Q91",
        "surface": "asphalt",
        "tiger:cfcc": "A41",
        "tiger:county": "San Francisco, CA",
        "tiger:name_base": "Lincoln",
        "tiger:name_type": "Blvd"
      },
      "geometry": {
        "type": "LineString",
        "coordinates": [
          [
            -122.4807149,
            37.7934059
          ],
          [
            -122.4807646,
            37.7933237
          ],
          [
            -122.4807999,
            37.7932606
          ],
          [
            -122.4808285,
            37.7932018
          ],
          [
            -122.4808529,
            37.7931477
          ],
          [
            -122.4808763,
            37.7930865
          ],
          [
            -122.4808948,
            37.7930299
          ],
          [
            -122.4809123,
            37.7929675
          ],
          [
            -122.480927,
            37.7929026
          ],
          [
            -122.4809393,
            37.792838
          ],
          [
            -122.4809495,
            37.7927733
          ],
          [
            -122.4809765,
            37.7925757
          ],
          [
            -122.4809876,
            37.7924895
          ],
          [
            -122.4810012,
            37.7924062
          ],
          [
            -122.4810064,
            37.7923782
          ],
          [
            -122.4810115,
            37.7923518
          ]
        ]
      },
      "id": "way/30257195"
    },
    {
      "type": "Feature",
      "properties": {
        "@id": "way/31779991",
        "destination": "Richardson Avenue",
        "highway": "trunk_link",
        "lanes": "1",
        "lit": "yes",
        "maxspeed": "25 mph",
        "name:etymology:wikidata": "Q131929",
        "oneway": "yes",
        "sidewalk:left": "no",
        "sidewalk:right": "separate",
        "surface": "asphalt",
        "tiger:cfcc": "A41",
        "tiger:county": "San Francisco, CA",
        "tiger:name_base": "Baker",
        "tiger:name_type": "St",
        "turn": "right"
      },
      "geometry": {
        "type": "LineString",
        "coordinates": [
          [
            -122.4461358,
            37.7993046
          ],
          [
            -122.4461203,
            37.7993399
          ],
          [
            -122.4461062,
            37.7993739
          ],
          [
            -122.4460814,
            37.7994032
          ],
          [
            -122.4460518,
            37.7994247
          ],
          [
            -122.4460206,
            37.7994372
          ],
          [
            -122.4459759,
            37.7994509
          ],
          [
            -122.4459333,
            37.7994562
          ],
          [
            -122.4458839,
            37.799453
          ]
        ]
      },
      "id": "way/31779991"
    },
    {
      "type": "Feature",
      "properties": {
        "@id": "way/32930554",
        "cycleway:right": "track",
        "foot": "no",
        "hgv": "designated",
        "highway": "primary",
        "lanes": "2",
        "lcn_ref": "5",
        "lit": "yes",
        "maxspeed": "30 mph",
        "name": "The Embarcadero",
        "oneway": "yes",
        "oneway:bicycle": "no",
        "sidewalk": "separate",
        "source:hgv": "https://sfplanninggis.org/TIM/?search=3591024#searchbox",
        "surface": "asphalt",
        "tiger:cfcc": "A45",
        "tiger:county": "San Francisco, CA",
        "tiger:name_base": "The Embarcadero"
      },
      "geometry": {
        "type": "LineString",
        "coordinates": [
          [
            -122.3953356,
            37.7967682
          ],
          [
            -122.39546,
            37.7969317
          ],
          [
            -122.3955615,
            37.7970401
          ]
        ]
      },
      "id": "way/32930554"
    },
    {
      "type": "Feature",
      "properties": {
        "@id": "way/33764603",
        "bicycle": "no",
        "hgv": "designated",
        "hgv:state_network": "yes",
        "highway": "motorway",
        "lanes": "2",
        "lit": "yes",
        "maxspeed": "45 mph",
        "name": "Veterans Boulevard",
        "oneway": "yes",
        "ref": "CA 1",
        "source:hgv:state_network": "Caltrans http://www.dot.ca.gov/hq/traffops/trucks/truckmap/",
        "surface": "asphalt",
        "tiger:cfcc": "A35; A63; A35; A35; A35",
        "tiger:county": "San Francisco, CA",
        "tiger:name_base": "State Highway 1"
      },
      "geometry": {
        "type": "LineString",
        "coordinates": [
          [
            -122.4700385,
            37.7907984
          ],
          [
            -122.4700278,
            37.7908174
          ],
          [
            -122.4699626,
            37.7909372
          ],
          [
            -122.4699037,
            37.7910568
          ],
          [
            -122.4698493,
            37.7911796
          ],
          [
            -122.4697994,
            37.7913027
          ],
          [
            -122.4697549,
            37.7914281
          ],
          [
            -122.4697142,
            37.7915551
          ],
          [
            -122.4696798,
            37.7916811
          ],
          [
            -122.469649,
            37.7918092
          ],
          [
            -122.4696238,
            37.791937
          ],
          [
            -122.4696043,
            37.7920656
          ],
          [
            -122.4695905,
            37.7921953
          ],
          [
            -122.4695808,
            37.7923234
          ],
          [
            -122.4695768,
            37.7924536
          ],
          [
            -122.469574,
            37.7925875
          ]
        ]
      },
      "id": "way/33764603"
    },
    {
      "type": "Feature",
      "properties": {
        "@id": "way/43250797",
        "cycleway:both": "no",
        "hgv": "designated",
        "highway": "secondary",
        "lanes": "4",
        "lanes:backward": "2",
        "lanes:forward": "2",
        "name": "Laguna Street",
        "parking:both": "no",
        "sidewalk": "left",
        "source:hgv": "https://sfplanninggis.org/TIM/?search=3591024#searchbox",
        "surface": "asphalt",
        "tiger:cfcc": "A41",
        "tiger:county": "San Francisco, CA",
        "tiger:name_base": "Laguna",
        "tiger:name_type": "St",
        "turn:lanes:backward": "left|left;through"
      },
      "geometry": {
        "type": "LineString",
        "coordinates": [
          [
            -122.4317257,
            37.8035017
          ],
          [
            -122.4317887,
            37.8038185
          ]
        ]
      },
      "id": "way/43250797"
    },
    {
      "type": "Feature",
      "properties": {
        "@id": "way/43250798",
        "destination": "Laguna Street",
        "highway": "secondary_link",
        "lanes": "2",
        "oneway": "yes",
        "sidewalk": "no",
        "surface": "asphalt",
        "turn:lanes": "right|right"
      },
      "geometry": {
        "type": "LineString",
        "coordinates": [
          [
            -122.4314574,
            37.803349
          ],
          [
            -122.4315264,
            37.8033655
          ],
          [
            -122.4315761,
            37.8033875
          ],
          [
            -122.4316131,
            37.8034106
          ],
          [
            -122.431646,
            37.8034403
          ]
        ]
      },
      "id": "way/43250798"
    },
    {
      "type": "Feature",
      "properties": {
        "@id": "way/47172745",
        "cycleway:right": "track",
        "hgv": "designated",
        "highway": "secondary",
        "lanes": "3",
        "lcn_ref": "30",
        "lit": "yes",
        "maxspeed": "25 mph",
        "name": "Howard Street",
        "name:etymology:wikidata": "Q16066217",
        "oneway": "yes",
        "parking:left:restriction:conditional": "no_stopping @ (Mo-Fr 06:00-10:00); no_parking @ (Tu,Th 00:01-06:00)",
        "parking:left:restriction:reason": "hitchhiker_unloading_zone @ (Mo-Fr 06:00-10:00);street_cleaning @ (Tu,Th 00:01-06:00)",
        "sidewalk": "separate",
        "source:hgv": "https://sfplanninggis.org/TIM/?search=3591024#searchbox",
        "surface": "asphalt",
        "tiger:cfcc": "A41",
        "tiger:county": "San Francisco, CA",
        "tiger:name_base": "Howard",
        "tiger:name_type": "St",
        "trolley_wire": "yes",
        "turn:lanes": "left;through|through|"
      },
      "geometry": {
        "type": "LineString",
        "coordinates": [
          [
            -122.3951505,
            37.7892294
          ],
          [
            -122.3952552,
            37.7891475
          ],
          [
            -122.3953759,
            37.789053
          ],
          [
            -122.3957053,
            37.7887952
          ]
        ]
      },
      "id": "way/47172745"
    },
    {
      "type": "Feature",
      "properties": {
        "@id": "way/48037442",
        "bicycle": "no",
        "destination": "Alexander Avenue",
        "highway": "motorway_link",
        "lanes": "1",
        "lit": "yes",
        "maxspeed": "55 mph",
        "oneway": "yes",
        "surface": "asphalt",
        "toll": "no"
      },
      "geometry": {
        "type": "LineString",
        "coordinates": [
          [
            -122.4839506,
            37.8348852
          ],
          [
            -122.4839664,
            37.8349298
          ],
          [
            -122.4839817,
            37.8349811
          ],
          [
            -122.4839935,
            37.8350345
          ],
          [
            -122.484002,
            37.8350868
          ],
          [
            -122.4840084,
            37.835142
          ],
          [
            -122.4840102,
            37.8351975
          ],
          [
            -122.4840078,
            37.835253
          ],
          [
            -122.4840005,
            37.8353088
          ],
          [
            -122.4839919,
            37.8353557
          ],
          [
            -122.4839809,
            37.8354034
          ],
          [
            -122.4839699,
            37.8354455
          ],
          [
            -122.4839578,
            37.8354816
          ]
        ]
      },
      "id": "way/48037442"
    },
    {
      "type": "Feature",
      "properties": {
        "@id": "way/48037443",
        "bicycle": "no",
        "destination": "Vista Point",
        "highway": "motorway_link",
        "junction:ref": "441",
        "lanes": "1",
        "maxspeed": "55 mph",
        "oneway": "yes",
        "surface": "asphalt",
        "tiger:cfcc": "A41",
        "tiger:county": "Marin, CA"
      },
      "geometry": {
        "type": "LineString",
        "coordinates": [
          [
            -122.4809568,
            37.8325302
          ],
          [
            -122.4811245,
            37.832708
          ],
          [
            -122.4811742,
            37.832759
          ],
          [
            -122.4812273,
            37.8328088
          ],
          [
            -122.4813948,
            37.8329477
          ],
          [
            -122.4814184,
            37.8329678
          ],
          [
            -122.4814441,
            37.8329932
          ],
          [
            -122.4814612,
            37.8330119
          ],
          [
            -122.4814733,
            37.833031
          ],
          [
            -122.4814832,
            37.8330516
          ],
          [
            -122.4814897,
            37.8330738
          ],
          [
            -122.4814924,
            37.8330958
          ],
          [
            -122.4814906,
            37.8331189
          ],
          [
            -122.481485,
            37.833138
          ],
          [
            -122.4814748,
            37.8331591
          ],
          [
            -122.4814586,
            37.8331793
          ],
          [
            -122.4814397,
            37.8331967
          ],
          [
            -122.4814126,
            37.8332139
          ],
          [
            -122.4813832,
            37.8332259
          ],
          [
            -122.4813503,
            37.8332331
          ],
          [
            -122.4813143,
            37.8332365
          ],
          [
            -122.4812769,
            37.8332328
          ],
          [
            -122.4812451,
            37.8332255
          ],
          [
            -122.4812125,
            37.8332149
          ],
          [
            -122.4811786,
            37.8332016
          ],
          [
            -122.4811452,
            37.8331866
          ],
          [
            -122.4811156,
            37.8331717
          ],
          [
            -122.481087,
            37.8331561
          ],
          [
            -122.4810556,
            37.8331376
          ],
          [
            -122.4810061,
            37.8331034
          ]
        ]
      },
      "id": "way/48037443"
    },
    {
      "type": "Feature",
      "properties": {
        "@id": "way/48211230",
        "cycleway:left": "track",
        "cycleway:left:oneway": "no",
        "highway": "secondary",
        "lanes": "3",
        "name": "Battery Street",
        "oneway": "yes",
        "oneway:bicycle": "no",
        "parking:lane:left": "parallel",
        "sidewalk:both": "separate",
        "surface": "asphalt",
        "tiger:cfcc": "A41",
        "tiger:county": "San Francisco, CA",
        "tiger:name_base": "Battery",
        "tiger:name_type": "St"
      },
      "geometry": {
        "type": "LineString",
        "coordinates": [
          [
            -122.4007293,
            37.7969173
          ],
          [
            -122.4007159,
            37.7968484
          ],
          [
            -122.4007017,
            37.7967813
          ]
        ]
      },
      "id": "way/48211230"
    },
    {
      "type": "Feature",
      "properties": {
        "@id": "way/48211487",
        "cycleway": "shared_lane",
        "hgv": "designated",
        "highway": "secondary",
        "lanes": "4",
        "lcn_ref": "11",
        "lit": "yes",
        "maxspeed": "20 mph",
        "name": "Columbus Avenue",
        "sidewalk:both": "separate",
        "source:hgv": "https://sfplanninggis.org/TIM/?search=3591024#searchbox",
        "surface": "asphalt",
        "tiger:cfcc": "A41",
        "tiger:county": "San Francisco, CA",
        "tiger:name_base": "Columbus",
        "tiger:name_type": "Ave",
        "trolley_wire": "yes"
      },
      "geometry": {
        "type": "LineString",
        "coordinates": [
          [
            -122.4078885,
            37.7986957
          ],
          [
            -122.4079863,
            37.7987697
          ],
          [
            -122.4086387,
            37.7992174
          ],
          [
            -122.4087343,
            37.7992839
          ],
          [
            -122.40881,
            37.7993374
          ],
          [
            -122.4090014,
            37.7994866
          ]
        ]
      },
      "id": "way/48211487"
    },
    {
      "type": "Feature",
      "properties": {
        "@id": "way/48211960",
        "cycleway:right": "shared_lane",
        "hgv": "designated",
        "highway": "secondary",
        "lanes": "3",
        "lcn_ref": "11",
        "maxspeed": "20 mph",
        "name": "Columbus Avenue",
        "oneway": "yes",
        "sidewalk:left": "no",
        "sidewalk:right": "separate",
        "source:hgv": "https://sfplanninggis.org/TIM/?search=3591024#searchbox",
        "surface": "asphalt",
        "tiger:cfcc": "A41",
        "tiger:county": "San Francisco, CA",
        "tiger:name_base": "Columbus",
        "tiger:name_type": "Ave",
        "trolley_wire": "yes",
        "turn:lanes": "||right"
      },
      "geometry": {
        "type": "LineString",
        "coordinates": [
          [
            -122.4070746,
            37.7981326
          ],
          [
            -122.407033,
            37.7980765
          ],
          [
            -122.407003,
            37.7980463
          ],
          [
            -122.4068935,
            37.7979642
          ],
          [
            -122.4067424,
            37.7978613
          ]
        ]
      },
      "id": "way/48211960"
    },
    {
      "type": "Feature",
      "properties": {
        "@id": "way/49922864",
        "NHS": "STRAHNET",
        "alt_name": "Doyle Drive",
        "bicycle": "no",
        "destination:street": "Marina Boulevard",
        "hgv": "designated",
        "highway": "motorway",
        "lanes": "3",
        "lit": "yes",
        "maxspeed": "45 mph",
        "name": "Presidio Parkway",
        "old_ref": "CA 480",
        "oneway": "yes",
        "ref": "US 101",
        "source:hgv": "https://sfplanninggis.org/TIM/?search=3591024#searchbox",
        "surface": "concrete:plates",
        "tiger:cfcc": "A25",
        "tiger:name_base": "Richardson",
        "tiger:name_type": "Ave",
        "toll": "no"
      },
      "geometry": {
        "type": "LineString",
        "coordinates": [
          [
            -122.472363,
            37.8043131
          ],
          [
            -122.4716929,
            37.8039157
          ],
          [
            -122.4716242,
            37.8038748
          ],
          [
            -122.4715525,
            37.8038336
          ],
          [
            -122.4714838,
            37.8037945
          ],
          [
            -122.4714151,
            37.8037561
          ],
          [
            -122.4713463,
            37.8037194
          ],
          [
            -122.4712713,
            37.8036807
          ],
          [
            -122.4711992,
            37.8036456
          ],
          [
            -122.471126,
            37.8036113
          ],
          [
            -122.4710523,
            37.8035776
          ],
          [
            -122.4709816,
            37.8035459
          ],
          [
            -122.470917,
            37.8035168
          ],
          [
            -122.4708435,
            37.8034839
          ],
          [
            -122.4707751,
            37.8034545
          ],
          [
            -122.4706828,
            37.8034143
          ],
          [
            -122.4705838,
            37.8033726
          ],
          [
            -122.4704851,
            37.8033317
          ],
          [
            -122.4703766,
            37.803288
          ],
          [
            -122.4702502,
            37.8032382
          ],
          [
            -122.4701163,
            37.8031869
          ],
          [
            -122.4699744,
            37.8031345
          ],
          [
            -122.4698476,
            37.8030892
          ],
          [
            -122.469721,
            37.8030455
          ]
        ]
      },
      "id": "way/49922864"
    },
    {
      "type": "Feature",
      "properties": {
        "@id": "way/58523643",
        "hgv": "designated",
        "highway": "secondary",
        "lanes": "4",
        "lcn_ref": "2",
        "maxspeed": "25 mph",
        "maxweight:hgv": "3 st",
        "name": "Marina Boulevard",
        "sidewalk:left": "no",
        "sidewalk:right": "separate",
        "source:hgv": "https://sfplanninggis.org/TIM/?search=3591024#searchbox",
        "surface": "asphalt",
        "tiger:cfcc": "A45",
        "tiger:county": "San Francisco, CA",
        "tiger:name_base": "Marina",
        "tiger:name_type": "Blvd"
      },
      "geometry": {
        "type": "LineString",
        "coordinates": [
          [
            -122.4481,
            37.8049242
          ],
          [
            -122.4480224,
            37.8049745
          ],
          [
            -122.4479513,
            37.8050154
          ],
          [
            -122.4478797,
            37.8050501
          ],
          [
            -122.4478011,
            37.8050813
          ],
          [
            -122.4477264,
            37.8051026
          ],
          [
            -122.447648,
            37.8051204
          ]
        ]
      },
      "id": "way/58523643"
    },
    {
      "type": "Feature",
      "properties": {
        "@id": "way/59763232",
        "bicycle": "no",
        "bridge": "yes",
        "destination": "Golden Gate Bridge",
        "destination:ref": "US 101 North",
        "hgv": "designated",
        "hgv:state_network": "yes",
        "highway": "motorway",
        "lanes": "2",
        "layer": "1",
        "maxspeed": "35 mph",
        "name": "Veterans Boulevard",
        "oneway": "yes",
        "ref": "CA 1",
        "source:hgv:state_network": "Caltrans http://www.dot.ca.gov/hq/traffops/trucks/truckmap/",
        "surface": "asphalt",
        "tiger:cfcc": "A35;A63;A35;A35;A35",
        "tiger:county": "San Francisco, CA",
        "tiger:name_base": "State Highway 1"
      },
      "geometry": {
        "type": "LineString",
        "coordinates": [
          [
            -122.469438,
            37.8001197
          ],
          [
            -122.469436,
            37.8003082
          ],
          [
            -122.4694163,
            37.8012486
          ]
        ]
      },
      "id": "way/59763232"
    },
    {
      "type": "Feature",
      "properties": {
        "@id": "way/59763339",
        "bicycle": "no",
        "hgv": "designated",
        "hgv:state_network": "yes",
        "highway": "motorway",
        "lanes": "2",
        "lit": "yes",
        "maxspeed": "45 mph",
        "name": "Veterans Boulevard",
        "oneway": "yes",
        "ref": "CA 1",
        "source:hgv:state_network": "Caltrans http://www.dot.ca.gov/hq/traffops/trucks/truckmap/",
        "surface": "asphalt",
        "tiger:cfcc": "A35; A63; A35; A35; A35",
        "tiger:county": "San Francisco, CA",
        "tiger:name_base": "State Highway 1"
      },
      "geometry": {
        "type": "LineString",
        "coordinates": [
          [
            -122.4695072,
            37.7961589
          ],
          [
            -122.4694879,
            37.79731
          ]
        ]
      },
      "id": "way/59763339"
    },
    {
      "type": "Feature",
      "properties": {
        "@id": "way/59763350",
        "bicycle": "no",
        "destination:lanes": "Golden Gate Bridge|Golden Gate Bridge;Marina Boulevard",
        "hgv": "designated",
        "hgv:state_network": "yes",
        "highway": "motorway",
        "lanes": "2",
        "lit": "yes",
        "maxspeed": "35 mph",
        "name": "Veterans Boulevard",
        "oneway": "yes",
        "ref": "CA 1",
        "source:hgv:state_network": "Caltrans http://www.dot.ca.gov/hq/traffops/trucks/truckmap/",
        "surface": "concrete",
        "tiger:cfcc": "A35;A63;A35;A35;A35",
        "tiger:county": "San Francisco, CA",
        "tiger:name_base": "State Highway 1",
        "turn:lanes": "|through;slight_right"
      },
      "geometry": {
        "type": "LineString",
        "coordinates": [
          [
            -122.4694517,
            37.7992513
          ],
          [
            -122.4694392,
            37.8000281
          ],
          [
            -122.469438,
            37.8001197
          ]
        ]
      },
      "id": "way/59763350"
    },
    {
      "type": "Feature",
      "properties": {
        "@id": "way/59763351",
        "bicycle": "no",
        "hgv": "designated",
        "hgv:state_network": "yes",
        "highway": "motorway",
        "lanes": "2",
        "maxspeed": "35 mph",
        "maxspeed:advisory": "25 mph",
        "name": "Veterans Boulevard",
        "oneway": "yes",
        "ref": "CA 1",
        "source:hgv:state_network": "Caltrans http://www.dot.ca.gov/hq/traffops/trucks/truckmap/",
        "surface": "asphalt",
        "tiger:cfcc": "A35;A63;A35;A35;A35",
        "tiger:name_base": "State Highway 1"
      },
      "geometry": {
        "type": "LineString",
        "coordinates": [
          [
            -122.4693848,
            37.8028562
          ],
          [
            -122.4693856,
            37.8028984
          ],
          [
            -122.4693871,
            37.8029402
          ],
          [
            -122.4693908,
            37.8029864
          ],
          [
            -122.4693955,
            37.803031
          ],
          [
            -122.4694023,
            37.8030791
          ],
          [
            -122.4694176,
            37.8031488
          ],
          [
            -122.4694379,
            37.8032185
          ],
          [
            -122.4694645,
            37.8032912
          ],
          [
            -122.4694949,
            37.8033603
          ],
          [
            -122.4695304,
            37.8034309
          ],
          [
            -122.4695746,
            37.8035044
          ],
          [
            -122.4696172,
            37.8035655
          ],
          [
            -122.469662,
            37.8036204
          ],
          [
            -122.4697097,
            37.8036728
          ],
          [
            -122.4697611,
            37.8037232
          ],
          [
            -122.4698147,
            37.8037714
          ],
          [
            -122.4698704,
            37.8038189
          ],
          [
            -122.4699281,
            37.8038636
          ],
          [
            -122.4699897,
            37.8039072
          ],
          [
            -122.4700518,
            37.8039473
          ],
          [
            -122.4701186,
            37.8039855
          ],
          [
            -122.4701864,
            37.8040213
          ],
          [
            -122.4702567,
            37.804055
          ],
          [
            -122.4703277,
            37.8040856
          ],
          [
            -122.470401,
            37.804113
          ],
          [
            -122.4704758,
            37.8041377
          ],
          [
            -122.4705525,
            37.8041602
          ],
          [
            -122.4706317,
            37.8041802
          ],
          [
            -122.4707023,
            37.8041964
          ]
        ]
      },
      "id": "way/59763351"
    },
    {
      "type": "Feature",
      "properties": {
        "@id": "way/59763602",
        "bicycle": "no",
        "bridge": "yes",
        "hgv": "designated",
        "hgv:state_network": "yes",
        "highway": "motorway",
        "lanes": "2",
        "layer": "1",
        "lit": "yes",
        "maxspeed": "35 mph",
        "name": "Veterans Boulevard",
        "oneway": "yes",
        "ref": "CA 1",
        "source:hgv:state_network": "Caltrans http://www.dot.ca.gov/hq/traffops/trucks/truckmap/",
        "surface": "asphalt",
        "tiger:cfcc": "A35; A63; A35; A35; A35",
        "tiger:county": "San Francisco, CA",
        "tiger:name_base": "State Highway 1"
      },
      "geometry": {
        "type": "LineString",
        "coordinates": [
          [
            -122.4694879,
            37.79731
          ],
          [
            -122.4694517,
            37.7992513
          ]
        ]
      },
      "id": "way/59763602"
    },
    {
      "type": "Feature",
      "properties": {
        "@id": "way/59766456",
        "bicycle": "no",
        "hgv": "designated",
        "hgv:state_network": "yes",
        "highway": "motorway",
        "lanes": "2",
        "lit": "yes",
        "maxspeed": "45 mph",
        "name": "Veterans Boulevard",
        "oneway": "yes",
        "ref": "CA 1",
        "source:hgv:state_network": "Caltrans http://www.dot.ca.gov/hq/traffops/trucks/truckmap/",
        "surface": "asphalt",
        "tiger:cfcc": "A35",
        "tiger:county": "San Francisco, CA",
        "tiger:name_base": "State Highway 1"
      },
      "geometry": {
        "type": "LineString",
        "coordinates": [
          [
            -122.4703793,
            37.790424
          ],
          [
            -122.4706553,
            37.7900545
          ],
          [
            -122.4709484,
            37.789666
          ],
          [
            -122.4711176,
            37.7894412
          ],
          [
            -122.4712462,
            37.7892698
          ],
          [
            -122.4716261,
            37.7887625
          ],
          [
            -122.47171,
            37.7886507
          ],
          [
            -122.4717932,
            37.7885382
          ],
          [
            -122.4718748,
            37.7884247
          ],
          [
            -122.4719537,
            37.7883091
          ],
          [
            -122.4720277,
            37.7881931
          ],
          [
            -122.4720982,
            37.7880748
          ],
          [
            -122.4721649,
            37.7879557
          ],
          [
            -122.4722313,
            37.7878361
          ],
          [
            -122.4722974,
            37.7877119
          ],
          [
            -122.4723589,
            37.7875922
          ]
        ]
      },
      "id": "way/59766456"
    },
    {
      "type": "Feature",
      "properties": {
        "@id": "way/59766528",
        "bicycle": "no",
        "bridge": "yes",
        "hgv": "designated",
        "hgv:state_network": "yes",
        "highway": "motorway",
        "lanes": "2",
        "layer": "1",
        "lit": "yes",
        "maxspeed": "45 mph",
        "name": "Veterans Boulevard",
        "oneway": "yes",
        "ref": "CA 1",
        "source:hgv:state_network": "Caltrans http://www.dot.ca.gov/hq/traffops/trucks/truckmap/",
        "surface": "asphalt",
        "tiger:cfcc": "A35",
        "tiger:county": "San Francisco, CA",
        "tiger:name_base": "State Highway 1"
      },
      "geometry": {
        "type": "LineString",
        "coordinates": [
          [
            -122.4701135,
            37.7908262
          ],
          [
            -122.4701279,
            37.7908018
          ],
          [
            -122.4701963,
            37.7906892
          ],
          [
            -122.4702728,
            37.7905728
          ],
          [
            -122.4703539,
            37.7904583
          ],
          [
            -122.4703793,
            37.790424
          ]
        ]
      },
      "id": "way/59766528"
    },
    {
      "type": "Feature",
      "properties": {
        "@id": "way/59766570",
        "bicycle": "no",
        "hgv": "designated",
        "hgv:state_network": "yes",
        "highway": "motorway",
        "lanes": "2",
        "lit": "yes",
        "maxspeed": "45 mph",
        "name": "Veterans Boulevard",
        "oneway": "yes",
        "ref": "CA 1",
        "source:hgv:state_network": "Caltrans http://www.dot.ca.gov/hq/traffops/trucks/truckmap/",
        "surface": "asphalt",
        "tiger:cfcc": "A35; A63; A35; A35; A35",
        "tiger:county": "San Francisco, CA",
        "tiger:name_base": "State Highway 1"
      },
      "geometry": {
        "type": "LineString",
        "coordinates": [
          [
            -122.4696569,
            37.7925885
          ],
          [
            -122.4696583,
            37.7925384
          ],
          [
            -122.4696599,
            37.7924695
          ],
          [
            -122.4696635,
            37.7923394
          ],
          [
            -122.4696735,
            37.7922078
          ],
          [
            -122.4696875,
            37.792076
          ],
          [
            -122.4697078,
            37.7919451
          ],
          [
            -122.4697338,
            37.7918144
          ],
          [
            -122.469764,
            37.7916832
          ],
          [
            -122.4697998,
            37.7915558
          ],
          [
            -122.4698415,
            37.7914287
          ],
          [
            -122.4698878,
            37.7913036
          ],
          [
            -122.4699402,
            37.7911774
          ],
          [
            -122.469997,
            37.7910514
          ],
          [
            -122.4700583,
            37.7909295
          ],
          [
            -122.4701135,
            37.7908262
          ]
        ]
      },
      "id": "way/59766570"
    },
    {
      "type": "Feature",
      "properties": {
        "@id": "way/59766608",
        "alt_name": "Veterans Boulevard",
        "bicycle": "no",
        "hgv": "designated",
        "hgv:state_network": "yes",
        "highway": "motorway",
        "lanes": "2",
        "layer": "-1",
        "lit": "24/7",
        "maxheight": "default",
        "maxspeed": "45 mph",
        "name": "General Douglas MacArthur Tunnel",
        "oneway": "yes",
        "ref": "CA 1",
        "short_name": "MacArthur Tunnel",
        "source:hgv:state_network": "Caltrans http://www.dot.ca.gov/hq/traffops/trucks/truckmap/",
        "surface": "asphalt",
        "tiger:cfcc": "A35; A63; A35; A35; A35",
        "tiger:county": "San Francisco, CA",
        "tiger:name_base": "State Highway 1",
        "tunnel": "yes",
        "tunnel:name": "General Douglas MacArthur Tunnel"
      },
      "geometry": {
        "type": "LineString",
        "coordinates": [
          [
            -122.4695914,
            37.7961598
          ],
          [
            -122.4696569,
            37.7925885
          ]
        ]
      },
      "id": "way/59766608"
    },
    {
      "type": "Feature",
      "properties": {
        "@id": "way/59766615",
        "bicycle": "no",
        "hgv": "designated",
        "hgv:state_network": "yes",
        "highway": "motorway",
        "lanes": "2",
        "lit": "yes",
        "maxspeed": "45 mph",
        "name": "Veterans Boulevard",
        "oneway": "yes",
        "ref": "CA 1",
        "source:hgv:state_network": "Caltrans http://www.dot.ca.gov/hq/traffops/trucks/truckmap/",
        "surface": "asphalt",
        "tiger:cfcc": "A35; A63; A35; A35; A35",
        "tiger:county": "San Francisco, CA",
        "tiger:name_base": "State Highway 1"
      },
      "geometry": {
        "type": "LineString",
        "coordinates": [
          [
            -122.469571,
            37.7973111
          ],
          [
            -122.4695914,
            37.7961598
          ]
        ]
      },
      "id": "way/59766615"
    },
    {
      "type": "Feature",
      "properties": {
        "@id": "way/59766616",
        "bicycle": "no",
        "bridge": "yes",
        "hgv": "designated",
        "hgv:state_network": "yes",
        "highway": "motorway",
        "lanes": "2",
        "layer": "1",
        "lit": "yes",
        "maxspeed": "45 mph",
        "name": "Veterans Boulevard",
        "oneway": "yes",
        "ref": "CA 1",
        "source:hgv:state_network": "Caltrans http://www.dot.ca.gov/hq/traffops/trucks/truckmap/",
        "surface": "asphalt",
        "tiger:cfcc": "A35; A63; A35; A35; A35",
        "tiger:county": "San Francisco, CA",
        "tiger:name_base": "State Highway 1"
      },
      "geometry": {
        "type": "LineString",
        "coordinates": [
          [
            -122.4695352,
            37.7992524
          ],
          [
            -122.4695479,
            37.7985664
          ],
          [
            -122.469571,
            37.7973111
          ]
        ]
      },
      "id": "way/59766616"
    },
    {
      "type": "Feature",
      "properties": {
        "@id": "way/59766617",
        "bicycle": "no",
        "hgv": "designated",
        "hgv:state_network": "yes",
        "highway": "motorway",
        "lanes": "2",
        "lit": "no",
        "maxspeed": "45 mph",
        "name": "Veterans Boulevard",
        "oneway": "yes",
        "ref": "CA 1",
        "source:hgv:state_network": "Caltrans http://www.dot.ca.gov/hq/traffops/trucks/truckmap/",
        "surface": "concrete",
        "tiger:cfcc": "A35; A63; A35; A35; A35",
        "tiger:county": "San Francisco, CA",
        "tiger:name_base": "State Highway 1"
      },
      "geometry": {
        "type": "LineString",
        "coordinates": [
          [
            -122.4695241,
            37.8001205
          ],
          [
            -122.469526,
            37.8000456
          ],
          [
            -122.4695268,
            37.7999909
          ],
          [
            -122.469527,
            37.7999193
          ],
          [
            -122.4695268,
            37.7998495
          ],
          [
            -122.4695311,
            37.7994711
          ],
          [
            -122.4695352,
            37.7992524
          ]
        ]
      },
      "id": "way/59766617"
    },
    {
      "type": "Feature",
      "properties": {
        "@id": "way/59766629",
        "bicycle": "no",
        "bridge": "yes",
        "hgv": "designated",
        "hgv:state_network": "yes",
        "highway": "motorway",
        "lanes": "2",
        "layer": "1",
        "lit": "no",
        "maxspeed": "45 mph",
        "name": "Veterans Boulevard",
        "oneway": "yes",
        "ref": "CA 1",
        "source:hgv:state_network": "Caltrans http://www.dot.ca.gov/hq/traffops/trucks/truckmap/",
        "surface": "concrete",
        "tiger:cfcc": "A35; A63; A35; A35; A35",
        "tiger:county": "San Francisco, CA",
        "tiger:name_base": "State Highway 1"
      },
      "geometry": {
        "type": "LineString",
        "coordinates": [
          [
            -122.4695041,
            37.8012495
          ],
          [
            -122.4695067,
            37.8010407
          ],
          [
            -122.4695241,
            37.8001205
          ]
        ]
      },
      "id": "way/59766629"
    },
    {
      "type": "Feature",
      "properties": {
        "@id": "way/65617538",
        "cycleway:both": "no",
        "highway": "secondary",
        "lanes": "2",
        "lit": "yes",
        "maxspeed": "35 mph",
        "name": "Alexander Avenue",
        "oneway": "no",
        "source": "Yahoo,TIGER",
        "surface": "asphalt"
      },
      "geometry": {
        "type": "LineString",
        "coordinates": [
          [
            -122.484859,
            37.8355005
          ],
          [
            -122.4848856,
            37.8354663
          ],
          [
            -122.4849111,
            37.8354298
          ],
          [
            -122.4849351,
            37.8353901
          ],
          [
            -122.4849577,
            37.8353439
          ],
          [
            -122.484977,
            37.8352956
          ],
          [
            -122.4849922,
            37.8352432
          ],
          [
            -122.4850025,
            37.8351886
          ],
          [
            -122.4850069,
            37.8351543
          ],
          [
            -122.4850104,
            37.8351182
          ],
          [
            -122.4850123,
            37.8350844
          ],
          [
            -122.4850133,
            37.8350544
          ],
          [
            -122.4850126,
            37.8350239
          ],
          [
            -122.4850109,
            37.8349961
          ],
          [
            -122.4850082,
            37.8349687
          ],
          [
            -122.4850038,
            37.8349409
          ],
          [
            -122.4849974,
            37.8349102
          ],
          [
            -122.4849895,
            37.83488
          ],
          [
            -122.4849814,
            37.8348528
          ],
          [
            -122.4849719,
            37.8348264
          ],
          [
            -122.48496,
            37.8347966
          ],
          [
            -122.4849473,
            37.8347691
          ],
          [
            -122.4849326,
            37.8347385
          ],
          [
            -122.4849183,
            37.834712
          ],
          [
            -122.4849017,
            37.8346846
          ],
          [
            -122.4848821,
            37.834655
          ],
          [
            -122.4848629,
            37.8346281
          ],
          [
            -122.4848383,
            37.834597
          ],
          [
            -122.4848153,
            37.8345707
          ],
          [
            -122.4847902,
            37.834544
          ],
          [
            -122.4847633,
            37.8345188
          ],
          [
            -122.484732,
            37.8344921
          ],
          [
            -122.4847012,
            37.8344685
          ],
          [
            -122.4846692,
            37.8344444
          ],
          [
            -122.4846397,
            37.8344241
          ],
          [
            -122.4845634,
            37.8343775
          ],
          [
            -122.4844771,
            37.8343273
          ],
          [
            -122.4843774,
            37.8342731
          ],
          [
            -122.484322,
            37.8342428
          ],
          [
            -122.4842675,
            37.8342118
          ],
          [
            -122.4842086,
            37.8341751
          ],
          [
            -122.4841478,
            37.8341346
          ],
          [
            -122.4840982,
            37.8341008
          ],
          [
            -122.4838993,
            37.8339619
          ],
          [
            -122.4838151,
            37.8339042
          ],
          [
            -122.4837262,
            37.8338452
          ],
          [
            -122.4836334,
            37.8337847
          ]
        ]
      },
      "id": "way/65617538"
    },
    {
      "type": "Feature",
      "properties": {
        "@id": "way/85562484",
        "NHS": "STRAHNET",
        "bicycle": "yes",
        "foot": "yes",
        "hgv": "designated",
        "highway": "trunk",
        "lanes": "3",
        "lit": "yes",
        "maxspeed": "30 mph",
        "name": "Richardson Avenue",
        "name:etymology:wikidata": "Q4818023",
        "old_ref": "CA 480",
        "oneway": "yes",
        "ref": "US 101",
        "shoulder": "no",
        "sidewalk:left": "no",
        "sidewalk:right": "separate",
        "source:hgv": "https://sfplanninggis.org/TIM/?search=3591024#searchbox"
      },
      "geometry": {
        "type": "LineString",
        "coordinates": [
          [
            -122.4470876,
            37.8004032
          ],
          [
            -122.4471822,
            37.8004726
          ],
          [
            -122.4475582,
            37.8007292
          ]
        ]
      },
      "id": "way/85562484"
    },
    {
      "type": "Feature",
      "properties": {
        "@id": "way/85562490",
        "NHS": "STRAHNET",
        "bicycle": "yes",
        "cycleway:both": "no",
        "foot": "yes",
        "hgv": "designated",
        "highway": "trunk",
        "lanes": "3",
        "lit": "yes",
        "maxspeed": "25 mph",
        "name": "Lombard Street",
        "name:etymology:wikidata": "Q15242635",
        "old_ref": "CA 480",
        "oneway": "yes",
        "ref": "US 101",
        "sidewalk": "right",
        "source:hgv": "https://sfplanninggis.org/TIM/?search=3591024#searchbox",
        "surface": "asphalt",
        "tiger:cfcc": "A25",
        "tiger:county": "San Francisco, CA",
        "tiger:name_base": "United States Highway 101;Lombard:United States Highway 101",
        "tiger:name_base_1": "Lombard",
        "tiger:name_type": "St",
        "tiger:name_type_1": "St"
      },
      "geometry": {
        "type": "LineString",
        "coordinates": [
          [
            -122.4294805,
            37.8006396
          ],
          [
            -122.4293821,
            37.8006522
          ],
          [
            -122.4282361,
            37.800798
          ]
        ]
      },
      "id": "way/85562490"
    },
    {
      "type": "Feature",
      "properties": {
        "@id": "way/85562492",
        "NHS": "STRAHNET",
        "bicycle": "yes",
        "foot": "yes",
        "hgv": "designated",
        "highway": "trunk",
        "lanes": "3",
        "lit": "yes",
        "maxspeed": "30 mph",
        "name": "Richardson Avenue",
        "name:etymology:wikidata": "Q4818023",
        "old_ref": "CA 480",
        "oneway": "yes",
        "ref": "US 101",
        "sidewalk:left": "no",
        "sidewalk:right": "separate",
        "source:hgv": "https://sfplanninggis.org/TIM/?search=3591024#searchbox",
        "surface": "asphalt",
        "tiger:cfcc": "A25",
        "tiger:county": "San Francisco, CA",
        "tiger:name_base": "Richardson",
        "tiger:name_base_1": "United States Highway 101",
        "tiger:name_type": "Ave"
      },
      "geometry": {
        "type": "LineString",
        "coordinates": [
          [
            -122.4459052,
            37.7995943
          ],
          [
            -122.4460005,
            37.7996619
          ],
          [
            -122.4462171,
            37.7998046
          ]
        ]
      },
      "id": "way/85562492"
    },
    {
      "type": "Feature",
      "properties": {
        "@id": "way/85562496",
        "NHS": "STRAHNET",
        "bicycle": "yes",
        "foot": "yes",
        "hgv": "designated",
        "highway": "trunk",
        "lanes": "3",
        "lit": "yes",
        "maxspeed": "30 mph",
        "name": "Richardson Avenue",
        "name:etymology:wikidata": "Q4818023",
        "old_ref": "CA 480",
        "oneway": "yes",
        "ref": "US 101",
        "sidewalk:left": "no",
        "sidewalk:right": "separate",
        "source:hgv": "https://sfplanninggis.org/TIM/?search=3591024#searchbox",
        "surface": "asphalt",
        "tiger:cfcc": "A25",
        "tiger:county": "San Francisco, CA",
        "tiger:name_base": "Richardson:United States Highway 101",
        "tiger:name_base_1": "Richardson:United States Highway 101",
        "tiger:name_type": "Ave",
        "tiger:name_type_1": "Ave"
      },
      "geometry": {
        "type": "LineString",
        "coordinates": [
          [
            -122.4472387,
            37.8003832
          ],
          [
            -122.447144,
            37.8003158
          ],
          [
            -122.4463446,
            37.7997679
          ]
        ]
      },
      "id": "way/85562496"
    },
    {
      "type": "Feature",
      "properties": {
        "@id": "way/85562498",
        "NHS": "STRAHNET",
        "bicycle": "yes",
        "cycleway:both": "no",
        "foot": "yes",
        "hgv": "designated",
        "highway": "trunk",
        "lanes": "3",
        "lit": "yes",
        "maxspeed": "25 mph",
        "name": "Lombard Street",
        "name:etymology:wikidata": "Q15242635",
        "old_ref": "CA 480",
        "oneway": "yes",
        "parking:left": "no",
        "parking:right": "lane",
        "parking:right:orientation": "parallel",
        "ref": "US 101",
        "sidewalk": "right",
        "source:hgv": "https://sfplanninggis.org/TIM/?search=3591024#searchbox",
        "surface": "asphalt",
        "tiger:cfcc": "A25;A25:A41",
        "tiger:county": "San Francisco, CA",
        "tiger:name_base": "Lombard",
        "tiger:name_base_1": "United States Highway 101",
        "tiger:name_type": "St"
      },
      "geometry": {
        "type": "LineString",
        "coordinates": [
          [
            -122.4377205,
            37.7996868
          ],
          [
            -122.4378209,
            37.799674
          ],
          [
            -122.4382527,
            37.7996191
          ],
          [
            -122.4385753,
            37.799578
          ]
        ]
      },
      "id": "way/85562498"
    },
    {
      "type": "Feature",
      "properties": {
        "@id": "way/85562500",
        "NHS": "STRAHNET",
        "bicycle": "yes",
        "cycleway:both": "no",
        "foot": "yes",
        "hgv": "designated",
        "highway": "trunk",
        "lanes": "3",
        "lit": "yes",
        "maxspeed": "25 mph",
        "name": "Lombard Street",
        "name:etymology:wikidata": "Q15242635",
        "old_ref": "CA 480",
        "oneway": "yes",
        "ref": "US 101",
        "sidewalk": "right",
        "source:hgv": "https://sfplanninggis.org/TIM/?search=3591024#searchbox",
        "surface": "asphalt"
      },
      "geometry": {
        "type": "LineString",
        "coordinates": [
          [
            -122.4261927,
            37.8010627
          ],
          [
            -122.42609,
            37.8010763
          ],
          [
            -122.4254186,
            37.8011641
          ]
        ]
      },
      "id": "way/85562500"
    },
    {
      "type": "Feature",
      "properties": {
        "@id": "way/85562503",
        "NHS": "STRAHNET",
        "bicycle": "yes",
        "cycleway:both": "no",
        "foot": "yes",
        "hgv": "designated",
        "highway": "trunk",
        "lanes": "3",
        "lit": "yes",
        "maxspeed": "25 mph",
        "name": "Lombard Street",
        "name:etymology:wikidata": "Q15242635",
        "old_ref": "CA 480",
        "oneway": "yes",
        "parking:left": "no",
        "parking:right": "lane",
        "parking:right:orientation": "parallel",
        "ref": "US 101",
        "sidewalk": "right",
        "source:hgv": "https://sfplanninggis.org/TIM/?search=3591024#searchbox",
        "surface": "asphalt",
        "tiger:cfcc": "A25",
        "tiger:county": "San Francisco, CA",
        "tiger:name_base": "United States Highway 101;Lombard:United States Highway 101",
        "tiger:name_base_1": "Lombard",
        "tiger:name_type": "St",
        "tiger:name_type_1": "St"
      },
      "geometry": {
        "type": "LineString",
        "coordinates": [
          [
            -122.4360562,
            37.7998022
          ],
          [
            -122.4359641,
            37.7998139
          ],
          [
            -122.4345124,
            37.7999988
          ],
          [
            -122.4344121,
            37.8000116
          ]
        ]
      },
      "id": "way/85562503"
    },
    {
      "type": "Feature",
      "properties": {
        "@id": "way/85562505",
        "NHS": "STRAHNET",
        "bicycle": "yes",
        "cycleway:both": "no",
        "foot": "yes",
        "hgv": "designated",
        "highway": "trunk",
        "lanes": "3",
        "lit": "yes",
        "maxspeed": "25 mph",
        "name": "Lombard Street",
        "name:etymology:wikidata": "Q15242635",
        "old_ref": "CA 480",
        "oneway": "yes",
        "parking:left": "no",
        "parking:right": "lane",
        "parking:right:orientation": "parallel",
        "ref": "US 101",
        "sidewalk": "right",
        "source:hgv": "https://sfplanninggis.org/TIM/?search=3591024#searchbox",
        "surface": "asphalt",
        "tiger:cfcc": "A25;A25:A41",
        "tiger:county": "San Francisco, CA",
        "tiger:name_base": "Lombard",
        "tiger:name_base_1": "United States Highway 101",
        "tiger:name_type": "St"
      },
      "geometry": {
        "type": "LineString",
        "coordinates": [
          [
            -122.4393632,
            37.7994776
          ],
          [
            -122.4394579,
            37.7994655
          ],
          [
            -122.4396707,
            37.7994384
          ],
          [
            -122.4409173,
            37.7992797
          ],
          [
            -122.4410093,
            37.799268
          ]
        ]
      },
      "id": "way/85562505"
    },
    {
      "type": "Feature",
      "properties": {
        "@id": "way/85562507",
        "NHS": "STRAHNET",
        "bicycle": "yes",
        "cycleway:both": "no",
        "foot": "yes",
        "hgv": "designated",
        "highway": "trunk",
        "lanes": "3",
        "lit": "yes",
        "maxspeed": "25 mph",
        "name": "Lombard Street",
        "name:etymology:wikidata": "Q15242635",
        "old_ref": "CA 480",
        "oneway": "yes",
        "ref": "US 101",
        "sidewalk": "right",
        "source:hgv": "https://sfplanninggis.org/TIM/?search=3591024#searchbox",
        "surface": "asphalt",
        "tiger:cfcc": "A25",
        "tiger:county": "San Francisco, CA",
        "tiger:name_base": "United States Highway 101;Lombard:United States Highway 101",
        "tiger:name_base_1": "Lombard",
        "tiger:name_type": "St",
        "tiger:name_type_1": "St"
      },
      "geometry": {
        "type": "LineString",
        "coordinates": [
          [
            -122.4409903,
            37.7991739
          ],
          [
            -122.4408975,
            37.7991857
          ],
          [
            -122.4403631,
            37.7992538
          ],
          [
            -122.4399403,
            37.7993076
          ]
        ]
      },
      "id": "way/85562507"
    },
    {
      "type": "Feature",
      "properties": {
        "@id": "way/85562509",
        "hgv": "designated",
        "highway": "secondary",
        "lanes": "2",
        "maxweight:hgv": "9 st",
        "name": "Divisadero Street",
        "sidewalk": "both",
        "source:hgv": "https://sfplanninggis.org/TIM/?search=3591024#searchbox",
        "tiger:cfcc": "A41",
        "tiger:county": "San Francisco, CA",
        "tiger:name_base": "Divisadero",
        "tiger:name_type": "St"
      },
      "geometry": {
        "type": "LineString",
        "coordinates": [
          [
            -122.4419222,
            37.795323
          ],
          [
            -122.4419077,
            37.795251
          ],
          [
            -122.4419039,
            37.7952321
          ],
          [
            -122.441754,
            37.7944906
          ],
          [
            -122.4417488,
            37.7944647
          ],
          [
            -122.4417335,
            37.7943892
          ],
          [
            -122.4417194,
            37.7943196
          ],
          [
            -122.4417157,
            37.7943014
          ],
          [
            -122.4415606,
            37.7935335
          ],
          [
            -122.4415418,
            37.7934405
          ]
        ]
      },
      "id": "way/85562509"
    },
    {
      "type": "Feature",
      "properties": {
        "@id": "way/85562513",
        "NHS": "STRAHNET",
        "bicycle": "yes",
        "cycleway:both": "no",
        "foot": "yes",
        "hgv": "designated",
        "highway": "trunk",
        "lanes": "3",
        "lit": "yes",
        "maxspeed": "30 mph",
        "name": "Richardson Avenue",
        "name:etymology:wikidata": "Q4818023",
        "old_ref": "CA 480",
        "oneway": "yes",
        "ref": "US 101",
        "sidewalk:left": "no",
        "sidewalk:right": "separate",
        "source:hgv": "https://sfplanninggis.org/TIM/?search=3591024#searchbox",
        "surface": "asphalt",
        "tiger:cfcc": "A25",
        "tiger:county": "San Francisco, CA",
        "tiger:name_base": "Richardson:United States Highway 101",
        "tiger:name_base_1": "Richardson:United States Highway 101",
        "tiger:name_type": "Ave",
        "tiger:name_type_1": "Ave"
      },
      "geometry": {
        "type": "LineString",
        "coordinates": [
          [
            -122.4459617,
            37.7995065
          ],
          [
            -122.4458839,
            37.799453
          ]
        ]
      },
      "id": "way/85562513"
    },
    {
      "type": "Feature",
      "properties": {
        "@id": "way/85562514",
        "NHS": "STRAHNET",
        "bicycle": "yes",
        "cycleway:both": "no",
        "foot": "yes",
        "hgv": "designated",
        "highway": "trunk",
        "lanes": "3",
        "lit": "yes",
        "maxspeed": "25 mph",
        "name": "Lombard Street",
        "name:etymology:wikidata": "Q15242635",
        "old_ref": "CA 480",
        "oneway": "yes",
        "ref": "US 101",
        "sidewalk": "right",
        "source:hgv": "https://sfplanninggis.org/TIM/?search=3591024#searchbox",
        "surface": "asphalt",
        "tiger:cfcc": "A25;A25:A41",
        "tiger:county": "San Francisco, CA",
        "tiger:name_base": "Lombard",
        "tiger:name_base_1": "United States Highway 101",
        "tiger:name_type": "St"
      },
      "geometry": {
        "type": "LineString",
        "coordinates": [
          [
            -122.4294995,
            37.8007335
          ],
          [
            -122.4295882,
            37.8007222
          ],
          [
            -122.4303277,
            37.800628
          ],
          [
            -122.4308051,
            37.8005673
          ],
          [
            -122.4309734,
            37.8005458
          ],
          [
            -122.4310466,
            37.8005365
          ],
          [
            -122.4311406,
            37.8005245
          ]
        ]
      },
      "id": "way/85562514"
    },
    {
      "type": "Feature",
      "properties": {
        "@id": "way/85562522",
        "NHS": "STRAHNET",
        "bicycle": "yes",
        "cycleway:both": "no",
        "foot": "yes",
        "hgv": "designated",
        "highway": "trunk",
        "lanes": "3",
        "lit": "yes",
        "maxspeed": "25 mph",
        "name": "Lombard Street",
        "name:etymology:wikidata": "Q15242635",
        "old_ref": "CA 480",
        "oneway": "yes",
        "ref": "US 101",
        "sidewalk:left": "no",
        "sidewalk:right": "separate",
        "source:hgv": "https://sfplanninggis.org/TIM/?search=3591024#searchbox",
        "surface": "asphalt",
        "tiger:cfcc": "A25",
        "tiger:county": "San Francisco, CA",
        "tiger:name_base": "United States Highway 101;Lombard:United States Highway 101",
        "tiger:name_base_1": "Lombard",
        "tiger:name_type": "St",
        "tiger:name_type_1": "St"
      },
      "geometry": {
        "type": "LineString",
        "coordinates": [
          [
            -122.4443238,
            37.7987505
          ],
          [
            -122.4442348,
            37.7987614
          ],
          [
            -122.4441098,
            37.7987776
          ],
          [
            -122.4440385,
            37.7987866
          ],
          [
            -122.4439086,
            37.7988031
          ],
          [
            -122.4436371,
            37.7988374
          ],
          [
            -122.4430957,
            37.798906
          ]
        ]
      },
      "id": "way/85562522"
    },
    {
      "type": "Feature",
      "properties": {
        "@id": "way/85562528",
        "NHS": "STRAHNET",
        "bicycle": "yes",
        "cycleway:both": "no",
        "foot": "yes",
        "hgv": "designated",
        "highway": "trunk",
        "lanes": "3",
        "lit": "yes",
        "maxspeed": "25 mph",
        "name": "Lombard Street",
        "name:etymology:wikidata": "Q15242635",
        "old_ref": "CA 480",
        "oneway": "yes",
        "parking:left": "no",
        "parking:right": "lane",
        "parking:right:orientation": "parallel",
        "ref": "US 101",
        "sidewalk": "right",
        "source:hgv": "https://sfplanninggis.org/TIM/?search=3591024#searchbox",
        "surface": "asphalt",
        "tiger:cfcc": "A25;A25:A41",
        "tiger:county": "San Francisco, CA",
        "tiger:name_base": "Lombard",
        "tiger:name_base_1": "United States Highway 101",
        "tiger:name_type": "St"
      },
      "geometry": {
        "type": "LineString",
        "coordinates": [
          [
            -122.4311406,
            37.8005245
          ],
          [
            -122.4312324,
            37.8005128
          ],
          [
            -122.4326864,
            37.8003277
          ],
          [
            -122.4327857,
            37.800315
          ]
        ]
      },
      "id": "way/85562528"
    },
    {
      "type": "Feature",
      "properties": {
        "@id": "way/85562530",
        "hgv": "designated",
        "highway": "secondary",
        "lane_markings": "no",
        "lit": "yes",
        "name": "Divisadero Street",
        "sidewalk:both": "separate",
        "source:hgv": "https://sfplanninggis.org/TIM/?search=3591024#searchbox",
        "surface": "asphalt",
        "tiger:cfcc": "A41",
        "tiger:county": "San Francisco, CA",
        "tiger:name_base": "Divisadero",
        "tiger:name_type": "St"
      },
      "geometry": {
        "type": "LineString",
        "coordinates": [
          [
            -122.4426765,
            37.7990558
          ],
          [
            -122.4426574,
            37.7989616
          ]
        ]
      },
      "id": "way/85562530"
    },
    {
      "type": "Feature",
      "properties": {
        "@id": "way/85562534",
        "NHS": "STRAHNET",
        "bicycle": "yes",
        "cycleway:both": "no",
        "foot": "yes",
        "hgv": "designated",
        "highway": "trunk",
        "lanes": "3",
        "lit": "yes",
        "maxspeed": "25 mph",
        "name": "Lombard Street",
        "name:etymology:wikidata": "Q15242635",
        "old_ref": "CA 480",
        "oneway": "yes",
        "ref": "US 101",
        "sidewalk": "right",
        "source:hgv": "https://sfplanninggis.org/TIM/?search=3591024#searchbox",
        "surface": "asphalt"
      },
      "geometry": {
        "type": "LineString",
        "coordinates": [
          [
            -122.4262112,
            37.8011559
          ],
          [
            -122.4263155,
            37.8011429
          ],
          [
            -122.426749,
            37.8010863
          ],
          [
            -122.4273066,
            37.8010147
          ]
        ]
      },
      "id": "way/85562534"
    },
    {
      "type": "Feature",
      "properties": {
        "@id": "way/85562541",
        "NHS": "STRAHNET",
        "bicycle": "yes",
        "cycleway:both": "no",
        "foot": "yes",
        "hgv": "designated",
        "highway": "trunk",
        "lanes": "3",
        "lit": "yes",
        "maxspeed": "25 mph",
        "name": "Lombard Street",
        "name:etymology:wikidata": "Q15242635",
        "old_ref": "CA 480",
        "oneway": "yes",
        "ref": "US 101",
        "sidewalk": "right",
        "source:hgv": "https://sfplanninggis.org/TIM/?search=3591024#searchbox",
        "surface": "asphalt",
        "tiger:cfcc": "A25",
        "tiger:county": "San Francisco, CA",
        "tiger:name_base": "United States Highway 101;Lombard:United States Highway 101",
        "tiger:name_base_1": "Lombard",
        "tiger:name_type": "St",
        "tiger:name_type_1": "St"
      },
      "geometry": {
        "type": "LineString",
        "coordinates": [
          [
            -122.4311216,
            37.8004306
          ],
          [
            -122.4310275,
            37.8004426
          ],
          [
            -122.430321,
            37.8005326
          ],
          [
            -122.430145,
            37.800555
          ],
          [
            -122.4295684,
            37.8006284
          ],
          [
            -122.4294805,
            37.8006396
          ]
        ]
      },
      "id": "way/85562541"
    },
    {
      "type": "Feature",
      "properties": {
        "@id": "way/85562554",
        "NHS": "STRAHNET",
        "bicycle": "yes",
        "cycleway:both": "no",
        "foot": "yes",
        "hgv": "designated",
        "highway": "trunk",
        "lanes": "3",
        "lit": "yes",
        "maxspeed": "25 mph",
        "name": "Lombard Street",
        "name:etymology:wikidata": "Q15242635",
        "old_ref": "CA 480",
        "oneway": "yes",
        "ref": "US 101",
        "sidewalk": "right",
        "source:hgv": "https://sfplanninggis.org/TIM/?search=3591024#searchbox",
        "surface": "asphalt"
      },
      "geometry": {
        "type": "LineString",
        "coordinates": [
          [
            -122.4278342,
            37.800855
          ],
          [
            -122.4277468,
            37.800866
          ],
          [
            -122.4274828,
            37.8008992
          ],
          [
            -122.426695,
            37.8009996
          ],
          [
            -122.4262946,
            37.8010489
          ],
          [
            -122.4261927,
            37.8010627
          ]
        ]
      },
      "id": "way/85562554"
    },
    {
      "type": "Feature",
      "properties": {
        "@id": "way/85562559",
        "highway": "secondary",
        "lanes": "3",
        "lit": "yes",
        "maxspeed": "25 mph",
        "name": "Franklin Street",
        "name:etymology:wikidata": "Q34969",
        "oneway": "yes",
        "sidewalk": "both",
        "surface": "asphalt",
        "tiger:cfcc": "A41",
        "tiger:county": "San Francisco, CA",
        "tiger:name_base": "Franklin",
        "tiger:name_type": "St"
      },
      "geometry": {
        "type": "LineString",
        "coordinates": [
          [
            -122.4261927,
            37.8010627
          ],
          [
            -122.4262112,
            37.8011559
          ]
        ]
      },
      "id": "way/85562559"
    },
    {
      "type": "Feature",
      "properties": {
        "@id": "way/85562562",
        "NHS": "STRAHNET",
        "bicycle": "yes",
        "foot": "yes",
        "hgv": "designated",
        "highway": "trunk",
        "lanes": "4",
        "lit": "yes",
        "maxspeed": "30 mph",
        "name": "Lombard Street",
        "name:etymology:wikidata": "Q15242635",
        "old_ref": "CA 480",
        "oneway": "yes",
        "placement": "middle_of:3",
        "ref": "US 101",
        "sidewalk:left": "no",
        "sidewalk:right": "separate",
        "source:hgv": "https://sfplanninggis.org/TIM/?search=3591024#searchbox",
        "surface": "asphalt",
        "turn:lanes": "left|||"
      },
      "geometry": {
        "type": "LineString",
        "coordinates": [
          [
            -122.4443459,
            37.7988596
          ],
          [
            -122.4444624,
            37.7988577
          ],
          [
            -122.4445187,
            37.7988595
          ],
          [
            -122.4445996,
            37.7988641
          ],
          [
            -122.4446692,
            37.7988737
          ]
        ]
      },
      "id": "way/85562562"
    },
    {
      "type": "Feature",
      "properties": {
        "@id": "way/85562564",
        "NHS": "STRAHNET",
        "bicycle": "yes",
        "cycleway:both": "no",
        "foot": "yes",
        "hgv": "designated",
        "highway": "trunk",
        "lanes": "3",
        "lit": "yes",
        "maxspeed": "25 mph",
        "name": "Lombard Street",
        "name:etymology:wikidata": "Q15242635",
        "old_ref": "CA 480",
        "oneway": "yes",
        "parking:left": "no",
        "parking:right": "lane",
        "parking:right:orientation": "parallel",
        "ref": "US 101",
        "sidewalk": "right",
        "source:hgv": "https://sfplanninggis.org/TIM/?search=3591024#searchbox",
        "surface": "asphalt",
        "tiger:cfcc": "A25;A25:A41",
        "tiger:county": "San Francisco, CA",
        "tiger:name_base": "Lombard",
        "tiger:name_base_1": "United States Highway 101",
        "tiger:name_type": "St"
      },
      "geometry": {
        "type": "LineString",
        "coordinates": [
          [
            -122.4410093,
            37.799268
          ],
          [
            -122.4411153,
            37.7992544
          ],
          [
            -122.4424186,
            37.7990885
          ]
        ]
      },
      "id": "way/85562564"
    },
    {
      "type": "Feature",
      "properties": {
        "@id": "way/85562572",
        "NHS": "STRAHNET",
        "bicycle": "yes",
        "cycleway:both": "no",
        "foot": "yes",
        "hgv": "designated",
        "highway": "trunk",
        "lanes": "3",
        "lit": "yes",
        "maxspeed": "25 mph",
        "name": "Lombard Street",
        "name:etymology:wikidata": "Q15242635",
        "old_ref": "CA 480",
        "oneway": "yes",
        "ref": "US 101",
        "sidewalk": "right",
        "source:hgv": "https://sfplanninggis.org/TIM/?search=3591024#searchbox",
        "surface": "asphalt",
        "tiger:cfcc": "A25",
        "tiger:county": "San Francisco, CA",
        "tiger:name_base": "United States Highway 101;Lombard:United States Highway 101",
        "tiger:name_base_1": "Lombard",
        "tiger:name_type": "St",
        "tiger:name_type_1": "St"
      },
      "geometry": {
        "type": "LineString",
        "coordinates": [
          [
            -122.4426574,
            37.7989616
          ],
          [
            -122.442546,
            37.7989766
          ],
          [
            -122.441094,
            37.7991606
          ],
          [
            -122.4409903,
            37.7991739
          ]
        ]
      },
      "id": "way/85562572"
    },
    {
      "type": "Feature",
      "properties": {
        "@id": "way/85562576",
        "NHS": "STRAHNET",
        "alt_name": "Doyle Drive",
        "bicycle": "no",
        "foot": "no",
        "hgv": "designated",
        "highway": "motorway",
        "lanes": "3",
        "lit": "yes",
        "maxspeed": "45 mph",
        "name": "Presidio Parkway",
        "old_ref": "CA 480",
        "oneway": "yes",
        "ref": "US 101",
        "source:hgv": "https://sfplanninggis.org/TIM/?search=3591024#searchbox",
        "surface": "asphalt",
        "turn:lanes": "through|through|through;right"
      },
      "geometry": {
        "type": "LineString",
        "coordinates": [
          [
            -122.4483619,
            37.8011623
          ],
          [
            -122.4481781,
            37.8010358
          ],
          [
            -122.4481505,
            37.801017
          ],
          [
            -122.4480529,
            37.8009503
          ]
        ]
      },
      "id": "way/85562576"
    },
    {
      "type": "Feature",
      "properties": {
        "@id": "way/85562580",
        "NHS": "STRAHNET",
        "bicycle": "yes",
        "cycleway:both": "no",
        "foot": "yes",
        "hgv": "designated",
        "highway": "trunk",
        "lanes": "3",
        "lit": "yes",
        "maxspeed": "25 mph",
        "name": "Lombard Street",
        "name:etymology:wikidata": "Q15242635",
        "old_ref": "CA 480",
        "oneway": "yes",
        "parking:left": "no",
        "parking:right": "lane",
        "parking:right:orientation": "parallel",
        "ref": "US 101",
        "sidewalk": "right",
        "sidewalk:right:surface": "concrete",
        "source:hgv": "https://sfplanninggis.org/TIM/?search=3591024#searchbox",
        "surface": "asphalt",
        "tiger:cfcc": "A25;A25:A41",
        "tiger:county": "San Francisco, CA",
        "tiger:name_base": "Lombard",
        "tiger:name_base_1": "United States Highway 101",
        "tiger:name_type": "St"
      },
      "geometry": {
        "type": "LineString",
        "coordinates": [
          [
            -122.4327857,
            37.800315
          ],
          [
            -122.4328881,
            37.800302
          ],
          [
            -122.4343303,
            37.8001184
          ],
          [
            -122.4344311,
            37.8001056
          ]
        ]
      },
      "id": "way/85562580"
    },
    {
      "type": "Feature",
      "properties": {
        "@id": "way/85562583",
        "NHS": "STRAHNET",
        "bicycle": "yes",
        "cycleway:both": "no",
        "foot": "yes",
        "hgv": "designated",
        "highway": "trunk",
        "lanes": "3",
        "lit": "yes",
        "maxspeed": "25 mph",
        "name": "Lombard Street",
        "name:etymology:wikidata": "Q15242635",
        "old_ref": "CA 480",
        "oneway": "yes",
        "parking:left": "no",
        "parking:right": "lane",
        "parking:right:orientation": "parallel",
        "ref": "US 101",
        "sidewalk": "right",
        "source:hgv": "https://sfplanninggis.org/TIM/?search=3591024#searchbox",
        "surface": "asphalt",
        "tiger:cfcc": "A25",
        "tiger:county": "San Francisco, CA",
        "tiger:name_base": "United States Highway 101;Lombard:United States Highway 101",
        "tiger:name_base_1": "Lombard",
        "tiger:name_type": "St",
        "tiger:name_type_1": "St"
      },
      "geometry": {
        "type": "LineString",
        "coordinates": [
          [
            -122.4377013,
            37.7995927
          ],
          [
            -122.4376031,
            37.7996052
          ],
          [
            -122.437216,
            37.7996545
          ],
          [
            -122.436244,
            37.7997783
          ],
          [
            -122.4361492,
            37.7997904
          ],
          [
            -122.4360562,
            37.7998022
          ]
        ]
      },
      "id": "way/85562583"
    },
    {
      "type": "Feature",
      "properties": {
        "@id": "way/85562585",
        "NHS": "STRAHNET",
        "bicycle": "yes",
        "cycleway:both": "no",
        "foot": "yes",
        "hgv": "designated",
        "highway": "trunk",
        "lanes": "3",
        "lit": "yes",
        "maxspeed": "25 mph",
        "name": "Lombard Street",
        "name:etymology:wikidata": "Q15242635",
        "old_ref": "CA 480",
        "oneway": "yes",
        "parking:left": "no",
        "parking:right": "lane",
        "parking:right:orientation": "parallel",
        "ref": "US 101",
        "sidewalk": "right",
        "sidewalk:right:surface": "concrete",
        "source:hgv": "https://sfplanninggis.org/TIM/?search=3591024#searchbox",
        "surface": "asphalt",
        "tiger:cfcc": "A25",
        "tiger:county": "San Francisco, CA",
        "tiger:name_base": "United States Highway 101;Lombard:United States Highway 101",
        "tiger:name_base_1": "Lombard",
        "tiger:name_type": "St",
        "tiger:name_type_1": "St"
      },
      "geometry": {
        "type": "LineString",
        "coordinates": [
          [
            -122.4344121,
            37.8000116
          ],
          [
            -122.4343116,
            37.8000244
          ],
          [
            -122.4338665,
            37.8000811
          ],
          [
            -122.4328686,
            37.8002081
          ],
          [
            -122.4327666,
            37.800221
          ]
        ]
      },
      "id": "way/85562585"
    },
    {
      "type": "Feature",
      "properties": {
        "@id": "way/85562588",
        "NHS": "STRAHNET",
        "bicycle": "yes",
        "cycleway:both": "no",
        "foot": "yes",
        "hgv": "designated",
        "highway": "trunk",
        "lanes": "3",
        "lit": "yes",
        "maxspeed": "25 mph",
        "name": "Lombard Street",
        "name:etymology:wikidata": "Q15242635",
        "old_ref": "CA 480",
        "oneway": "yes",
        "parking:left": "no",
        "parking:right": "lane",
        "parking:right:orientation": "parallel",
        "ref": "US 101",
        "sidewalk": "right",
        "source:hgv": "https://sfplanninggis.org/TIM/?search=3591024#searchbox",
        "surface": "asphalt",
        "tiger:cfcc": "A25;A25:A41",
        "tiger:county": "San Francisco, CA",
        "tiger:name_base": "Lombard",
        "tiger:name_base_1": "United States Highway 101",
        "tiger:name_type": "St",
        "turn:lanes": "||right"
      },
      "geometry": {
        "type": "LineString",
        "coordinates": [
          [
            -122.4352493,
            37.8000014
          ],
          [
            -122.435898,
            37.7999187
          ],
          [
            -122.4359839,
            37.7999078
          ],
          [
            -122.4360753,
            37.7998962
          ]
        ]
      },
      "id": "way/85562588"
    },
    {
      "type": "Feature",
      "properties": {
        "@id": "way/85562592",
        "NHS": "STRAHNET",
        "bicycle": "yes",
        "cycleway:both": "no",
        "foot": "yes",
        "hgv": "designated",
        "highway": "trunk",
        "lanes": "3",
        "lit": "yes",
        "maxspeed": "25 mph",
        "name": "Lombard Street",
        "name:etymology:wikidata": "Q15242635",
        "old_ref": "CA 480",
        "oneway": "yes",
        "ref": "US 101",
        "sidewalk": "right",
        "source:hgv": "https://sfplanninggis.org/TIM/?search=3591024#searchbox",
        "surface": "asphalt",
        "tiger:cfcc": "A25;A25:A41",
        "tiger:county": "San Francisco, CA",
        "tiger:name_base": "Lombard",
        "tiger:name_base_1": "United States Highway 101",
        "tiger:name_type": "St"
      },
      "geometry": {
        "type": "LineString",
        "coordinates": [
          [
            -122.4278524,
            37.8009463
          ],
          [
            -122.4279604,
            37.8009323
          ],
          [
            -122.4282483,
            37.8008928
          ],
          [
            -122.4286057,
            37.8008473
          ],
          [
            -122.4294008,
            37.800746
          ],
          [
            -122.4294995,
            37.8007335
          ]
        ]
      },
      "id": "way/85562592"
    },
    {
      "type": "Feature",
      "properties": {
        "@id": "way/85562596",
        "NHS": "STRAHNET",
        "bicycle": "yes",
        "cycleway:both": "no",
        "foot": "yes",
        "hgv": "designated",
        "highway": "trunk",
        "lanes": "3",
        "lit": "yes",
        "maxspeed": "25 mph",
        "name": "Lombard Street",
        "name:etymology:wikidata": "Q15242635",
        "old_ref": "CA 480",
        "oneway": "yes",
        "parking:left": "no",
        "parking:right": "lane",
        "parking:right:orientation": "parallel",
        "ref": "US 101",
        "sidewalk": "right",
        "sidewalk:right:surface": "concrete",
        "source:hgv": "https://sfplanninggis.org/TIM/?search=3591024#searchbox",
        "surface": "asphalt",
        "tiger:cfcc": "A25",
        "tiger:county": "San Francisco, CA",
        "tiger:name_base": "United States Highway 101;Lombard:United States Highway 101",
        "tiger:name_base_1": "Lombard",
        "tiger:name_type": "St",
        "tiger:name_type_1": "St"
      },
      "geometry": {
        "type": "LineString",
        "coordinates": [
          [
            -122.4393441,
            37.7993835
          ],
          [
            -122.4392504,
            37.7993954
          ],
          [
            -122.4391608,
            37.7994068
          ],
          [
            -122.4390432,
            37.7994218
          ],
          [
            -122.4387677,
            37.7994569
          ],
          [
            -122.4378009,
            37.79958
          ],
          [
            -122.4377013,
            37.7995927
          ]
        ]
      },
      "id": "way/85562596"
    },
    {
      "type": "Feature",
      "properties": {
        "@id": "way/85562600",
        "NHS": "STRAHNET",
        "bicycle": "yes",
        "foot": "no",
        "hgv": "designated",
        "highway": "trunk",
        "lanes": "3",
        "lit": "yes",
        "maxspeed": "30 mph",
        "name": "Richardson Avenue",
        "name:etymology:wikidata": "Q4818023",
        "old_ref": "CA 480",
        "oneway": "yes",
        "ref": "US 101",
        "sidewalk:left": "no",
        "sidewalk:right": "separate",
        "source:hgv": "https://sfplanninggis.org/TIM/?search=3591024#searchbox",
        "surface": "asphalt",
        "tiger:cfcc": "A25",
        "tiger:county": "San Francisco, CA",
        "tiger:name_base": "Richardson:United States Highway 101",
        "tiger:name_base_1": "Richardson:United States Highway 101",
        "tiger:name_type": "Ave",
        "tiger:name_type_1": "Ave"
      },
      "geometry": {
        "type": "LineString",
        "coordinates": [
          [
            -122.4449742,
            37.7988428
          ],
          [
            -122.444908,
            37.7988133
          ],
          [
            -122.444847,
            37.7987908
          ],
          [
            -122.4447718,
            37.7987708
          ],
          [
            -122.4447135,
            37.7987582
          ]
        ]
      },
      "id": "way/85562600"
    },
    {
      "type": "Feature",
      "properties": {
        "@id": "way/85562604",
        "NHS": "STRAHNET",
        "bicycle": "yes",
        "cycleway:both": "no",
        "foot": "yes",
        "hgv": "designated",
        "highway": "trunk",
        "lanes": "3",
        "lit": "yes",
        "maxspeed": "25 mph",
        "name": "Lombard Street",
        "name:etymology:wikidata": "Q15242635",
        "old_ref": "CA 480",
        "oneway": "yes",
        "parking:left": "no",
        "parking:right": "lane",
        "parking:right:orientation": "parallel",
        "ref": "US 101",
        "sidewalk": "right",
        "source:hgv": "https://sfplanninggis.org/TIM/?search=3591024#searchbox",
        "surface": "asphalt",
        "tiger:cfcc": "A25",
        "tiger:county": "San Francisco, CA",
        "tiger:name_base": "United States Highway 101;Lombard:United States Highway 101",
        "tiger:name_base_1": "Lombard",
        "tiger:name_type": "St",
        "tiger:name_type_1": "St",
        "turn:lanes": "||right"
      },
      "geometry": {
        "type": "LineString",
        "coordinates": [
          [
            -122.4327666,
            37.800221
          ],
          [
            -122.4326678,
            37.8002337
          ],
          [
            -122.4313081,
            37.8004069
          ],
          [
            -122.4312106,
            37.8004193
          ],
          [
            -122.4311216,
            37.8004306
          ]
        ]
      },
      "id": "way/85562604"
    },
    {
      "type": "Feature",
      "properties": {
        "@id": "way/85562608",
        "NHS": "STRAHNET",
        "bicycle": "yes",
        "cycleway:both": "no",
        "foot": "yes",
        "hgv": "designated",
        "highway": "trunk",
        "lanes": "3",
        "lit": "yes",
        "maxspeed": "25 mph",
        "name": "Lombard Street",
        "name:etymology:wikidata": "Q15242635",
        "old_ref": "CA 480",
        "oneway": "yes",
        "parking:left": "no",
        "parking:right": "lane",
        "parking:right:orientation": "parallel",
        "ref": "US 101",
        "sidewalk": "right",
        "source:hgv": "https://sfplanninggis.org/TIM/?search=3591024#searchbox",
        "surface": "asphalt",
        "tiger:cfcc": "A25;A25:A41",
        "tiger:county": "San Francisco, CA",
        "tiger:name_base": "Lombard",
        "tiger:name_base_1": "United States Highway 101",
        "tiger:name_type": "St"
      },
      "geometry": {
        "type": "LineString",
        "coordinates": [
          [
            -122.4360753,
            37.7998962
          ],
          [
            -122.4361689,
            37.7998843
          ],
          [
            -122.4367496,
            37.7998104
          ],
          [
            -122.4369354,
            37.7997867
          ],
          [
            -122.4376245,
            37.799699
          ],
          [
            -122.4377205,
            37.7996868
          ]
        ]
      },
      "id": "way/85562608"
    },
    {
      "type": "Feature",
      "properties": {
        "@id": "way/85644903",
        "bicycle": "yes",
        "hgv": "designated",
        "highway": "primary",
        "lanes": "3",
        "name": "Van Ness Avenue",
        "name:etymology:wikidata": "Q6144602",
        "old_name": "Marlette Street",
        "oneway": "yes",
        "sidewalk:left": "no",
        "sidewalk:right": "separate",
        "source:hgv": "https://sfplanninggis.org/TIM/?search=3591024#searchbox",
        "surface": "asphalt",
        "trolley_wire": "yes"
      },
      "geometry": {
        "type": "LineString",
        "coordinates": [
          [
            -122.4248694,
            37.8032304
          ],
          [
            -122.4248849,
            37.8033102
          ],
          [
            -122.4249274,
            37.803517
          ]
        ]
      },
      "id": "way/85644903"
    },
    {
      "type": "Feature",
      "properties": {
        "@id": "way/85644911",
        "NHS": "STRAHNET",
        "bicycle": "yes",
        "hgv": "designated",
        "highway": "trunk",
        "lanes": "3",
        "lit": "yes",
        "maxspeed": "25 mph",
        "name": "Van Ness Avenue",
        "name:etymology:wikidata": "Q6144602",
        "old_name": "Marlette Street",
        "oneway": "yes",
        "placement": "right_of:2",
        "ref": "US 101",
        "sidewalk": "separate",
        "source:hgv": "https://sfplanninggis.org/TIM/?search=3591024#searchbox",
        "trolley_wire": "yes",
        "turn:lanes": "left|none|none"
      },
      "geometry": {
        "type": "LineString",
        "coordinates": [
          [
            -122.4237415,
            37.7966763
          ],
          [
            -122.4237341,
            37.7966076
          ],
          [
            -122.4237237,
            37.7965532
          ],
          [
            -122.4236429,
            37.7961582
          ]
        ]
      },
      "id": "way/85644911"
    },
    {
      "type": "Feature",
      "properties": {
        "@id": "way/85644918",
        "hgv": "designated",
        "highway": "primary",
        "lanes": "3",
        "lit": "yes",
        "name": "Van Ness Avenue",
        "name:etymology:wikidata": "Q6144602",
        "old_name": "Marlette Street",
        "oneway": "yes",
        "parking:left": "no",
        "parking:right": "lane",
        "parking:right:orientation": "parallel",
        "sidewalk:left": "no",
        "sidewalk:right": "separate",
        "source:hgv": "https://sfplanninggis.org/TIM/?search=3591024#searchbox",
        "surface": "asphalt",
        "trolley_wire": "yes",
        "turn:lanes": "merge_to_right||"
      },
      "geometry": {
        "type": "LineString",
        "coordinates": [
          [
            -122.4248328,
            37.802273
          ],
          [
            -122.424818,
            37.8021997
          ],
          [
            -122.4247703,
            37.801968
          ]
        ]
      },
      "id": "way/85644918"
    },
    {
      "type": "Feature",
      "properties": {
        "@id": "way/85644921",
        "bicycle": "yes",
        "hgv": "designated",
        "highway": "primary",
        "lanes": "3",
        "lit": "yes",
        "name": "Van Ness Avenue",
        "name:etymology:wikidata": "Q6144602",
        "old_name": "Marlette Street",
        "oneway": "yes",
        "parking:left": "no",
        "parking:right": "lane",
        "parking:right:orientation": "parallel",
        "shoulder": "no",
        "sidewalk:left": "no",
        "sidewalk:right": "separate",
        "source:hgv": "https://sfplanninggis.org/TIM/?search=3591024#searchbox",
        "surface": "asphalt",
        "trolley_wire": "yes"
      },
      "geometry": {
        "type": "LineString",
        "coordinates": [
          [
            -122.4250224,
            37.8032096
          ],
          [
            -122.4250066,
            37.8031333
          ],
          [
            -122.4248861,
            37.8025352
          ]
        ]
      },
      "id": "way/85644921"
    },
    {
      "type": "Feature",
      "properties": {
        "@id": "way/85644923",
        "highway": "primary",
        "name": "Broadway",
        "sidewalk:both": "separate",
        "surface": "asphalt",
        "tiger:cfcc": "A41",
        "tiger:county": "San Francisco, CA",
        "tiger:name_base": "Robert C Levy;Broadway",
        "tiger:name_base_1": "Broadway",
        "tiger:name_type": "Tunl;St"
      },
      "geometry": {
        "type": "LineString",
        "coordinates": [
          [
            -122.4235533,
            37.7957299
          ],
          [
            -122.4234418,
            37.7957446
          ],
          [
            -122.4233889,
            37.7957516
          ]
        ]
      },
      "id": "way/85644923"
    },
    {
      "type": "Feature",
      "properties": {
        "@id": "way/85644931",
        "NHS": "STRAHNET",
        "bicycle": "yes",
        "hgv": "designated",
        "highway": "trunk",
        "lanes": "3",
        "lit": "yes",
        "maxspeed": "25 mph",
        "name": "Van Ness Avenue",
        "name:etymology:wikidata": "Q6144602",
        "old_name": "Marlette Street",
        "oneway": "yes",
        "placement": "right_of:2",
        "ref": "US 101",
        "sidewalk": "separate",
        "source:hgv": "https://sfplanninggis.org/TIM/?search=3591024#searchbox",
        "surface": "asphalt",
        "trolley_wire": "yes"
      },
      "geometry": {
        "type": "LineString",
        "coordinates": [
          [
            -122.4240986,
            37.7995102
          ],
          [
            -122.4241136,
            37.7995833
          ],
          [
            -122.4241986,
            37.7999955
          ]
        ]
      },
      "id": "way/85644931"
    },
    {
      "type": "Feature",
      "properties": {
        "@id": "way/85644934",
        "cycleway:right": "shared_lane",
        "hgv": "designated",
        "highway": "primary",
        "lanes": "2",
        "lcn_ref": "210",
        "lit": "yes",
        "name": "Broadway",
        "oneway": "yes",
        "sidewalk:left": "no",
        "sidewalk:right": "separate",
        "source:hgv": "https://sfplanninggis.org/TIM/?search=3591024#searchbox",
        "surface": "asphalt",
        "tiger:cfcc": "A41;A45",
        "tiger:county": "San Francisco, CA",
        "tiger:name_base": "Robert C Levy;Broadway",
        "tiger:name_base_1": "Broadway",
        "tiger:name_type": "Tunl;St"
      },
      "geometry": {
        "type": "LineString",
        "coordinates": [
          [
            -122.4201353,
            37.79614
          ],
          [
            -122.420243,
            37.7961319
          ],
          [
            -122.420991,
            37.796078
          ],
          [
            -122.4211998,
            37.7960524
          ],
          [
            -122.4213528,
            37.7960338
          ],
          [
            -122.4216901,
            37.7959951
          ]
        ]
      },
      "id": "way/85644934"
    },
    {
      "type": "Feature",
      "properties": {
        "@id": "way/85644937",
        "hgv": "designated",
        "highway": "secondary",
        "lanes": "4",
        "maxspeed": "25 mph",
        "maxweight:hgv": "3 st",
        "name": "Bay Street",
        "parking:lane:left": "parallel",
        "parking:lane:left:parallel": "on_street",
        "parking:lane:right": "no",
        "sidewalk:both": "separate",
        "source:hgv": "https://sfplanninggis.org/TIM/?search=3591024#searchbox",
        "surface": "asphalt",
        "tiger:cfcc": "A41",
        "tiger:county": "San Francisco, CA",
        "tiger:name_base": "Bay",
        "tiger:name_type": "St"
      },
      "geometry": {
        "type": "LineString",
        "coordinates": [
          [
            -122.4267758,
            37.8039436
          ],
          [
            -122.4268797,
            37.8039304
          ],
          [
            -122.428419,
            37.8037362
          ],
          [
            -122.429965,
            37.803541
          ],
          [
            -122.4300655,
            37.8035283
          ]
        ]
      },
      "id": "way/85644937"
    },
    {
      "type": "Feature",
      "properties": {
        "@id": "way/85644942",
        "NHS": "STRAHNET",
        "bicycle": "yes",
        "cycleway:both": "no",
        "foot": "yes",
        "hgv": "designated",
        "highway": "trunk",
        "lanes": "3",
        "lit": "yes",
        "maxspeed": "25 mph",
        "name": "Lombard Street",
        "name:etymology:wikidata": "Q15242635",
        "old_ref": "CA 480",
        "oneway": "yes",
        "ref": "US 101",
        "sidewalk": "right",
        "source:hgv": "https://sfplanninggis.org/TIM/?search=3591024#searchbox",
        "surface": "asphalt"
      },
      "geometry": {
        "type": "LineString",
        "coordinates": [
          [
            -122.4246565,
            37.8013482
          ],
          [
            -122.4247665,
            37.8013381
          ],
          [
            -122.4249562,
            37.8013151
          ],
          [
            -122.4254171,
            37.8012563
          ],
          [
            -122.4261111,
            37.8011674
          ],
          [
            -122.4262112,
            37.8011559
          ]
        ]
      },
      "id": "way/85644942"
    },
    {
      "type": "Feature",
      "properties": {
        "@id": "way/85644944",
        "cutting": "yes",
        "hgv": "designated",
        "highway": "primary",
        "lanes": "2",
        "lcn_ref": "210",
        "maxspeed": "35 mph",
        "name": "Broadway",
        "name_1": "Broadway",
        "oneway": "yes",
        "source:hgv": "https://sfplanninggis.org/TIM/?search=3591024#searchbox",
        "surface": "asphalt",
        "tiger:cfcc": "A41",
        "tiger:county": "San Francisco, CA",
        "tiger:name_base": "Robert C Levy;Broadway",
        "tiger:name_base_1": "Broadway",
        "tiger:name_type": "Tunl;St"
      },
      "geometry": {
        "type": "LineString",
        "coordinates": [
          [
            -122.42012,
            37.7960631
          ],
          [
            -122.4200298,
            37.7960729
          ],
          [
            -122.4194926,
            37.7961314
          ]
        ]
      },
      "id": "way/85644944"
    },
    {
      "type": "Feature",
      "properties": {
        "@id": "way/85644947",
        "hgv": "designated",
        "highway": "primary",
        "lanes": "4",
        "lit": "yes",
        "maxweight:hgv": "3 st",
        "name": "Bay Street",
        "sidewalk:both": "separate",
        "source:hgv": "https://sfplanninggis.org/TIM/?search=3591024#searchbox",
        "surface": "asphalt",
        "tiger:cfcc": "A41",
        "tiger:county": "San Francisco, CA",
        "tiger:name_base": "Bay",
        "tiger:name_type": "St"
      },
      "geometry": {
        "type": "LineString",
        "coordinates": [
          [
            -122.4250497,
            37.804161
          ],
          [
            -122.4252015,
            37.8041423
          ]
        ]
      },
      "id": "way/85644947"
    },
    {
      "type": "Feature",
      "properties": {
        "@id": "way/85644954",
        "access:lanes": "no|yes|yes",
        "bicycle": "yes",
        "bus:lanes": "designated|yes|yes",
        "hgv": "designated",
        "highway": "primary",
        "lanes": "3",
        "lanes:bus": "1",
        "lit": "yes",
        "name": "Van Ness Avenue",
        "name:etymology:wikidata": "Q6144602",
        "old_name": "Marlette Street",
        "oneway": "yes",
        "placement": "right_of:2",
        "sidewalk": "separate",
        "source:hgv": "https://sfplanninggis.org/TIM/?search=3591024#searchbox",
        "surface": "asphalt",
        "trolley_wire": "yes"
      },
      "geometry": {
        "type": "LineString",
        "coordinates": [
          [
            -122.4246565,
            37.8013482
          ],
          [
            -122.4246481,
            37.801261
          ]
        ]
      },
      "id": "way/85644954"
    },
    {
      "type": "Feature",
      "properties": {
        "@id": "way/85644955",
        "bicycle": "yes",
        "hgv": "designated",
        "highway": "primary",
        "lanes": "3",
        "name": "Van Ness Avenue",
        "name:etymology:wikidata": "Q6144602",
        "old_name": "Marlette Street",
        "oneway": "yes",
        "sidewalk:left": "no",
        "sidewalk:right": "separate",
        "source:hgv": "https://sfplanninggis.org/TIM/?search=3591024#searchbox",
        "surface": "asphalt",
        "trolley_wire": "yes",
        "turn:lanes": "through||"
      },
      "geometry": {
        "type": "LineString",
        "coordinates": [
          [
            -122.4252015,
            37.8041423
          ],
          [
            -122.4251818,
            37.80405
          ],
          [
            -122.4250386,
            37.8032928
          ],
          [
            -122.4250224,
            37.8032096
          ]
        ]
      },
      "id": "way/85644955"
    },
    {
      "type": "Feature",
      "properties": {
        "@id": "way/85644961",
        "NHS": "STRAHNET",
        "bicycle": "yes",
        "hgv": "designated",
        "highway": "trunk",
        "lanes": "2",
        "lit": "yes",
        "maxspeed": "25 mph",
        "name": "Van Ness Avenue",
        "name:etymology:wikidata": "Q6144602",
        "old_name": "Marlette Street",
        "oneway": "yes",
        "ref": "US 101",
        "sidewalk": "separate",
        "source:hgv": "https://sfplanninggis.org/TIM/?search=3591024#searchbox",
        "trolley_wire": "yes"
      },
      "geometry": {
        "type": "LineString",
        "coordinates": [
          [
            -122.4233435,
            37.7948053
          ],
          [
            -122.4233317,
            37.7947421
          ],
          [
            -122.4233004,
            37.7945916
          ],
          [
            -122.4232862,
            37.7944425
          ],
          [
            -122.4232783,
            37.794377
          ],
          [
            -122.4232042,
            37.793997
          ],
          [
            -122.4231794,
            37.7939283
          ]
        ]
      },
      "id": "way/85644961"
    },
    {
      "type": "Feature",
      "properties": {
        "@id": "way/86303732",
        "NHS": "STRAHNET",
        "bicycle": "yes",
        "hgv": "designated",
        "highway": "trunk",
        "lanes": "2",
        "lit": "yes",
        "maxspeed": "25 mph",
        "name": "Van Ness Avenue",
        "name:etymology:wikidata": "Q6144602",
        "old_name": "Marlette Street",
        "oneway": "yes",
        "ref": "US 101",
        "sidewalk": "separate",
        "source:hgv": "https://sfplanninggis.org/TIM/?search=3591024#searchbox",
        "trolley_wire": "yes"
      },
      "geometry": {
        "type": "LineString",
        "coordinates": [
          [
            -122.4224402,
            37.7913157
          ],
          [
            -122.4224579,
            37.7913941
          ],
          [
            -122.4224876,
            37.7915239
          ],
          [
            -122.4225079,
            37.7917532
          ],
          [
            -122.4225827,
            37.7921295
          ],
          [
            -122.4226017,
            37.7921955
          ]
        ]
      },
      "id": "way/86303732"
    },
    {
      "type": "Feature",
      "properties": {
        "@id": "way/87297166",
        "cutting": "yes",
        "hgv": "designated",
        "highway": "primary",
        "lanes": "2",
        "lcn_ref": "210",
        "maxspeed": "40 mph",
        "name": "Broadway",
        "name_1": "Broadway",
        "oneway": "yes",
        "source:hgv": "https://sfplanninggis.org/TIM/?search=3591024#searchbox",
        "tiger:cfcc": "A41",
        "tiger:county": "San Francisco, CA",
        "tiger:name_base": "Robert C Levy;Broadway",
        "tiger:name_base_1": "Broadway",
        "tiger:name_type": "Tunl;St"
      },
      "geometry": {
        "type": "LineString",
        "coordinates": [
          [
            -122.4194926,
            37.7961314
          ],
          [
            -122.417844,
            37.796332
          ]
        ]
      },
      "id": "way/87297166"
    },
    {
      "type": "Feature",
      "properties": {
        "@id": "way/87297168",
        "hgv": "designated",
        "highway": "primary",
        "lanes": "6",
        "lanes:backward": "3",
        "lanes:forward": "3",
        "maxspeed": "25 mph",
        "maxweight:hgv": "3 st",
        "name": "Bay Street",
        "placement:backward": "left_of:1",
        "sidewalk:both": "separate",
        "source:hgv": "https://sfplanninggis.org/TIM/?search=3591024#searchbox",
        "tiger:cfcc": "A41",
        "tiger:county": "San Francisco, CA",
        "tiger:name_base": "Bay",
        "tiger:name_type": "St",
        "turn:lanes:backward": "||right"
      },
      "geometry": {
        "type": "LineString",
        "coordinates": [
          [
            -122.4172795,
            37.8051714
          ],
          [
            -122.4173972,
            37.8051563
          ],
          [
            -122.4175085,
            37.8051412
          ]
        ]
      },
      "id": "way/87297168"
    },
    {
      "type": "Feature",
      "properties": {
        "@id": "way/87297169",
        "cutting": "yes",
        "hgv": "designated",
        "highway": "primary",
        "lanes": "2",
        "lcn_ref": "210",
        "maxspeed": "35 mph",
        "name": "Broadway",
        "name_1": "Broadway",
        "oneway": "yes",
        "source:hgv": "https://sfplanninggis.org/TIM/?search=3591024#searchbox",
        "surface": "asphalt",
        "tiger:cfcc": "A41;A45",
        "tiger:county": "San Francisco, CA",
        "tiger:name_base": "Robert C Levy;Broadway",
        "tiger:name_base_1": "Broadway",
        "tiger:name_type": "Tunl;St"
      },
      "geometry": {
        "type": "LineString",
        "coordinates": [
          [
            -122.4195122,
            37.796212
          ],
          [
            -122.4200433,
            37.7961506
          ],
          [
            -122.4201353,
            37.79614
          ]
        ]
      },
      "id": "way/87297169"
    },
    {
      "type": "Feature",
      "properties": {
        "@id": "way/87376660",
        "cycleway": "shared_lane",
        "hgv": "designated",
        "highway": "primary",
        "lanes": "4",
        "lcn_ref": "10",
        "maxspeed": "20 mph",
        "name": "Broadway",
        "sidewalk:both": "separate",
        "source:hgv": "https://sfplanninggis.org/TIM/?search=3591024#searchbox",
        "surface": "asphalt",
        "tiger:cfcc": "A41",
        "tiger:county": "San Francisco, CA",
        "tiger:name_base": "Broadway",
        "tiger:name_base_1": "Broadway",
        "tiger:name_type": "St"
      },
      "geometry": {
        "type": "LineString",
        "coordinates": [
          [
            -122.4090497,
            37.7975752
          ],
          [
            -122.4087501,
            37.7976123
          ],
          [
            -122.4086323,
            37.7976269
          ]
        ]
      },
      "id": "way/87376660"
    },
    {
      "type": "Feature",
      "properties": {
        "@id": "way/87376669",
        "cycleway:right": "shared_lane",
        "hgv": "designated",
        "highway": "secondary",
        "lanes": "2",
        "lcn_ref": "11",
        "maxspeed": "20 mph",
        "name": "Columbus Avenue",
        "oneway": "yes",
        "sidewalk:left": "no",
        "sidewalk:right": "separate",
        "source:hgv": "https://sfplanninggis.org/TIM/?search=3591024#searchbox",
        "surface": "asphalt",
        "tiger:cfcc": "A41",
        "tiger:county": "San Francisco, CA",
        "tiger:name_base": "Columbus",
        "tiger:name_type": "Ave",
        "trolley_wire": "yes"
      },
      "geometry": {
        "type": "LineString",
        "coordinates": [
          [
            -122.4066341,
            37.7978752
          ],
          [
            -122.4067768,
            37.7979717
          ],
          [
            -122.4069161,
            37.7980738
          ],
          [
            -122.4069621,
            37.7980978
          ],
          [
            -122.4070015,
            37.7981124
          ],
          [
            -122.4070114,
            37.7981161
          ],
          [
            -122.4070746,
            37.7981326
          ]
        ]
      },
      "id": "way/87376669"
    },
    {
      "type": "Feature",
      "properties": {
        "@id": "way/87376672",
        "cycleway:right": "shared_lane",
        "hgv": "designated",
        "highway": "secondary",
        "lanes": "2",
        "lcn_ref": "11",
        "maxspeed": "20 mph",
        "name": "Columbus Avenue",
        "oneway": "yes",
        "sidewalk:left": "no",
        "sidewalk:right": "separate",
        "source:hgv": "https://sfplanninggis.org/TIM/?search=3591024#searchbox",
        "surface": "asphalt",
        "tiger:cfcc": "A41",
        "tiger:county": "San Francisco, CA",
        "tiger:name_base": "Columbus",
        "tiger:name_type": "Ave",
        "trolley_wire": "yes"
      },
      "geometry": {
        "type": "LineString",
        "coordinates": [
          [
            -122.4065336,
            37.7977189
          ],
          [
            -122.4064619,
            37.7976671
          ],
          [
            -122.4063149,
            37.7975656
          ],
          [
            -122.4062707,
            37.7975428
          ],
          [
            -122.4062268,
            37.7975272
          ],
          [
            -122.4061835,
            37.797516
          ]
        ]
      },
      "id": "way/87376672"
    },
    {
      "type": "Feature",
      "properties": {
        "@id": "way/87376675",
        "cycleway:right": "shared_lane",
        "hgv": "designated",
        "highway": "primary",
        "lanes": "4",
        "lcn_ref": "10",
        "name": "Broadway",
        "sidewalk:both": "separate",
        "source:hgv": "https://sfplanninggis.org/TIM/?search=3591024#searchbox",
        "surface": "asphalt",
        "tiger:cfcc": "A41",
        "tiger:county": "San Francisco, CA",
        "tiger:name_base": "Broadway",
        "tiger:name_base_1": "Broadway",
        "tiger:name_type": "St"
      },
      "geometry": {
        "type": "LineString",
        "coordinates": [
          [
            -122.4030933,
            37.7983264
          ],
          [
            -122.4024304,
            37.7984114
          ],
          [
            -122.4023464,
            37.7984223
          ],
          [
            -122.4022446,
            37.7984353
          ]
        ]
      },
      "id": "way/87376675"
    },
    {
      "type": "Feature",
      "properties": {
        "@id": "way/87376679",
        "cycleway": "shared_lane",
        "hgv": "designated",
        "highway": "primary",
        "lcn_ref": "10",
        "name": "Broadway",
        "sidewalk:both": "separate",
        "source:hgv": "https://sfplanninggis.org/TIM/?search=3591024#searchbox",
        "surface": "asphalt",
        "tiger:cfcc": "A41",
        "tiger:county": "San Francisco, CA",
        "tiger:name_base": "Broadway",
        "tiger:name_base_1": "Broadway",
        "tiger:name_type": "St"
      },
      "geometry": {
        "type": "LineString",
        "coordinates": [
          [
            -122.4067424,
            37.7978613
          ],
          [
            -122.4066341,
            37.7978752
          ]
        ]
      },
      "id": "way/87376679"
    },
    {
      "type": "Feature",
      "properties": {
        "@id": "way/87376682",
        "cycleway": "shared_lane",
        "hgv": "designated",
        "highway": "primary",
        "lanes": "5",
        "lanes:backward": "2",
        "lanes:forward": "3",
        "lcn_ref": "10",
        "maxspeed": "20 mph",
        "name": "Broadway",
        "sidewalk:both": "separate",
        "source:hgv": "https://sfplanninggis.org/TIM/?search=3591024#searchbox",
        "tiger:cfcc": "A41",
        "tiger:county": "San Francisco, CA",
        "tiger:name_base": "Broadway",
        "tiger:name_base_1": "Broadway",
        "tiger:name_type": "St",
        "turn:lanes:forward": "||right"
      },
      "geometry": {
        "type": "LineString",
        "coordinates": [
          [
            -122.4070333,
            37.7978241
          ],
          [
            -122.406974,
            37.7978315
          ],
          [
            -122.4068446,
            37.7978488
          ],
          [
            -122.4067424,
            37.7978613
          ]
        ]
      },
      "id": "way/87376682"
    },
    {
      "type": "Feature",
      "properties": {
        "@id": "way/87376695",
        "cycleway:both": "shared_lane",
        "cycleway:both:lane": "pictogram",
        "hgv": "designated",
        "highway": "primary",
        "lanes": "4",
        "lcn_ref": "10",
        "lit": "yes",
        "maxspeed": "20 mph",
        "name": "Broadway",
        "sidewalk:both": "separate",
        "source:hgv": "https://sfplanninggis.org/TIM/?search=3591024#searchbox",
        "surface": "asphalt",
        "tiger:cfcc": "A41",
        "tiger:county": "San Francisco, CA",
        "tiger:name_base": "Broadway",
        "tiger:name_base_1": "Broadway",
        "tiger:name_type": "St"
      },
      "geometry": {
        "type": "LineString",
        "coordinates": [
          [
            -122.407867,
            37.7977217
          ],
          [
            -122.4077478,
            37.7977365
          ],
          [
            -122.4073538,
            37.7977848
          ],
          [
            -122.4071152,
            37.7978139
          ],
          [
            -122.4070333,
            37.7978241
          ]
        ]
      },
      "id": "way/87376695"
    },
    {
      "type": "Feature",
      "properties": {
        "@id": "way/87376703",
        "cycleway:right": "shared_lane",
        "hgv": "designated",
        "highway": "primary",
        "lanes": "4",
        "lcn_ref": "10",
        "maxspeed": "20 mph",
        "name": "Broadway",
        "sidewalk:both": "separate",
        "source:hgv": "https://sfplanninggis.org/TIM/?search=3591024#searchbox",
        "surface": "asphalt",
        "tiger:cfcc": "A41",
        "tiger:county": "San Francisco, CA",
        "tiger:name_base": "Broadway",
        "tiger:name_base_1": "Broadway",
        "tiger:name_type": "St"
      },
      "geometry": {
        "type": "LineString",
        "coordinates": [
          [
            -122.4059272,
            37.7979655
          ],
          [
            -122.4056442,
            37.7980044
          ],
          [
            -122.4054982,
            37.79802
          ]
        ]
      },
      "id": "way/87376703"
    },
    {
      "type": "Feature",
      "properties": {
        "@id": "way/88142686",
        "hgv": "designated",
        "highway": "primary",
        "lanes": "4",
        "lanes:backward": "3",
        "lanes:forward": "1",
        "maxspeed": "25 mph",
        "name": "Bay Street",
        "sidewalk:both": "separate",
        "source:hgv": "https://sfplanninggis.org/TIM/?search=3591024#searchbox",
        "surface": "asphalt",
        "tiger:cfcc": "A41",
        "tiger:county": "San Francisco, CA",
        "tiger:name_base": "Bay",
        "tiger:name_type": "St",
        "turn:lanes:backward": "left|right|right"
      },
      "geometry": {
        "type": "LineString",
        "coordinates": [
          [
            -122.4059603,
            37.8066266
          ],
          [
            -122.4060651,
            37.8065937
          ],
          [
            -122.4061205,
            37.8065837
          ],
          [
            -122.4065005,
            37.8065305
          ]
        ]
      },
      "id": "way/88142686"
    },
    {
      "type": "Feature",
      "properties": {
        "@id": "way/88142687",
        "cycleway:right": "lane",
        "hgv": "designated",
        "highway": "primary",
        "lanes": "2",
        "lcn_ref": "5",
        "maxspeed": "30 mph",
        "name": "The Embarcadero",
        "oneway": "yes",
        "sidewalk:left": "no",
        "sidewalk:right": "separate",
        "source:hgv": "https://sfplanninggis.org/TIM/?search=3591024#searchbox",
        "surface": "asphalt",
        "tiger:cfcc": "A45",
        "tiger:county": "San Francisco, CA",
        "tiger:name_base": "The Embarcadero"
      },
      "geometry": {
        "type": "LineString",
        "coordinates": [
          [
            -122.4018933,
            37.8038159
          ],
          [
            -122.401465,
            37.803332
          ],
          [
            -122.4010226,
            37.8028519
          ],
          [
            -122.4008668,
            37.8026744
          ]
        ]
      },
      "id": "way/88142687"
    },
    {
      "type": "Feature",
      "properties": {
        "@id": "way/88142688",
        "cycleway:right": "lane",
        "hgv": "designated",
        "highway": "primary",
        "lanes": "2",
        "lcn_ref": "5",
        "lit": "yes",
        "maxspeed": "30 mph",
        "name": "The Embarcadero",
        "oneway": "yes",
        "sidewalk": "right",
        "source:hgv": "https://sfplanninggis.org/TIM/?search=3591024#searchbox",
        "surface": "asphalt",
        "tiger:cfcc": "A45",
        "tiger:county": "San Francisco, CA",
        "tiger:name_base": "The Embarcadero"
      },
      "geometry": {
        "type": "LineString",
        "coordinates": [
          [
            -122.4059603,
            37.8066266
          ],
          [
            -122.4058455,
            37.8065662
          ],
          [
            -122.4048847,
            37.8060639
          ],
          [
            -122.4047788,
            37.8059972
          ],
          [
            -122.4044458,
            37.8057581
          ]
        ]
      },
      "id": "way/88142688"
    },
    {
      "type": "Feature",
      "properties": {
        "@id": "way/88463826",
        "cycleway:right": "track",
        "hgv": "designated",
        "highway": "primary",
        "lanes": "2",
        "lcn_ref": "5",
        "lit": "yes",
        "maxspeed": "30 mph",
        "name": "The Embarcadero",
        "oneway": "yes",
        "oneway:bicycle": "no",
        "sidewalk": "separate",
        "source:hgv": "https://sfplanninggis.org/TIM/?search=3591024#searchbox",
        "surface": "asphalt",
        "tiger:cfcc": "A45",
        "tiger:county": "San Francisco, CA",
        "tiger:name_base": "The Embarcadero"
      },
      "geometry": {
        "type": "LineString",
        "coordinates": [
          [
            -122.39309,
            37.7944139
          ],
          [
            -122.3932011,
            37.7945194
          ],
          [
            -122.3933097,
            37.7946218
          ]
        ]
      },
      "id": "way/88463826"
    },
    {
      "type": "Feature",
      "properties": {
        "@id": "way/88463827",
        "cycleway:right": "lane",
        "hgv": "designated",
        "highway": "primary",
        "lanes": "2",
        "lcn_ref": "5",
        "lit": "yes",
        "maxspeed": "30 mph",
        "name": "The Embarcadero",
        "oneway": "yes",
        "sidewalk": "right",
        "source:hgv": "https://sfplanninggis.org/TIM/?search=3591024#searchbox",
        "surface": "asphalt",
        "tiger:cfcc": "A45",
        "tiger:county": "San Francisco, CA",
        "tiger:name_base": "The Embarcadero"
      },
      "geometry": {
        "type": "LineString",
        "coordinates": [
          [
            -122.3926071,
            37.7937194
          ],
          [
            -122.3925917,
            37.7937041
          ],
          [
            -122.3925089,
            37.7936304
          ],
          [
            -122.39229,
            37.7934284
          ],
          [
            -122.3922475,
            37.7933922
          ]
        ]
      },
      "id": "way/88463827"
    },
    {
      "type": "Feature",
      "properties": {
        "@id": "way/88463829",
        "cycleway:right": "lane",
        "hgv": "designated",
        "highway": "primary",
        "lanes": "2",
        "lcn_ref": "5",
        "maxspeed": "30 mph",
        "name": "The Embarcadero",
        "oneway": "yes",
        "sidewalk": "right",
        "source:hgv": "https://sfplanninggis.org/TIM/?search=3591024#searchbox",
        "surface": "asphalt",
        "tiger:cfcc": "A45",
        "tiger:county": "San Francisco, CA",
        "tiger:name_base": "The Embarcadero"
      },
      "geometry": {
        "type": "LineString",
        "coordinates": [
          [
            -122.3901483,
            37.7907482
          ],
          [
            -122.3900508,
            37.7906699
          ],
          [
            -122.3899033,
            37.7905578
          ],
          [
            -122.3892454,
            37.7900365
          ],
          [
            -122.3888142,
            37.7896929
          ],
          [
            -122.388734,
            37.789618
          ],
          [
            -122.3887105,
            37.7895961
          ],
          [
            -122.3886184,
            37.7894946
          ]
        ]
      },
      "id": "way/88463829"
    },
    {
      "type": "Feature",
      "properties": {
        "@id": "way/88463830",
        "cycleway": "lane",
        "hgv": "designated",
        "highway": "secondary",
        "lanes": "2",
        "lcn_ref": "30",
        "maxspeed": "20 mph",
        "name": "Folsom Street",
        "name:etymology:wikidata": "Q3185252",
        "sidewalk:both": "separate",
        "source:hgv": "https://sfplanninggis.org/TIM/?search=3591024#searchbox",
        "surface": "asphalt",
        "tiger:cfcc": "A41",
        "tiger:county": "San Francisco, CA",
        "tiger:name_base": "Folsom",
        "tiger:name_type": "St"
      },
      "geometry": {
        "type": "LineString",
        "coordinates": [
          [
            -122.3901483,
            37.7907482
          ],
          [
            -122.3900924,
            37.7907905
          ],
          [
            -122.3900716,
            37.7908062
          ],
          [
            -122.3900097,
            37.790853
          ],
          [
            -122.3899876,
            37.7908697
          ],
          [
            -122.3899224,
            37.7909191
          ]
        ]
      },
      "id": "way/88463830"
    },
    {
      "type": "Feature",
      "properties": {
        "@id": "way/88466052",
        "cycleway:right": "track",
        "hgv": "designated",
        "highway": "primary",
        "lanes": "2",
        "lit": "yes",
        "maxspeed": "30 mph",
        "name": "The Embarcadero",
        "oneway": "yes",
        "oneway:bicycle": "no",
        "parking:lane:right": "parallel",
        "sidewalk": "separate",
        "source:hgv": "https://sfplanninggis.org/TIM/?search=3591024#searchbox",
        "surface": "asphalt",
        "tiger:cfcc": "A45",
        "tiger:county": "San Francisco, CA",
        "tiger:name_base": "The Embarcadero"
      },
      "geometry": {
        "type": "LineString",
        "coordinates": [
          [
            -122.3899224,
            37.7909191
          ],
          [
            -122.3900101,
            37.7910175
          ],
          [
            -122.3901162,
            37.7911343
          ],
          [
            -122.390132,
            37.791155
          ],
          [
            -122.3902197,
            37.7912695
          ],
          [
            -122.390306,
            37.7914025
          ],
          [
            -122.3903912,
            37.7915539
          ],
          [
            -122.3904621,
            37.7917075
          ],
          [
            -122.3904886,
            37.7917624
          ]
        ]
      },
      "id": "way/88466052"
    },
    {
      "type": "Feature",
      "properties": {
        "@id": "way/88466055",
        "hgv": "designated",
        "highway": "secondary",
        "lanes": "4",
        "lanes:backward": "1",
        "lanes:forward": "3",
        "lit": "yes",
        "maxspeed": "25 mph",
        "name": "Harrison Street",
        "oneway": "no",
        "parking:lane:both": "parallel",
        "sidewalk:both": "separate",
        "source:hgv": "https://sfplanninggis.org/TIM/?search=3591024#searchbox",
        "surface": "paved",
        "tiger:cfcc": "A41",
        "tiger:county": "San Francisco, CA",
        "tiger:name_base": "Harrison",
        "tiger:name_type": "St"
      },
      "geometry": {
        "type": "LineString",
        "coordinates": [
          [
            -122.3894699,
            37.7888206
          ],
          [
            -122.3895225,
            37.78878
          ],
          [
            -122.3898907,
            37.78849
          ],
          [
            -122.3902372,
            37.7882175
          ],
          [
            -122.390321,
            37.7881515
          ]
        ]
      },
      "id": "way/88466055"
    },
    {
      "type": "Feature",
      "properties": {
        "@id": "way/88572881",
        "cycleway:right": "no",
        "highway": "secondary",
        "lanes": "4",
        "lanes:psv": "1",
        "maxspeed": "20 mph",
        "name": "Fremont Street",
        "name:etymology:wikidata": "Q169011",
        "oneway": "yes",
        "sidewalk:both": "separate",
        "surface": "asphalt",
        "tiger:cfcc": "A41",
        "tiger:county": "San Francisco, CA",
        "tiger:name_base": "Fremont",
        "tiger:name_type": "St",
        "trolley_wire": "yes"
      },
      "geometry": {
        "type": "LineString",
        "coordinates": [
          [
            -122.3967026,
            37.7904732
          ],
          [
            -122.396786,
            37.7905395
          ],
          [
            -122.3969942,
            37.7907071
          ],
          [
            -122.3972643,
            37.7909213
          ],
          [
            -122.3974421,
            37.7910623
          ],
          [
            -122.397536,
            37.7911349
          ]
        ]
      },
      "id": "way/88572881"
    },
    {
      "type": "Feature",
      "properties": {
        "@id": "way/88572905",
        "hgv": "designated",
        "highway": "secondary",
        "lanes": "3",
        "name": "1st Street",
        "oneway": "yes",
        "sidewalk:both": "separate",
        "source:hgv": "https://sfplanninggis.org/TIM/?search=3591024#searchbox",
        "surface": "asphalt",
        "tiger:cfcc": "A41",
        "tiger:county": "San Francisco, CA",
        "tiger:name_base": "1st",
        "tiger:name_type": "St",
        "trolley_wire": "yes"
      },
      "geometry": {
        "type": "LineString",
        "coordinates": [
          [
            -122.3974663,
            37.7896928
          ],
          [
            -122.3972689,
            37.789535
          ],
          [
            -122.3971756,
            37.7894604
          ],
          [
            -122.3971691,
            37.7894554
          ],
          [
            -122.3971148,
            37.7894133
          ],
          [
            -122.397043,
            37.7893521
          ]
        ]
      },
      "id": "way/88572905"
    },
    {
      "type": "Feature",
      "properties": {
        "@id": "way/88597575",
        "highway": "secondary",
        "lanes": "3",
        "name": "Front Street",
        "oneway": "yes",
        "sidewalk": "separate",
        "surface": "asphalt",
        "tiger:cfcc": "A41",
        "tiger:county": "San Francisco, CA",
        "tiger:name_base": "Front",
        "tiger:name_type": "St",
        "turn:lanes": "left|left;through|through"
      },
      "geometry": {
        "type": "LineString",
        "coordinates": [
          [
            -122.3982976,
            37.791734
          ],
          [
            -122.3983156,
            37.7917442
          ],
          [
            -122.3983752,
            37.7917783
          ],
          [
            -122.3984483,
            37.7918226
          ],
          [
            -122.3984764,
            37.7918501
          ],
          [
            -122.3985001,
            37.7918818
          ],
          [
            -122.3985291,
            37.7920217
          ]
        ]
      },
      "id": "way/88597575"
    },
    {
      "type": "Feature",
      "properties": {
        "@id": "way/90536369",
        "NHS": "STRAHNET",
        "bicycle": "no",
        "destination:lanes": "none|none|none|Alexander Avenue",
        "hgv": "designated",
        "hgv:state_network": "yes",
        "highway": "motorway",
        "lanes": "4",
        "lanes:conditional": "5 @ (Tu-Fr 15:30-17:00)",
        "lit": "yes",
        "maxspeed": "55 mph",
        "name": "Redwood Highway",
        "oneway": "yes",
        "ref": "US 101;CA 1",
        "source": "Yahoo,TIGER",
        "source:hgv:state_network": "Caltrans http://www.dot.ca.gov/hq/traffops/trucks/truckmap/",
        "surface": "asphalt",
        "toll": "no",
        "turn:lanes": "through|through|through|slight_right",
        "turn:lanes:conditional": "(through|through|through|through|right) @ (Tu-Fr 15:30-17:00)"
      },
      "geometry": {
        "type": "LineString",
        "coordinates": [
          [
            -122.482419,
            37.8333567
          ],
          [
            -122.482556,
            37.8334316
          ],
          [
            -122.4826834,
            37.8335047
          ],
          [
            -122.4828079,
            37.8335804
          ],
          [
            -122.4829359,
            37.8336656
          ],
          [
            -122.483074,
            37.8337609
          ]
        ]
      },
      "id": "way/90536369"
    },
    {
      "type": "Feature",
      "properties": {
        "@id": "way/90536393",
        "NHS": "STRAHNET",
        "access:lanes": "yes|yes|yes|yes|no",
        "alt_name": "Doyle Drive",
        "bicycle": "no",
        "bus:lanes": "yes|yes|yes|yes|designated",
        "bus_bay": "right",
        "hgv": "designated",
        "highway": "motorway",
        "lanes": "5",
        "lanes:bus:forward": "1",
        "lit": "yes",
        "maxspeed": "35 mph",
        "name": "Presidio Parkway",
        "oneway": "yes",
        "placement": "right_of:2",
        "ref": "US 101;CA 1",
        "sidewalk": "separate",
        "source:hgv": "https://sfplanninggis.org/TIM/?search=3591024#searchbox",
        "surface": "asphalt",
        "tiger:cfcc": "A25",
        "tiger:name_base": "Richardson",
        "tiger:name_type": "Ave",
        "toll": "no",
        "turn:lanes": "|||merge_to_left|"
      },
      "geometry": {
        "type": "LineString",
        "coordinates": [
          [
            -122.4750049,
            37.8069452
          ],
          [
            -122.4750251,
            37.8069666
          ],
          [
            -122.4750469,
            37.8069892
          ],
          [
            -122.475149,
            37.8070898
          ],
          [
            -122.4752545,
            37.8071899
          ],
          [
            -122.4752739,
            37.807208
          ]
        ]
      },
      "id": "way/90536393"
    },
    {
      "type": "Feature",
      "properties": {
        "@id": "way/90536421",
        "NHS": "STRAHNET",
        "bicycle": "no",
        "cycleway:both": "no",
        "hgv": "designated",
        "hgv:state_network": "yes",
        "highway": "motorway",
        "lanes": "4",
        "lit": "yes",
        "maxspeed": "55 mph",
        "name": "Redwood Highway",
        "oneway": "yes",
        "ref": "US 101;CA 1",
        "source": "Yahoo,TIGER",
        "source:hgv:state_network": "Caltrans http://www.dot.ca.gov/hq/traffops/trucks/truckmap/",
        "surface": "asphalt",
        "toll": "yes"
      },
      "geometry": {
        "type": "LineString",
        "coordinates": [
          [
            -122.4848428,
            37.8356835
          ],
          [
            -122.4844189,
            37.8349689
          ],
          [
            -122.4843473,
            37.8348531
          ],
          [
            -122.484273,
            37.8347376
          ],
          [
            -122.4841964,
            37.8346257
          ],
          [
            -122.4841165,
            37.8345157
          ],
          [
            -122.4840103,
            37.834386
          ],
          [
            -122.4839135,
            37.8342789
          ],
          [
            -122.4838179,
            37.8341785
          ],
          [
            -122.4837194,
            37.8340822
          ],
          [
            -122.4836033,
            37.8339781
          ],
          [
            -122.4834939,
            37.8338855
          ],
          [
            -122.4833821,
            37.8337983
          ],
          [
            -122.4832559,
            37.8337076
          ],
          [
            -122.4831374,
            37.8336276
          ],
          [
            -122.4830009,
            37.8335412
          ],
          [
            -122.4828724,
            37.833465
          ],
          [
            -122.4827394,
            37.8333903
          ],
          [
            -122.4825957,
            37.8333137
          ],
          [
            -122.4824335,
            37.8332296
          ],
          [
            -122.482163,
            37.833091
          ],
          [
            -122.4817231,
            37.8328697
          ],
          [
            -122.4815882,
            37.832801
          ],
          [
            -122.4814535,
            37.832728
          ],
          [
            -122.481317,
            37.832649
          ],
          [
            -122.4811884,
            37.8325666
          ],
          [
            -122.481009,
            37.8324326
          ]
        ]
      },
      "id": "way/90536421"
    },
    {
      "type": "Feature",
      "properties": {
        "@id": "way/91181770",
        "cycleway:right": "no",
        "hgv": "designated",
        "highway": "secondary",
        "lanes": "4",
        "name": "1st Street",
        "oneway": "yes",
        "sidewalk": "separate",
        "source:hgv": "https://sfplanninggis.org/TIM/?search=3591024#searchbox",
        "tiger:cfcc": "A41",
        "tiger:county": "San Francisco, CA",
        "tiger:name_base": "1st",
        "tiger:name_type": "St"
      },
      "geometry": {
        "type": "LineString",
        "coordinates": [
          [
            -122.396028,
            37.7885423
          ],
          [
            -122.3959464,
            37.7884766
          ],
          [
            -122.395496,
            37.788117
          ],
          [
            -122.3954152,
            37.7880515
          ],
          [
            -122.395005,
            37.7877231
          ]
        ]
      },
      "id": "way/91181770"
    },
    {
      "type": "Feature",
      "properties": {
        "@id": "way/91181774",
        "cycleway:left": "track",
        "cycleway:left:oneway": "no",
        "cycleway:right": "no",
        "hgv": "designated",
        "highway": "secondary",
        "lanes": "3",
        "lit": "yes",
        "maxspeed": "25 mph",
        "maxspeed:type": "US:urban",
        "name": "Bush Street",
        "oneway": "yes",
        "oneway:bicycle": "no",
        "source:hgv": "https://sfplanninggis.org/TIM/?search=3591024#searchbox",
        "surface": "asphalt",
        "tiger:cfcc": "A41",
        "tiger:county": "San Francisco, CA",
        "tiger:name_base": "Bush",
        "tiger:name_type": "St",
        "turn:lanes": "through|through|through"
      },
      "geometry": {
        "type": "LineString",
        "coordinates": [
          [
            -122.3995153,
            37.7913152
          ],
          [
            -122.3994515,
            37.7912824
          ],
          [
            -122.3992712,
            37.7911377
          ],
          [
            -122.3991786,
            37.7910634
          ],
          [
            -122.3991626,
            37.7910505
          ]
        ]
      },
      "id": "way/91181774"
    },
    {
      "type": "Feature",
      "properties": {
        "@id": "way/91181775",
        "cycleway:left": "track",
        "cycleway:left:oneway": "no",
        "cycleway:right": "no",
        "highway": "secondary",
        "lanes": "3",
        "maxspeed": "25 mph",
        "name": "Battery Street",
        "oneway": "yes",
        "oneway:bicycle": "no",
        "parking:lane:both": "parallel",
        "sidewalk:both": "separate",
        "surface": "asphalt",
        "tiger:cfcc": "A41",
        "tiger:county": "San Francisco, CA",
        "tiger:name_base": "Battery",
        "tiger:name_type": "St"
      },
      "geometry": {
        "type": "LineString",
        "coordinates": [
          [
            -122.4005077,
            37.7958741
          ],
          [
            -122.4004837,
            37.7957982
          ],
          [
            -122.4004193,
            37.795469
          ],
          [
            -122.4004109,
            37.7954213
          ]
        ]
      },
      "id": "way/91181775"
    },
    {
      "type": "Feature",
      "properties": {
        "@id": "way/91182062",
        "hgv": "designated",
        "highway": "secondary",
        "lanes": "3",
        "name": "Kearny Street",
        "name:en": "Kearny Street",
        "name:etymology:wikidata": "Q518351",
        "name:zh": "乾尼街",
        "oneway": "yes",
        "sidewalk:both": "separate",
        "source:hgv": "https://sfplanninggis.org/TIM/?search=3591024#searchbox",
        "tiger:cfcc": "A41",
        "tiger:county": "San Francisco, CA",
        "tiger:name_base": "Kearny",
        "tiger:name_type": "St"
      },
      "geometry": {
        "type": "LineString",
        "coordinates": [
          [
            -122.4047926,
            37.7944619
          ],
          [
            -122.4048077,
            37.7945132
          ],
          [
            -122.4048411,
            37.7946725
          ],
          [
            -122.4048447,
            37.7946907
          ],
          [
            -122.4048784,
            37.7948556
          ],
          [
            -122.4048954,
            37.794955
          ],
          [
            -122.4049237,
            37.7950885
          ]
        ]
      },
      "id": "way/91182062"
    },
    {
      "type": "Feature",
      "properties": {
        "@id": "way/91185854",
        "hgv": "designated",
        "highway": "secondary",
        "lanes": "2",
        "maxspeed": "25 mph",
        "maxweight:hgv": "3 st",
        "name": "Bay Street",
        "sidewalk": "left",
        "source:hgv": "https://sfplanninggis.org/TIM/?search=3591024#searchbox",
        "surface": "asphalt",
        "tiger:cfcc": "A41",
        "tiger:county": "San Francisco, CA",
        "tiger:name_base": "Bay",
        "tiger:name_type": "St"
      },
      "geometry": {
        "type": "LineString",
        "coordinates": [
          [
            -122.4314574,
            37.803349
          ],
          [
            -122.4317116,
            37.8032701
          ]
        ]
      },
      "id": "way/91185854"
    },
    {
      "type": "Feature",
      "properties": {
        "@id": "way/91185877",
        "cycleway": "shared_lane",
        "hgv": "designated",
        "highway": "secondary",
        "lanes": "4",
        "lcn_ref": "11",
        "maxspeed": "20 mph",
        "name": "Columbus Avenue",
        "old_name": "Montgomery Avenue",
        "sidewalk:left": "separate",
        "sidewalk:right": "no",
        "source:hgv": "https://sfplanninggis.org/TIM/?search=3591024#searchbox",
        "surface": "asphalt",
        "tiger:cfcc": "A41",
        "tiger:county": "San Francisco, CA",
        "tiger:name_base": "Columbus",
        "tiger:name_type": "Ave",
        "trolley_wire": "yes"
      },
      "geometry": {
        "type": "LineString",
        "coordinates": [
          [
            -122.4052824,
            37.796894
          ],
          [
            -122.4055421,
            37.797072
          ]
        ]
      },
      "id": "way/91185877"
    },
    {
      "type": "Feature",
      "properties": {
        "@id": "way/91807945",
        "bicycle": "no",
        "destination:ref": "US 101 North;CA 1 North",
        "foot": "no",
        "highway": "motorway_link",
        "lanes": "1",
        "maxspeed": "55 mph",
        "oneway": "yes",
        "surface": "asphalt"
      },
      "geometry": {
        "type": "LineString",
        "coordinates": [
          [
            -122.480897,
            37.8332614
          ],
          [
            -122.4809994,
            37.8332846
          ],
          [
            -122.4810359,
            37.8332928
          ],
          [
            -122.4810725,
            37.8333008
          ],
          [
            -122.4811093,
            37.833308
          ],
          [
            -122.4811512,
            37.8333139
          ],
          [
            -122.4811913,
            37.8333173
          ],
          [
            -122.4812319,
            37.833318
          ],
          [
            -122.4812741,
            37.8333169
          ],
          [
            -122.4813151,
            37.8333128
          ],
          [
            -122.4813572,
            37.833305
          ],
          [
            -122.481398,
            37.8332946
          ],
          [
            -122.4814367,
            37.8332805
          ],
          [
            -122.481472,
            37.8332644
          ],
          [
            -122.4815059,
            37.8332453
          ],
          [
            -122.4815368,
            37.8332259
          ],
          [
            -122.4815693,
            37.8332072
          ],
          [
            -122.481602,
            37.8331915
          ],
          [
            -122.4816356,
            37.8331779
          ],
          [
            -122.481668,
            37.8331692
          ],
          [
            -122.4817002,
            37.8331634
          ],
          [
            -122.4817322,
            37.8331609
          ],
          [
            -122.4817629,
            37.8331608
          ],
          [
            -122.4817985,
            37.8331641
          ],
          [
            -122.4818401,
            37.8331713
          ],
          [
            -122.4818842,
            37.8331818
          ],
          [
            -122.4819359,
            37.8331965
          ],
          [
            -122.482419,
            37.8333567
          ]
        ]
      },
      "id": "way/91807945"
    },
    {
      "type": "Feature",
      "properties": {
        "@id": "way/91814414",
        "bicycle": "no",
        "highway": "motorway_link",
        "lanes": "1",
        "lit": "yes",
        "maxspeed": "35 mph",
        "oneway": "yes",
        "sidewalk": "separate",
        "tiger:cfcc": "A41",
        "tiger:name_base": "Hwy 101 N on",
        "tiger:name_type": "Ramp",
        "toll": "no",
        "turn": "right"
      },
      "geometry": {
        "type": "LineString",
        "coordinates": [
          [
            -122.4743306,
            37.8069934
          ],
          [
            -122.4745802,
            37.8068759
          ],
          [
            -122.4745961,
            37.8068691
          ],
          [
            -122.4746111,
            37.8068631
          ],
          [
            -122.4746264,
            37.8068572
          ],
          [
            -122.4746411,
            37.806852
          ],
          [
            -122.4746561,
            37.8068473
          ],
          [
            -122.4746703,
            37.8068443
          ],
          [
            -122.4746839,
            37.8068425
          ],
          [
            -122.4746981,
            37.8068419
          ],
          [
            -122.4747116,
            37.8068425
          ],
          [
            -122.4747245,
            37.8068438
          ],
          [
            -122.4747384,
            37.8068462
          ],
          [
            -122.4747525,
            37.8068496
          ],
          [
            -122.4747663,
            37.8068537
          ],
          [
            -122.4747792,
            37.8068584
          ],
          [
            -122.4750049,
            37.8069452
          ]
        ]
      },
      "id": "way/91814414"
    },
    {
      "type": "Feature",
      "properties": {
        "@id": "way/99231475",
        "cycleway:right": "track",
        "hgv": "designated",
        "highway": "secondary",
        "lanes": "5",
        "lanes:backward": "3",
        "lanes:forward": "2",
        "lcn_ref": "30",
        "maxspeed": "25 mph",
        "name": "Howard Street",
        "name:etymology:wikidata": "Q16066217",
        "parking:lane:both": "no",
        "placement:backward": "left_of:1",
        "sidewalk:both": "separate",
        "source:hgv": "https://sfplanninggis.org/TIM/?search=3591024#searchbox",
        "surface": "asphalt",
        "tiger:cfcc": "A41",
        "tiger:county": "San Francisco, CA",
        "tiger:name_base": "Howard",
        "tiger:name_type": "St",
        "trolley_wire": "yes",
        "turn:lanes:backward": "left;through||left"
      },
      "geometry": {
        "type": "LineString",
        "coordinates": [
          [
            -122.3934057,
            37.7906148
          ],
          [
            -122.3934932,
            37.7905457
          ],
          [
            -122.3935658,
            37.7904894
          ]
        ]
      },
      "id": "way/99231475"
    },
    {
      "type": "Feature",
      "properties": {
        "@id": "way/133376103",
        "hgv": "designated",
        "highway": "primary",
        "lanes": "2",
        "lcn_ref": "210",
        "lit": "yes",
        "maxspeed": "35 mph",
        "name": "Broadway",
        "oneway": "yes",
        "sidewalk": "no",
        "source:hgv": "https://sfplanninggis.org/TIM/?search=3591024#searchbox",
        "surface": "concrete",
        "tiger:cfcc": "A41",
        "tiger:county": "San Francisco, CA",
        "tiger:name_base": "Broadway",
        "tiger:name_base_1": "Broadway",
        "tiger:name_type": "St"
      },
      "geometry": {
        "type": "LineString",
        "coordinates": [
          [
            -122.4107613,
            37.7973724
          ],
          [
            -122.4109618,
            37.7973242
          ],
          [
            -122.4110472,
            37.7973037
          ],
          [
            -122.4111327,
            37.7972878
          ],
          [
            -122.4112874,
            37.7972653
          ]
        ]
      },
      "id": "way/133376103"
    },
    {
      "type": "Feature",
      "properties": {
        "@id": "way/133733590",
        "highway": "secondary",
        "lanes": "2",
        "lcn_ref": "16",
        "level": "0",
        "maxspeed": "20 mph",
        "name": "Montgomery Street",
        "name:etymology:wikidata": "Q6220059",
        "oneway": "yes",
        "sidewalk": "separate",
        "surface": "asphalt",
        "tiger:cfcc": "A41",
        "tiger:county": "San Francisco, CA",
        "tiger:name_base": "Montgomery",
        "tiger:name_type": "St",
        "trolley_wire": "yes",
        "turn:lanes": "through|through",
        "wikidata": "Q3322721"
      },
      "geometry": {
        "type": "LineString",
        "coordinates": [
          [
            -122.4020317,
            37.7891058
          ],
          [
            -122.4020129,
            37.7890258
          ],
          [
            -122.4020079,
            37.7890095
          ]
        ]
      },
      "id": "way/133733590"
    },
    {
      "type": "Feature",
      "properties": {
        "@id": "way/135116277",
        "bicycle": "no",
        "bridge": "yes",
        "destination": "Marina Boulevard",
        "destination:ref": "US 101 South",
        "highway": "motorway_link",
        "lanes": "1",
        "layer": "1",
        "maxspeed": "35 mph",
        "oneway": "yes",
        "surface": "concrete"
      },
      "geometry": {
        "type": "LineString",
        "coordinates": [
          [
            -122.469438,
            37.8001197
          ],
          [
            -122.4694171,
            37.8003845
          ],
          [
            -122.4694082,
            37.8004637
          ],
          [
            -122.4693609,
            37.8007876
          ],
          [
            -122.469335,
            37.8009865
          ],
          [
            -122.4693016,
            37.8012474
          ]
        ]
      },
      "id": "way/135116277"
    },
    {
      "type": "Feature",
      "properties": {
        "@id": "way/144489552",
        "destination": "Lyon Street",
        "highway": "trunk_link",
        "lanes": "1",
        "oneway": "yes",
        "parking:right": "lane",
        "parking:right:orientation": "parallel",
        "sidewalk:left": "no",
        "sidewalk:right": "separate",
        "surface": "asphalt",
        "turn": "through"
      },
      "geometry": {
        "type": "LineString",
        "coordinates": [
          [
            -122.447663,
            37.800801
          ],
          [
            -122.447685,
            37.8009177
          ],
          [
            -122.447731,
            37.8011791
          ],
          [
            -122.4477471,
            37.8012433
          ],
          [
            -122.4477731,
            37.8013122
          ],
          [
            -122.4478118,
            37.8013878
          ]
        ]
      },
      "id": "way/144489552"
    },
    {
      "type": "Feature",
      "properties": {
        "@id": "way/148846995",
        "cycleway:left": "no",
        "cycleway:right": "shared_lane",
        "cycleway:right:lane": "pictogram",
        "foot": "yes",
        "hgv": "designated",
        "highway": "secondary",
        "lanes": "2",
        "lcn_ref": "11",
        "maxspeed": "20 mph",
        "name": "Columbus Avenue",
        "oneway": "yes",
        "sidewalk": "right",
        "source:hgv": "https://sfplanninggis.org/TIM/?search=3591024#searchbox",
        "surface": "asphalt",
        "tiger:cfcc": "A41",
        "tiger:county": "San Francisco, CA",
        "tiger:name_base": "Columbus",
        "tiger:name_type": "Ave",
        "trolley_wire": "yes"
      },
      "geometry": {
        "type": "LineString",
        "coordinates": [
          [
            -122.4114577,
            37.8011182
          ],
          [
            -122.411367,
            37.8010563
          ],
          [
            -122.4109297,
            37.8007551
          ]
        ]
      },
      "id": "way/148846995"
    },
    {
      "type": "Feature",
      "properties": {
        "@id": "way/148846996",
        "cycleway:right": "shared_lane",
        "foot": "yes",
        "hgv": "designated",
        "highway": "secondary",
        "lcn_ref": "11",
        "maxspeed": "20 mph",
        "name": "Columbus Avenue",
        "oneway": "yes",
        "sidewalk": "right",
        "source:hgv": "https://sfplanninggis.org/TIM/?search=3591024#searchbox",
        "surface": "asphalt",
        "tiger:cfcc": "A41",
        "tiger:county": "San Francisco, CA",
        "tiger:name_base": "Columbus",
        "tiger:name_type": "Ave",
        "trolley_wire": "yes"
      },
      "geometry": {
        "type": "LineString",
        "coordinates": [
          [
            -122.409276,
            37.7996209
          ],
          [
            -122.4091532,
            37.7995429
          ]
        ]
      },
      "id": "way/148846996"
    },
    {
      "type": "Feature",
      "properties": {
        "@id": "way/148874363",
        "cycleway:left": "no",
        "cycleway:right": "shared_lane",
        "cycleway:right:lane": "pictogram",
        "foot": "yes",
        "hgv": "designated",
        "highway": "secondary",
        "lanes": "2",
        "lcn_ref": "11",
        "maxspeed": "20 mph",
        "name": "Columbus Avenue",
        "oneway": "yes",
        "sidewalk": "right",
        "source:hgv": "https://sfplanninggis.org/TIM/?search=3591024#searchbox",
        "surface": "asphalt",
        "tiger:cfcc": "A41",
        "tiger:county": "San Francisco, CA",
        "tiger:name_base": "Columbus",
        "tiger:name_type": "Ave",
        "trolley_wire": "yes"
      },
      "geometry": {
        "type": "LineString",
        "coordinates": [
          [
            -122.4101505,
            37.8003261
          ],
          [
            -122.4102728,
            37.8004089
          ],
          [
            -122.4105975,
            37.8006327
          ],
          [
            -122.4109879,
            37.8009059
          ]
        ]
      },
      "id": "way/148874363"
    },
    {
      "type": "Feature",
      "properties": {
        "@id": "way/148874364",
        "cycleway:left": "no",
        "cycleway:right": "shared_lane",
        "cycleway:right:lane": "pictogram",
        "foot": "yes",
        "hgv": "designated",
        "highway": "secondary",
        "lanes": "2",
        "lcn_ref": "11",
        "maxspeed": "20 mph",
        "name": "Columbus Avenue",
        "oneway": "yes",
        "sidewalk": "right",
        "source:hgv": "https://sfplanninggis.org/TIM/?search=3591024#searchbox",
        "surface": "asphalt",
        "tiger:cfcc": "A41",
        "tiger:county": "San Francisco, CA",
        "tiger:name_base": "Columbus",
        "tiger:name_type": "Ave",
        "trolley_wire": "yes"
      },
      "geometry": {
        "type": "LineString",
        "coordinates": [
          [
            -122.411329,
            37.8011339
          ],
          [
            -122.4114443,
            37.8012125
          ],
          [
            -122.4115228,
            37.8012643
          ],
          [
            -122.4116206,
            37.8013342
          ],
          [
            -122.4117915,
            37.8014527
          ],
          [
            -122.4124825,
            37.8019319
          ],
          [
            -122.412666,
            37.8020571
          ],
          [
            -122.4127778,
            37.8021157
          ],
          [
            -122.412908,
            37.802184
          ]
        ]
      },
      "id": "way/148874364"
    },
    {
      "type": "Feature",
      "properties": {
        "@id": "way/155000226",
        "highway": "motorway_link",
        "lanes": "1",
        "layer": "-1",
        "maxheight": "default",
        "maxspeed": "45 mph",
        "maxspeed:advisory": "20 mph",
        "oneway": "yes",
        "tunnel": "yes"
      },
      "geometry": {
        "type": "LineString",
        "coordinates": [
          [
            -122.4706885,
            37.8037574
          ],
          [
            -122.4707152,
            37.8037372
          ],
          [
            -122.470739,
            37.8037157
          ],
          [
            -122.4707606,
            37.8036933
          ],
          [
            -122.4707801,
            37.8036697
          ],
          [
            -122.4707978,
            37.8036443
          ]
        ]
      },
      "id": "way/155000226"
    },
    {
      "type": "Feature",
      "properties": {
        "@id": "way/155000227",
        "NHS": "STRAHNET",
        "alt_name": "Doyle Drive",
        "bicycle": "no",
        "hgv": "designated",
        "highway": "motorway",
        "lanes": "4",
        "lit": "yes",
        "maxspeed": "45 mph",
        "name": "Presidio Parkway",
        "old_ref": "CA 480",
        "oneway": "yes",
        "ref": "US 101;CA 1",
        "source:hgv": "https://sfplanninggis.org/TIM/?search=3591024#searchbox",
        "surface": "asphalt",
        "tiger:cfcc": "A25",
        "tiger:name_base": "Richardson",
        "tiger:name_type": "Ave",
        "toll": "no"
      },
      "geometry": {
        "type": "LineString",
        "coordinates": [
          [
            -122.4739674,
            37.8055996
          ],
          [
            -122.4739185,
            37.8055549
          ],
          [
            -122.4738141,
            37.8054606
          ],
          [
            -122.4736976,
            37.8053574
          ],
          [
            -122.4735908,
            37.8052632
          ],
          [
            -122.4734788,
            37.8051676
          ],
          [
            -122.4733675,
            37.8050732
          ],
          [
            -122.4732558,
            37.8049805
          ],
          [
            -122.4731416,
            37.8048874
          ],
          [
            -122.4730267,
            37.8047951
          ],
          [
            -122.472911,
            37.8047045
          ],
          [
            -122.4727932,
            37.8046163
          ],
          [
            -122.4726737,
            37.8045286
          ],
          [
            -122.4725512,
            37.8044421
          ],
          [
            -122.472491,
            37.8044003
          ]
        ]
      },
      "id": "way/155000227"
    },
    {
      "type": "Feature",
      "properties": {
        "@id": "way/155000229",
        "NHS": "STRAHNET",
        "alt_name": "Doyle Drive",
        "bicycle": "no",
        "hgv": "designated",
        "highway": "motorway",
        "lanes": "4",
        "maxspeed": "35 mph",
        "name": "Presidio Parkway",
        "old_ref": "CA 480",
        "oneway": "yes",
        "ref": "US 101",
        "source:hgv": "https://sfplanninggis.org/TIM/?search=3591024#searchbox",
        "surface": "concrete"
      },
      "geometry": {
        "type": "LineString",
        "coordinates": [
          [
            -122.4615169,
            37.8015051
          ],
          [
            -122.4613392,
            37.8015189
          ]
        ]
      },
      "id": "way/155000229"
    },
    {
      "type": "Feature",
      "properties": {
        "@id": "way/155000230",
        "NHS": "STRAHNET",
        "alt_name": "Doyle Drive",
        "bicycle": "no",
        "hgv": "designated",
        "highway": "motorway",
        "lanes": "4",
        "lit": "yes",
        "maxspeed": "45 mph",
        "name": "Presidio Parkway",
        "old_ref": "CA 480",
        "oneway": "yes",
        "ref": "US 101",
        "source:hgv": "https://sfplanninggis.org/TIM/?search=3591024#searchbox",
        "surface": "concrete:plates"
      },
      "geometry": {
        "type": "LineString",
        "coordinates": [
          [
            -122.4652718,
            37.8020598
          ],
          [
            -122.4647341,
            37.8019529
          ]
        ]
      },
      "id": "way/155000230"
    },
    {
      "type": "Feature",
      "properties": {
        "@id": "way/156982651",
        "highway": "secondary",
        "lanes": "2",
        "name": "Marina Boulevard",
        "oneway": "yes",
        "sidewalk:left": "no",
        "sidewalk:right": "separate",
        "surface": "asphalt",
        "tiger:cfcc": "A45",
        "tiger:county": "San Francisco, CA",
        "tiger:name_base": "Marina",
        "tiger:name_type": "Blvd"
      },
      "geometry": {
        "type": "LineString",
        "coordinates": [
          [
            -122.4482686,
            37.8047136
          ],
          [
            -122.4481844,
            37.8047861
          ],
          [
            -122.4481282,
            37.8048345
          ],
          [
            -122.4481096,
            37.8048599
          ],
          [
            -122.4480994,
            37.8048914
          ],
          [
            -122.4481,
            37.8049242
          ]
        ]
      },
      "id": "way/156982651"
    },
    {
      "type": "Feature",
      "properties": {
        "@id": "way/161493573",
        "bicycle": "no",
        "destination": "19th Avenue;Golden Gate Park",
        "destination:ref": "CA 1 South",
        "hgv": "designated",
        "hgv:state_network": "yes",
        "highway": "motorway",
        "junction:ref": "438",
        "lanes": "2",
        "lit": "no",
        "maxspeed": "45 mph",
        "maxspeed:advisory": "35 mph",
        "oneway": "yes",
        "ref": "CA 1",
        "source:hgv:state_network": "Caltrans http://www.dot.ca.gov/hq/traffops/trucks/truckmap/",
        "surface": "concrete",
        "tiger:cfcc": "A63;A35",
        "tiger:name_base": "State Highway 1"
      },
      "geometry": {
        "type": "LineString",
        "coordinates": [
          [
            -122.472363,
            37.8043131
          ],
          [
            -122.4719532,
            37.8040066
          ],
          [
            -122.4718873,
            37.8039589
          ],
          [
            -122.4718187,
            37.8039113
          ],
          [
            -122.4717495,
            37.8038658
          ],
          [
            -122.4716831,
            37.803822
          ],
          [
            -122.4716148,
            37.8037773
          ],
          [
            -122.4715452,
            37.8037341
          ],
          [
            -122.4714859,
            37.8036982
          ],
          [
            -122.4714148,
            37.8036554
          ],
          [
            -122.4713456,
            37.8036143
          ],
          [
            -122.4712743,
            37.8035731
          ],
          [
            -122.4712025,
            37.8035323
          ],
          [
            -122.4711307,
            37.8034922
          ],
          [
            -122.4710588,
            37.8034534
          ],
          [
            -122.4709794,
            37.8034105
          ],
          [
            -122.4709076,
            37.8033717
          ],
          [
            -122.4708344,
            37.8033334
          ],
          [
            -122.4707353,
            37.8032828
          ],
          [
            -122.4706341,
            37.8032322
          ],
          [
            -122.4705176,
            37.8031757
          ],
          [
            -122.4703956,
            37.8031178
          ],
          [
            -122.4703254,
            37.8030846
          ],
          [
            -122.4702539,
            37.8030496
          ],
          [
            -122.4701894,
            37.8030162
          ],
          [
            -122.4701215,
            37.8029776
          ],
          [
            -122.4700564,
            37.8029358
          ],
          [
            -122.4699872,
            37.8028854
          ],
          [
            -122.4699324,
            37.8028407
          ],
          [
            -122.4698796,
            37.802794
          ],
          [
            -122.4698296,
            37.8027447
          ],
          [
            -122.469782,
            37.8026938
          ],
          [
            -122.4697381,
            37.802639
          ],
          [
            -122.4697008,
            37.8025882
          ],
          [
            -122.4696601,
            37.8025247
          ],
          [
            -122.4696305,
            37.8024697
          ],
          [
            -122.4695971,
            37.8024028
          ],
          [
            -122.4695732,
            37.8023431
          ],
          [
            -122.4695521,
            37.8022768
          ],
          [
            -122.4695365,
            37.8022136
          ],
          [
            -122.4695246,
            37.8021489
          ],
          [
            -122.4695165,
            37.8020831
          ],
          [
            -122.4695122,
            37.802015
          ],
          [
            -122.4695099,
            37.8019468
          ],
          [
            -122.4695061,
            37.8014436
          ],
          [
            -122.4695041,
            37.8012495
          ]
        ]
      },
      "id": "way/161493573"
    },
    {
      "type": "Feature",
      "properties": {
        "@id": "way/161493574",
        "NHS": "STRAHNET",
        "alt_name": "Doyle Drive",
        "bicycle": "no",
        "bridge": "yes",
        "hgv": "designated",
        "highway": "motorway",
        "lanes": "3",
        "layer": "1",
        "maxspeed": "45 mph",
        "name": "Presidio Parkway",
        "old_ref": "CA 480",
        "oneway": "yes",
        "ref": "US 101",
        "source:hgv": "https://sfplanninggis.org/TIM/?search=3591024#searchbox",
        "surface": "concrete"
      },
      "geometry": {
        "type": "LineString",
        "coordinates": [
          [
            -122.469721,
            37.8030455
          ],
          [
            -122.4696033,
            37.8030066
          ],
          [
            -122.4694782,
            37.8029662
          ],
          [
            -122.4693512,
            37.8029273
          ],
          [
            -122.4692242,
            37.8028889
          ],
          [
            -122.4691105,
            37.8028567
          ],
          [
            -122.4689872,
            37.8028224
          ],
          [
            -122.4688507,
            37.8027864
          ],
          [
            -122.4687145,
            37.8027519
          ],
          [
            -122.4685774,
            37.8027199
          ],
          [
            -122.4684312,
            37.8026866
          ],
          [
            -122.4682919,
            37.8026574
          ],
          [
            -122.4681598,
            37.80263
          ],
          [
            -122.468034,
            37.8026047
          ],
          [
            -122.4679086,
            37.80258
          ]
        ]
      },
      "id": "way/161493574"
    },
    {
      "type": "Feature",
      "properties": {
        "@id": "way/162324913",
        "cycleway": "lane",
        "highway": "secondary",
        "lanes": "2",
        "lcn_ref": "95",
        "lit": "yes",
        "maxspeed": "30 mph",
        "name": "Lincoln Boulevard",
        "name:etymology:wikidata": "Q91",
        "surface": "asphalt",
        "tiger:cfcc": "A41",
        "tiger:name_base": "Lincoln",
        "tiger:name_type": "Blvd"
      },
      "geometry": {
        "type": "LineString",
        "coordinates": [
          [
            -122.4756469,
            37.8044149
          ],
          [
            -122.4756491,
            37.8043286
          ],
          [
            -122.475651,
            37.8041805
          ],
          [
            -122.4756551,
            37.804108
          ],
          [
            -122.4756647,
            37.8040337
          ],
          [
            -122.4756789,
            37.8039623
          ],
          [
            -122.4756957,
            37.8039001
          ],
          [
            -122.4757154,
            37.8038372
          ],
          [
            -122.4757368,
            37.803779
          ],
          [
            -122.4757589,
            37.8037261
          ],
          [
            -122.4757822,
            37.803679
          ],
          [
            -122.4758096,
            37.8036277
          ],
          [
            -122.4758552,
            37.803552
          ],
          [
            -122.4758996,
            37.8034818
          ],
          [
            -122.4759515,
            37.8033995
          ],
          [
            -122.4760335,
            37.8032703
          ],
          [
            -122.4760774,
            37.8032012
          ],
          [
            -122.4761376,
            37.8031074
          ],
          [
            -122.4765002,
            37.8025498
          ],
          [
            -122.4765412,
            37.8024867
          ],
          [
            -122.4765891,
            37.8024141
          ],
          [
            -122.4766394,
            37.8023395
          ],
          [
            -122.4766983,
            37.8022635
          ],
          [
            -122.476766,
            37.8021905
          ],
          [
            -122.4768297,
            37.8021292
          ],
          [
            -122.4769005,
            37.8020705
          ],
          [
            -122.4769868,
            37.8020041
          ],
          [
            -122.4770656,
            37.8019412
          ],
          [
            -122.4771303,
            37.8018834
          ],
          [
            -122.4771903,
            37.8018239
          ],
          [
            -122.4772413,
            37.8017671
          ],
          [
            -122.4772887,
            37.8017072
          ],
          [
            -122.4773326,
            37.8016427
          ]
        ]
      },
      "id": "way/162324913"
    },
    {
      "type": "Feature",
      "properties": {
        "@id": "way/167952606",
        "destination": "Presidio;Marina Boulevard",
        "highway": "motorway_link",
        "junction:ref": "437",
        "lanes": "1",
        "maxspeed": "35 mph",
        "maxspeed:advisory": "25 mph",
        "oneway": "yes",
        "source": "Presidio Parkway project website;guesswork",
        "surface": "asphalt",
        "turn:lanes": "left;right"
      },
      "geometry": {
        "type": "LineString",
        "coordinates": [
          [
            -122.4496764,
            37.802299
          ],
          [
            -122.4498543,
            37.8025646
          ],
          [
            -122.4500778,
            37.8028164
          ],
          [
            -122.450126,
            37.802866
          ],
          [
            -122.4501764,
            37.802914
          ],
          [
            -122.4502273,
            37.8029601
          ],
          [
            -122.4502827,
            37.8030066
          ],
          [
            -122.4503369,
            37.8030483
          ],
          [
            -122.4503949,
            37.8030887
          ],
          [
            -122.4504545,
            37.8031274
          ],
          [
            -122.4505175,
            37.8031654
          ],
          [
            -122.4505797,
            37.8032009
          ],
          [
            -122.4506434,
            37.8032339
          ],
          [
            -122.4507028,
            37.8032635
          ],
          [
            -122.4507655,
            37.8032927
          ],
          [
            -122.4509153,
            37.8033604
          ]
        ]
      },
      "id": "way/167952606"
    },
    {
      "type": "Feature",
      "properties": {
        "@id": "way/167952607",
        "bridge": "yes",
        "highway": "motorway_link",
        "lanes": "2",
        "layer": "1",
        "lit": "yes",
        "maxspeed": "35 mph",
        "oneway": "yes",
        "source": "Presidio Parkway project website;guesswork",
        "surface": "concrete"
      },
      "geometry": {
        "type": "LineString",
        "coordinates": [
          [
            -122.4522158,
            37.8036446
          ],
          [
            -122.4522644,
            37.8036451
          ],
          [
            -122.4523459,
            37.8036444
          ],
          [
            -122.4523817,
            37.8036439
          ]
        ]
      },
      "id": "way/167952607"
    },
    {
      "type": "Feature",
      "properties": {
        "@id": "way/167952609",
        "alt_name": "Doyle Drive",
        "destination:lanes": "Downtown San Francisco;Lombard Street|Downtown San Francisco;Lombard Street|Downtown San Francisco;Lombard Street;Presidio;Marina Boulevard|Presidio;Marina Boulevard",
        "hgv": "designated",
        "highway": "motorway",
        "lanes": "4",
        "layer": "-1",
        "maxheight": "default",
        "maxspeed": "45 mph",
        "name": "Presidio Parkway",
        "old_ref": "CA 480",
        "oneway": "yes",
        "ref": "US 101",
        "source:hgv": "https://sfplanninggis.org/TIM/?search=3591024#searchbox",
        "surface": "concrete",
        "tunnel": "yes",
        "turn:lanes": "||through;slight_right|slight_right"
      },
      "geometry": {
        "type": "LineString",
        "coordinates": [
          [
            -122.4576719,
            37.8025469
          ],
          [
            -122.4571717,
            37.8026821
          ],
          [
            -122.4568447,
            37.802753
          ],
          [
            -122.4564789,
            37.8028289
          ],
          [
            -122.4559415,
            37.802915
          ],
          [
            -122.4554449,
            37.8029721
          ]
        ]
      },
      "id": "way/167952609"
    },
    {
      "type": "Feature",
      "properties": {
        "@id": "way/167952610",
        "NHS": "STRAHNET",
        "alt_name": "Doyle Drive",
        "bicycle": "no",
        "hgv": "designated",
        "highway": "motorway",
        "lanes": "3",
        "maxspeed": "35 mph",
        "name": "Presidio Parkway",
        "old_ref": "CA 480",
        "oneway": "yes",
        "ref": "US 101",
        "source:hgv": "https://sfplanninggis.org/TIM/?search=3591024#searchbox",
        "surface": "concrete"
      },
      "geometry": {
        "type": "LineString",
        "coordinates": [
          [
            -122.4573096,
            37.8028081
          ],
          [
            -122.4574394,
            37.8027717
          ]
        ]
      },
      "id": "way/167952610"
    },
    {
      "type": "Feature",
      "properties": {
        "@id": "way/167952611",
        "alt_name": "Doyle Drive",
        "hgv": "designated",
        "highway": "motorway",
        "lanes": "3",
        "layer": "-1",
        "maxspeed": "35 mph",
        "name": "Presidio Parkway",
        "old_ref": "CA 480",
        "oneway": "yes",
        "ref": "US 101",
        "source:hgv": "https://sfplanninggis.org/TIM/?search=3591024#searchbox",
        "surface": "concrete",
        "tunnel": "yes"
      },
      "geometry": {
        "type": "LineString",
        "coordinates": [
          [
            -122.4542059,
            37.8033354
          ],
          [
            -122.4553676,
            37.8031794
          ],
          [
            -122.4559248,
            37.8030994
          ],
          [
            -122.4564279,
            37.8030151
          ],
          [
            -122.4567976,
            37.802943
          ],
          [
            -122.4573096,
            37.8028081
          ]
        ]
      },
      "id": "way/167952611"
    },
    {
      "type": "Feature",
      "properties": {
        "@id": "way/167952612",
        "bridge": "yes",
        "destination": "19th Avenue",
        "destination:ref": "CA 1 South",
        "highway": "motorway_link",
        "junction:ref": "438",
        "lanes": "1",
        "layer": "1",
        "lit": "yes",
        "maxspeed": "45 mph",
        "oneway": "yes",
        "surface": "concrete"
      },
      "geometry": {
        "type": "LineString",
        "coordinates": [
          [
            -122.467108,
            37.8026165
          ],
          [
            -122.4677463,
            37.8028044
          ]
        ]
      },
      "id": "way/167952612"
    },
    {
      "type": "Feature",
      "properties": {
        "@id": "way/167952615",
        "alt_name": "Doyle Drive",
        "destination:ref": "CA 1",
        "destination:street": "19th Avenue",
        "hgv": "designated",
        "highway": "motorway",
        "lanes": "3",
        "lit": "yes",
        "maxspeed": "35 mph",
        "name": "Presidio Parkway",
        "old_ref": "CA 480",
        "oneway": "yes",
        "ref": "US 101",
        "source:hgv": "https://sfplanninggis.org/TIM/?search=3591024#searchbox",
        "surface": "asphalt",
        "turn:lanes": "||merge_to_left"
      },
      "geometry": {
        "type": "LineString",
        "coordinates": [
          [
            -122.4496764,
            37.802299
          ],
          [
            -122.4498582,
            37.8024748
          ]
        ]
      },
      "id": "way/167952615"
    },
    {
      "type": "Feature",
      "properties": {
        "@id": "way/167952616",
        "destination": "Presidio;Marina Boulevard",
        "highway": "motorway_link",
        "junction:ref": "437",
        "lanes": "2",
        "layer": "-1",
        "maxspeed": "45 mph",
        "maxspeed:advisory": "25 mph",
        "oneway": "yes",
        "surface": "concrete",
        "tunnel": "yes"
      },
      "geometry": {
        "type": "LineString",
        "coordinates": [
          [
            -122.4554449,
            37.8029721
          ],
          [
            -122.454534,
            37.8029595
          ],
          [
            -122.4542625,
            37.8029584
          ]
        ]
      },
      "id": "way/167952616"
    },
    {
      "type": "Feature",
      "properties": {
        "@id": "way/167952618",
        "NHS": "STRAHNET",
        "alt_name": "Doyle Drive",
        "bicycle": "no",
        "hgv": "designated",
        "highway": "motorway",
        "lanes": "3",
        "layer": "-1",
        "maxspeed": "35 mph",
        "name": "Presidio Parkway",
        "old_ref": "CA 480",
        "oneway": "yes",
        "ref": "US 101",
        "source:hgv": "https://sfplanninggis.org/TIM/?search=3591024#searchbox",
        "tunnel": "yes"
      },
      "geometry": {
        "type": "LineString",
        "coordinates": [
          [
            -122.4615533,
            37.8017336
          ],
          [
            -122.4618233,
            37.8017327
          ],
          [
            -122.4620271,
            37.8017274
          ],
          [
            -122.4622792,
            37.8017327
          ],
          [
            -122.4625307,
            37.8017438
          ],
          [
            -122.4627128,
            37.8017664
          ],
          [
            -122.4630207,
            37.8018009
          ],
          [
            -122.463456,
            37.8018788
          ],
          [
            -122.4641329,
            37.8020036
          ]
        ]
      },
      "id": "way/167952618"
    },
    {
      "type": "Feature",
      "properties": {
        "@id": "way/167952620",
        "alt_name": "Doyle Drive",
        "bicycle": "no",
        "bridge": "yes",
        "hgv": "designated",
        "highway": "motorway",
        "lanes": "3",
        "layer": "1",
        "maxspeed": "45 mph",
        "name": "Presidio Parkway",
        "old_ref": "CA 480",
        "oneway": "yes",
        "ref": "US 101",
        "source:hgv": "https://sfplanninggis.org/TIM/?search=3591024#searchbox",
        "surface": "concrete"
      },
      "geometry": {
        "type": "LineString",
        "coordinates": [
          [
            -122.467108,
            37.8026165
          ],
          [
            -122.4677649,
            37.8027508
          ]
        ]
      },
      "id": "way/167952620"
    },
    {
      "type": "Feature",
      "properties": {
        "@id": "way/167952621",
        "alt_name": "Doyle Drive",
        "destination:street": "Lombard Street",
        "hgv": "designated",
        "highway": "motorway",
        "lanes": "3",
        "layer": "-1",
        "maxspeed": "45 mph",
        "name": "Presidio Parkway",
        "old_ref": "CA 480",
        "oneway": "yes",
        "ref": "US 101",
        "source:hgv": "https://sfplanninggis.org/TIM/?search=3591024#searchbox",
        "surface": "concrete",
        "tunnel": "yes"
      },
      "geometry": {
        "type": "LineString",
        "coordinates": [
          [
            -122.4554449,
            37.8029721
          ],
          [
            -122.4549545,
            37.8030314
          ],
          [
            -122.4545479,
            37.8030655
          ],
          [
            -122.454263,
            37.80308
          ]
        ]
      },
      "id": "way/167952621"
    },
    {
      "type": "Feature",
      "properties": {
        "@id": "way/167952622",
        "highway": "motorway_link",
        "lanes": "1",
        "lit": "yes",
        "maxspeed": "45 mph",
        "maxspeed:advisory": "20 mph",
        "oneway": "yes",
        "surface": "concrete"
      },
      "geometry": {
        "type": "LineString",
        "coordinates": [
          [
            -122.46981,
            37.8035856
          ],
          [
            -122.4698363,
            37.8036088
          ],
          [
            -122.4698595,
            37.8036306
          ],
          [
            -122.4698826,
            37.8036526
          ],
          [
            -122.4699046,
            37.8036741
          ],
          [
            -122.469931,
            37.8036996
          ],
          [
            -122.4699593,
            37.8037233
          ],
          [
            -122.4699867,
            37.8037446
          ],
          [
            -122.4700146,
            37.8037637
          ],
          [
            -122.4700481,
            37.8037824
          ],
          [
            -122.4700808,
            37.8037982
          ],
          [
            -122.4701181,
            37.8038129
          ],
          [
            -122.4701566,
            37.8038258
          ],
          [
            -122.4701944,
            37.8038365
          ],
          [
            -122.4702336,
            37.8038455
          ],
          [
            -122.4702719,
            37.8038519
          ],
          [
            -122.4703129,
            37.8038565
          ],
          [
            -122.4703509,
            37.8038588
          ],
          [
            -122.4703882,
            37.8038588
          ],
          [
            -122.4704287,
            37.8038556
          ],
          [
            -122.4704701,
            37.803849
          ],
          [
            -122.470507,
            37.8038411
          ],
          [
            -122.4705472,
            37.8038295
          ],
          [
            -122.4705858,
            37.8038152
          ],
          [
            -122.4706235,
            37.8037975
          ],
          [
            -122.4706593,
            37.8037769
          ],
          [
            -122.4706885,
            37.8037574
          ]
        ]
      },
      "id": "way/167952622"
    },
    {
      "type": "Feature",
      "properties": {
        "@id": "way/167952623",
        "NHS": "STRAHNET",
        "alt_name": "Doyle Drive",
        "bicycle": "no",
        "hgv": "designated",
        "highway": "motorway",
        "lanes": "3",
        "lit": "yes",
        "maxspeed": "45 mph",
        "name": "Presidio Parkway",
        "old_ref": "CA 480",
        "oneway": "yes",
        "ref": "US 101",
        "source:hgv": "https://sfplanninggis.org/TIM/?search=3591024#searchbox",
        "surface": "concrete:plates",
        "tiger:cfcc": "A25",
        "tiger:name_base": "Richardson",
        "tiger:name_type": "Ave"
      },
      "geometry": {
        "type": "LineString",
        "coordinates": [
          [
            -122.4697733,
            37.8032998
          ],
          [
            -122.4699118,
            37.8033499
          ],
          [
            -122.4700602,
            37.8034056
          ],
          [
            -122.4702062,
            37.8034629
          ],
          [
            -122.4703504,
            37.8035207
          ],
          [
            -122.4704944,
            37.8035803
          ],
          [
            -122.4706386,
            37.8036424
          ],
          [
            -122.4707798,
            37.8037053
          ],
          [
            -122.4709088,
            37.8037653
          ]
        ]
      },
      "id": "way/167952623"
    },
    {
      "type": "Feature",
      "properties": {
        "@id": "way/175507521",
        "cycleway:right": "no",
        "highway": "secondary",
        "lanes": "3",
        "maxspeed": "20 mph",
        "name": "Fremont Street",
        "name:etymology:wikidata": "Q169011",
        "oneway": "yes",
        "sidewalk:both": "separate",
        "surface": "asphalt",
        "tiger:cfcc": "A41",
        "tiger:county": "San Francisco, CA",
        "tiger:name_base": "Fremont",
        "tiger:name_type": "St",
        "trolley_wire": "yes",
        "turn:lanes": "left|none|none"
      },
      "geometry": {
        "type": "LineString",
        "coordinates": [
          [
            -122.3961934,
            37.7900668
          ],
          [
            -122.3962974,
            37.7901481
          ],
          [
            -122.3963394,
            37.79018
          ]
        ]
      },
      "id": "way/175507521"
    },
    {
      "type": "Feature",
      "properties": {
        "@id": "way/175507523",
        "hgv": "designated",
        "highway": "secondary",
        "lanes": "4",
        "name": "1st Street",
        "oneway": "yes",
        "parking:lane:left": "parallel",
        "sidewalk:both": "separate",
        "source:hgv": "https://sfplanninggis.org/TIM/?search=3591024#searchbox",
        "surface": "asphalt",
        "tiger:cfcc": "A41",
        "tiger:county": "San Francisco, CA",
        "tiger:name_base": "1st",
        "tiger:name_type": "St",
        "trolley_wire": "yes"
      },
      "geometry": {
        "type": "LineString",
        "coordinates": [
          [
            -122.3965831,
            37.7889844
          ],
          [
            -122.3964134,
            37.7888495
          ]
        ]
      },
      "id": "way/175507523"
    },
    {
      "type": "Feature",
      "properties": {
        "@id": "way/175507524",
        "hgv": "designated",
        "highway": "secondary",
        "lanes": "4",
        "level": "0",
        "name": "1st Street",
        "oneway": "yes",
        "source:hgv": "https://sfplanninggis.org/TIM/?search=3591024#searchbox",
        "tiger:cfcc": "A41",
        "tiger:county": "San Francisco, CA",
        "tiger:name_base": "1st",
        "tiger:name_type": "St",
        "trolley_wire": "yes",
        "tunnel": "building_passage",
        "turn:lanes": "through|through|through|"
      },
      "geometry": {
        "type": "LineString",
        "coordinates": [
          [
            -122.397043,
            37.7893521
          ],
          [
            -122.3970081,
            37.7893242
          ],
          [
            -122.396999,
            37.7893167
          ],
          [
            -122.3966191,
            37.7890137
          ],
          [
            -122.3966072,
            37.789004
          ]
        ]
      },
      "id": "way/175507524"
    },
    {
      "type": "Feature",
      "properties": {
        "@id": "way/197885220",
        "alt_name": "Doyle Drive",
        "hgv": "designated",
        "highway": "motorway",
        "lanes": "3",
        "maxspeed": "45 mph",
        "name": "Presidio Parkway",
        "old_ref": "CA 480",
        "oneway": "yes",
        "ref": "US 101",
        "source:hgv": "https://sfplanninggis.org/TIM/?search=3591024#searchbox",
        "surface": "concrete"
      },
      "geometry": {
        "type": "LineString",
        "coordinates": [
          [
            -122.4512399,
            37.8031776
          ],
          [
            -122.4511921,
            37.8031626
          ],
          [
            -122.4511332,
            37.803143
          ]
        ]
      },
      "id": "way/197885220"
    },
    {
      "type": "Feature",
      "properties": {
        "@id": "way/204967524",
        "hgv": "designated",
        "highway": "primary",
        "lanes": "4",
        "lit": "yes",
        "maxspeed": "25 mph",
        "maxweight:hgv": "3 st",
        "name": "Bay Street",
        "sidewalk:both": "separate",
        "source:hgv": "https://sfplanninggis.org/TIM/?search=3591024#searchbox",
        "surface": "asphalt",
        "tiger:cfcc": "A41",
        "tiger:county": "San Francisco, CA",
        "tiger:name_base": "Bay",
        "tiger:name_type": "St"
      },
      "geometry": {
        "type": "LineString",
        "coordinates": [
          [
            -122.4234834,
            37.8043599
          ],
          [
            -122.4235847,
            37.8043481
          ],
          [
            -122.4249429,
            37.8041748
          ],
          [
            -122.4250497,
            37.804161
          ]
        ]
      },
      "id": "way/204967524"
    },
    {
      "type": "Feature",
      "properties": {
        "@id": "way/204967525",
        "hgv": "designated",
        "highway": "primary",
        "maxspeed": "25 mph",
        "maxweight:hgv": "3 st",
        "name": "Bay Street",
        "sidewalk:both": "separate",
        "source:hgv": "https://sfplanninggis.org/TIM/?search=3591024#searchbox",
        "surface": "asphalt",
        "tiger:cfcc": "A41",
        "tiger:county": "San Francisco, CA",
        "tiger:name_base": "Bay",
        "tiger:name_type": "St"
      },
      "geometry": {
        "type": "LineString",
        "coordinates": [
          [
            -122.4185489,
            37.8050084
          ],
          [
            -122.4186341,
            37.8049985
          ],
          [
            -122.4200801,
            37.8048146
          ],
          [
            -122.4201762,
            37.8048037
          ],
          [
            -122.4201941,
            37.8048014
          ]
        ]
      },
      "id": "way/204967525"
    },
    {
      "type": "Feature",
      "properties": {
        "@id": "way/204967526",
        "hgv": "designated",
        "highway": "primary",
        "lanes": "4",
        "lit": "yes",
        "maxspeed": "25 mph",
        "maxweight:hgv": "3 st",
        "name": "Bay Street",
        "sidewalk:both": "separate",
        "source:hgv": "https://sfplanninggis.org/TIM/?search=3591024#searchbox",
        "surface": "asphalt",
        "tiger:cfcc": "A41",
        "tiger:county": "San Francisco, CA",
        "tiger:name_base": "Bay",
        "tiger:name_type": "St"
      },
      "geometry": {
        "type": "LineString",
        "coordinates": [
          [
            -122.4201941,
            37.8048014
          ],
          [
            -122.4202126,
            37.8047988
          ],
          [
            -122.4203034,
            37.8047859
          ],
          [
            -122.4217468,
            37.8045807
          ],
          [
            -122.4218668,
            37.8045662
          ]
        ]
      },
      "id": "way/204967526"
    },
    {
      "type": "Feature",
      "properties": {
        "@id": "way/204967527",
        "hgv": "designated",
        "highway": "primary",
        "lanes": "4",
        "lit": "yes",
        "maxspeed": "25 mph",
        "maxweight:hgv": "3 st",
        "name": "Bay Street",
        "sidewalk:both": "separate",
        "source:hgv": "https://sfplanninggis.org/TIM/?search=3591024#searchbox",
        "surface": "asphalt",
        "tiger:cfcc": "A41",
        "tiger:county": "San Francisco, CA",
        "tiger:name_base": "Bay",
        "tiger:name_type": "St"
      },
      "geometry": {
        "type": "LineString",
        "coordinates": [
          [
            -122.4218668,
            37.8045662
          ],
          [
            -122.4219427,
            37.8045538
          ],
          [
            -122.4225693,
            37.8044766
          ],
          [
            -122.4226475,
            37.8044667
          ],
          [
            -122.4233901,
            37.8043731
          ],
          [
            -122.4234834,
            37.8043599
          ]
        ]
      },
      "id": "way/204967527"
    },
    {
      "type": "Feature",
      "properties": {
        "@id": "way/204968628",
        "hgv": "designated",
        "highway": "primary",
        "name": "Bay Street",
        "source:hgv": "https://sfplanninggis.org/TIM/?search=3591024#searchbox",
        "tiger:cfcc": "A41",
        "tiger:county": "San Francisco, CA",
        "tiger:name_base": "Bay",
        "tiger:name_type": "St"
      },
      "geometry": {
        "type": "LineString",
        "coordinates": [
          [
            -122.4169069,
            37.8052173
          ],
          [
            -122.417067,
            37.8051971
          ],
          [
            -122.4171628,
            37.8051849
          ]
        ]
      },
      "id": "way/204968628"
    },
    {
      "type": "Feature",
      "properties": {
        "@id": "way/224316513",
        "hgv": "designated",
        "highway": "secondary",
        "lanes": "2",
        "lit": "yes",
        "maxspeed": "30 mph",
        "name": "Bush Street",
        "oneway": "yes",
        "sidewalk:both": "separate",
        "source:hgv": "https://sfplanninggis.org/TIM/?search=3591024#searchbox",
        "surface": "asphalt",
        "tiger:cfcc": "A41",
        "tiger:county": "San Francisco, CA",
        "tiger:name_base": "Bush",
        "tiger:name_type": "St"
      },
      "geometry": {
        "type": "LineString",
        "coordinates": [
          [
            -122.4001553,
            37.7912559
          ],
          [
            -122.3999256,
            37.7912713
          ],
          [
            -122.3997256,
            37.7912965
          ],
          [
            -122.3996112,
            37.7913319
          ]
        ]
      },
      "id": "way/224316513"
    },
    {
      "type": "Feature",
      "properties": {
        "@id": "way/224316514",
        "hgv": "designated",
        "highway": "secondary",
        "lanes": "3",
        "maxspeed": "30 mph",
        "name": "Bush Street",
        "oneway": "yes",
        "sidewalk:both": "separate",
        "source:hgv": "https://sfplanninggis.org/TIM/?search=3591024#searchbox",
        "surface": "asphalt",
        "tiger:cfcc": "A41",
        "tiger:county": "San Francisco, CA",
        "tiger:name_base": "Bush",
        "tiger:name_type": "St",
        "trolley_wire": "yes"
      },
      "geometry": {
        "type": "LineString",
        "coordinates": [
          [
            -122.404059,
            37.7907655
          ],
          [
            -122.4039366,
            37.7907815
          ],
          [
            -122.4037251,
            37.7908087
          ],
          [
            -122.4036983,
            37.7908122
          ],
          [
            -122.4028197,
            37.790926
          ]
        ]
      },
      "id": "way/224316514"
    },
    {
      "type": "Feature",
      "properties": {
        "@id": "way/224316520",
        "hgv": "designated",
        "highway": "secondary",
        "lanes": "4",
        "maxspeed": "20 mph",
        "name": "Kearny Street",
        "name:etymology:wikidata": "Q518351",
        "oneway": "yes",
        "sidewalk:both": "separate",
        "source:hgv": "https://sfplanninggis.org/TIM/?search=3591024#searchbox",
        "surface": "asphalt",
        "tiger:cfcc": "A41",
        "tiger:county": "San Francisco, CA",
        "tiger:name_base": "Kearny",
        "tiger:name_type": "St",
        "trolley_wire": "yes"
      },
      "geometry": {
        "type": "LineString",
        "coordinates": [
          [
            -122.4036842,
            37.788901
          ],
          [
            -122.4036984,
            37.7889711
          ],
          [
            -122.4037744,
            37.7893494
          ],
          [
            -122.4037984,
            37.7894686
          ]
        ]
      },
      "id": "way/224316520"
    },
    {
      "type": "Feature",
      "properties": {
        "@id": "way/224316521",
        "cycleway:right": "no",
        "hgv": "designated",
        "highway": "secondary",
        "lanes": "4",
        "lit": "yes",
        "maxspeed:type": "US:urban",
        "name": "Kearny Street",
        "name:etymology:wikidata": "Q518351",
        "oneway": "yes",
        "sidewalk:both": "separate",
        "source:hgv": "https://sfplanninggis.org/TIM/?search=3591024#searchbox",
        "surface": "asphalt",
        "tiger:cfcc": "A41",
        "tiger:county": "San Francisco, CA",
        "tiger:name_base": "Kearny",
        "tiger:name_type": "St"
      },
      "geometry": {
        "type": "LineString",
        "coordinates": [
          [
            -122.4044255,
            37.7926558
          ],
          [
            -122.4044284,
            37.7926701
          ],
          [
            -122.4044446,
            37.7927509
          ],
          [
            -122.4044776,
            37.7929108
          ],
          [
            -122.4046024,
            37.7935166
          ],
          [
            -122.4046141,
            37.7935779
          ]
        ]
      },
      "id": "way/224316521"
    },
    {
      "type": "Feature",
      "properties": {
        "@id": "way/224316522",
        "cycleway:right": "shared_lane",
        "cycleway:right:lane": "pictogram",
        "highway": "secondary",
        "lanes": "2",
        "lcn_ref": "16",
        "level": "0",
        "maxspeed": "20 mph",
        "name": "Post Street",
        "oneway": "yes",
        "sidewalk": "both",
        "surface": "asphalt",
        "tiger:cfcc": "A41",
        "tiger:county": "San Francisco, CA",
        "tiger:name_type": "St",
        "trolley_wire": "yes"
      },
      "geometry": {
        "type": "LineString",
        "coordinates": [
          [
            -122.4036842,
            37.788901
          ],
          [
            -122.4035707,
            37.7889158
          ],
          [
            -122.4028472,
            37.7890047
          ],
          [
            -122.4028249,
            37.7890075
          ],
          [
            -122.4026336,
            37.7890312
          ],
          [
            -122.4025109,
            37.7890464
          ]
        ]
      },
      "id": "way/224316522"
    },
    {
      "type": "Feature",
      "properties": {
        "@id": "way/224384010",
        "change:lanes:backward": "not_left|yes",
        "change:lanes:forward": "not_left|yes",
        "cycleway": "shared_lane",
        "destination:ref:backward": "US 101 North",
        "hgv": "designated",
        "highway": "primary",
        "lanes": "4",
        "lcn_ref": "10",
        "name": "Broadway",
        "name_1": "Broadway",
        "sidewalk:both": "separate",
        "source:hgv": "https://sfplanninggis.org/TIM/?search=3591024#searchbox",
        "surface": "asphalt"
      },
      "geometry": {
        "type": "LineString",
        "coordinates": [
          [
            -122.4022446,
            37.7984353
          ],
          [
            -122.4021379,
            37.7984488
          ],
          [
            -122.4011789,
            37.7985708
          ],
          [
            -122.401068,
            37.7985851
          ]
        ]
      },
      "id": "way/224384010"
    },
    {
      "type": "Feature",
      "properties": {
        "@id": "way/225432462",
        "cycleway:right": "track",
        "hgv": "designated",
        "highway": "secondary",
        "lanes": "3",
        "lanes:backward": "1",
        "lanes:forward": "2",
        "lcn_ref": "30",
        "lit": "yes",
        "maxspeed": "25 mph",
        "name": "Howard Street",
        "name:etymology:wikidata": "Q16066217",
        "parking:both:orientation": "parallel",
        "parking:left": "lane",
        "parking:right": "street_side",
        "placement:backward": "left_of:1",
        "sidewalk:both": "separate",
        "source:hgv": "https://sfplanninggis.org/TIM/?search=3591024#searchbox",
        "surface": "asphalt",
        "trolley_wire": "yes"
      },
      "geometry": {
        "type": "LineString",
        "coordinates": [
          [
            -122.3943106,
            37.7899029
          ],
          [
            -122.3943747,
            37.7898521
          ],
          [
            -122.3947668,
            37.7895351
          ]
        ]
      },
      "id": "way/225432462"
    },
    {
      "type": "Feature",
      "properties": {
        "@id": "way/225516700",
        "cycleway:both": "no",
        "hgv": "designated",
        "highway": "secondary",
        "lanes": "2",
        "lit": "yes",
        "name": "Divisadero Street",
        "sidewalk": "both",
        "source:hgv": "https://sfplanninggis.org/TIM/?search=3591024#searchbox",
        "surface": "asphalt",
        "tiger:cfcc": "A41",
        "tiger:county": "San Francisco, CA",
        "tiger:name_base": "Divisadero",
        "tiger:name_type": "St",
        "trolley_wire": "yes"
      },
      "geometry": {
        "type": "LineString",
        "coordinates": [
          [
            -122.4408248,
            37.78988
          ],
          [
            -122.4408094,
            37.7898033
          ],
          [
            -122.440803,
            37.7897717
          ],
          [
            -122.4406628,
            37.7890736
          ],
          [
            -122.4406477,
            37.7889987
          ],
          [
            -122.4406331,
            37.7889277
          ],
          [
            -122.4405181,
            37.7883699
          ],
          [
            -122.4404778,
            37.7881743
          ],
          [
            -122.4404641,
            37.788089
          ]
        ]
      },
      "id": "way/225516700"
    },
    {
      "type": "Feature",
      "properties": {
        "@id": "way/238749618",
        "destination:lanes": "Marina Gate|Marina Gate;Gorgas Avenue|Presidio;Visitor Center;Crissy Field",
        "destination:street:lanes": "Marina Boulevard|Marina Boulevard|",
        "highway": "motorway_link",
        "lanes": "3",
        "lit": "yes",
        "maxspeed": "45 mph",
        "maxspeed:advisory": "25 mph",
        "oneway": "yes",
        "placement": "right_of:1",
        "surface": "asphalt",
        "turn:lanes": "left|left;through|right"
      },
      "geometry": {
        "type": "LineString",
        "coordinates": [
          [
            -122.4531492,
            37.8029231
          ],
          [
            -122.4530904,
            37.8029194
          ],
          [
            -122.4530223,
            37.8029144
          ],
          [
            -122.4529281,
            37.8029062
          ],
          [
            -122.4528319,
            37.8028958
          ],
          [
            -122.4526819,
            37.8028761
          ]
        ]
      },
      "id": "way/238749618"
    },
    {
      "type": "Feature",
      "properties": {
        "@id": "way/242896157",
        "cycleway": "track",
        "hgv": "designated",
        "highway": "secondary",
        "lanes": "3",
        "lanes:backward": "1",
        "lanes:forward": "2",
        "lcn_ref": "30",
        "maxspeed": "20 mph",
        "name": "Folsom Street",
        "name:etymology:wikidata": "Q3185252",
        "sidewalk": "separate",
        "source:hgv": "https://sfplanninggis.org/TIM/?search=3591024#searchbox",
        "tiger:cfcc": "A41",
        "tiger:county": "San Francisco, CA",
        "tiger:name_base": "Folsom",
        "tiger:name_type": "St",
        "turn:lanes:forward": "left|right"
      },
      "geometry": {
        "type": "LineString",
        "coordinates": [
          [
            -122.3902302,
            37.7906862
          ],
          [
            -122.3902087,
            37.7907025
          ],
          [
            -122.3901849,
            37.7907205
          ],
          [
            -122.3901483,
            37.7907482
          ]
        ]
      },
      "id": "way/242896157"
    },
    {
      "type": "Feature",
      "properties": {
        "@id": "way/251506305",
        "NHS": "STRAHNET",
        "alt_name": "Doyle Drive",
        "bicycle": "no",
        "hgv": "designated",
        "highway": "motorway",
        "lanes": "4",
        "layer": "-1",
        "maxspeed": "35 mph",
        "name": "Presidio Parkway",
        "old_ref": "CA 480",
        "oneway": "yes",
        "ref": "US 101",
        "source:hgv": "https://sfplanninggis.org/TIM/?search=3591024#searchbox",
        "surface": "concrete",
        "tunnel": "yes"
      },
      "geometry": {
        "type": "LineString",
        "coordinates": [
          [
            -122.4647341,
            37.8019529
          ],
          [
            -122.4630523,
            37.801615
          ],
          [
            -122.462803,
            37.8015737
          ],
          [
            -122.4625409,
            37.8015386
          ],
          [
            -122.462283,
            37.8015144
          ],
          [
            -122.4620329,
            37.8015012
          ],
          [
            -122.4617876,
            37.8014966
          ],
          [
            -122.4615169,
            37.8015051
          ]
        ]
      },
      "id": "way/251506305"
    },
    {
      "type": "Feature",
      "properties": {
        "@id": "way/251506307",
        "highway": "motorway_link",
        "lanes": "1",
        "lit": "yes",
        "maxspeed": "45 mph",
        "maxspeed:advisory": "25 mph",
        "oneway": "yes"
      },
      "geometry": {
        "type": "LineString",
        "coordinates": [
          [
            -122.4706174,
            37.8031038
          ],
          [
            -122.4705951,
            37.803091
          ],
          [
            -122.4705707,
            37.8030778
          ],
          [
            -122.4705443,
            37.8030646
          ],
          [
            -122.4705187,
            37.8030524
          ],
          [
            -122.4703368,
            37.8029672
          ],
          [
            -122.4702657,
            37.8029319
          ],
          [
            -122.4701996,
            37.8028959
          ],
          [
            -122.4701337,
            37.8028556
          ],
          [
            -122.4700792,
            37.8028186
          ],
          [
            -122.470026,
            37.802778
          ],
          [
            -122.4699739,
            37.802734
          ],
          [
            -122.4699277,
            37.8026898
          ],
          [
            -122.4698811,
            37.8026419
          ],
          [
            -122.4698362,
            37.8025906
          ],
          [
            -122.4697969,
            37.8025405
          ],
          [
            -122.4697619,
            37.8024913
          ],
          [
            -122.4697254,
            37.8024344
          ],
          [
            -122.4696955,
            37.802381
          ],
          [
            -122.4696642,
            37.8023166
          ],
          [
            -122.4696395,
            37.8022574
          ],
          [
            -122.4696183,
            37.8021962
          ],
          [
            -122.469602,
            37.8021359
          ],
          [
            -122.4695889,
            37.8020762
          ],
          [
            -122.4695793,
            37.8020171
          ],
          [
            -122.4695041,
            37.8012495
          ]
        ]
      },
      "id": "way/251506307"
    },
    {
      "type": "Feature",
      "properties": {
        "@id": "way/254297759",
        "hgv": "designated",
        "highway": "secondary",
        "lanes": "4",
        "maxspeed": "20 mph",
        "name": "Kearny Street",
        "name:etymology:wikidata": "Q518351",
        "oneway": "yes",
        "sidewalk:both": "separate",
        "source:hgv": "https://sfplanninggis.org/TIM/?search=3591024#searchbox",
        "surface": "asphalt",
        "tiger:cfcc": "A41",
        "tiger:county": "San Francisco, CA",
        "tiger:name_base": "Kearny",
        "tiger:name_type": "St",
        "trolley_wire": "yes"
      },
      "geometry": {
        "type": "LineString",
        "coordinates": [
          [
            -122.4038718,
            37.7898332
          ],
          [
            -122.4038865,
            37.7899085
          ],
          [
            -122.403962,
            37.7902825
          ],
          [
            -122.4039839,
            37.7903918
          ]
        ]
      },
      "id": "way/254297759"
    },
    {
      "type": "Feature",
      "properties": {
        "@id": "way/254297765",
        "bicycle": "yes",
        "hgv": "designated",
        "highway": "primary",
        "lanes": "3",
        "lit": "yes",
        "name": "Van Ness Avenue",
        "name:etymology:wikidata": "Q6144602",
        "old_name": "Marlette Street",
        "oneway": "yes",
        "parking:left": "no",
        "parking:right": "lane",
        "parking:right:orientation": "parallel",
        "shoulder": "no",
        "sidewalk:left": "no",
        "sidewalk:right": "separate",
        "source:hgv": "https://sfplanninggis.org/TIM/?search=3591024#searchbox",
        "surface": "asphalt",
        "trolley_wire": "yes"
      },
      "geometry": {
        "type": "LineString",
        "coordinates": [
          [
            -122.4247345,
            37.8025534
          ],
          [
            -122.4248534,
            37.8031533
          ],
          [
            -122.4248694,
            37.8032304
          ]
        ]
      },
      "id": "way/254297765"
    },
    {
      "type": "Feature",
      "properties": {
        "@id": "way/254299112",
        "hgv": "designated",
        "highway": "primary",
        "lanes": "4",
        "lanes:backward": "2",
        "lanes:forward": "2",
        "lit": "yes",
        "maxspeed": "25 mph",
        "name": "Bay Street",
        "sidewalk:both": "separate",
        "source:hgv": "https://sfplanninggis.org/TIM/?search=3591024#searchbox",
        "surface": "asphalt",
        "tiger:cfcc": "A41",
        "tiger:county": "San Francisco, CA",
        "tiger:name_base": "Bay",
        "tiger:name_type": "St"
      },
      "geometry": {
        "type": "LineString",
        "coordinates": [
          [
            -122.4071661,
            37.8064355
          ],
          [
            -122.4072612,
            37.8064234
          ],
          [
            -122.4076475,
            37.8063741
          ],
          [
            -122.4091234,
            37.8061858
          ],
          [
            -122.4091532,
            37.806182
          ],
          [
            -122.4093336,
            37.8061581
          ],
          [
            -122.4095064,
            37.806137
          ],
          [
            -122.4102442,
            37.8060442
          ],
          [
            -122.4103317,
            37.8060358
          ],
          [
            -122.4104333,
            37.8060253
          ],
          [
            -122.4118788,
            37.8058418
          ],
          [
            -122.4119718,
            37.8058335
          ]
        ]
      },
      "id": "way/254299112"
    },
    {
      "type": "Feature",
      "properties": {
        "@id": "way/254299113",
        "hgv": "designated",
        "highway": "primary",
        "lanes": "4",
        "lanes:backward": "2",
        "lanes:forward": "2",
        "lit": "yes",
        "maxspeed": "25 mph",
        "name": "Bay Street",
        "sidewalk:both": "separate",
        "smoothness": "good",
        "source:hgv": "https://sfplanninggis.org/TIM/?search=3591024#searchbox",
        "surface": "asphalt",
        "tiger:cfcc": "A41",
        "tiger:county": "San Francisco, CA",
        "tiger:name_base": "Bay",
        "tiger:name_type": "St"
      },
      "geometry": {
        "type": "LineString",
        "coordinates": [
          [
            -122.4119718,
            37.8058335
          ],
          [
            -122.412073,
            37.805824
          ],
          [
            -122.4131762,
            37.8056845
          ],
          [
            -122.413526,
            37.8056403
          ],
          [
            -122.4136195,
            37.8056285
          ],
          [
            -122.4137205,
            37.8056154
          ],
          [
            -122.4151642,
            37.8054295
          ],
          [
            -122.4152616,
            37.8054193
          ],
          [
            -122.415364,
            37.805408
          ],
          [
            -122.4164634,
            37.8052724
          ]
        ]
      },
      "id": "way/254299113"
    },
    {
      "type": "Feature",
      "properties": {
        "@id": "way/254306572",
        "cycleway:right": "no",
        "hgv": "designated",
        "highway": "secondary",
        "lanes": "2",
        "lanes:bus": "1",
        "maxspeed": "30 mph",
        "name": "Bush Street",
        "oneway": "yes",
        "sidewalk:both": "separate",
        "source:hgv": "https://sfplanninggis.org/TIM/?search=3591024#searchbox",
        "surface": "asphalt",
        "tiger:cfcc": "A41",
        "tiger:county": "San Francisco, CA",
        "tiger:name_base": "Bush",
        "tiger:name_type": "St",
        "trolley_wire": "yes"
      },
      "geometry": {
        "type": "LineString",
        "coordinates": [
          [
            -122.4020306,
            37.7910261
          ],
          [
            -122.4015111,
            37.7910904
          ]
        ]
      },
      "id": "way/254306572"
    },
    {
      "type": "Feature",
      "properties": {
        "@id": "way/254466695",
        "hgv": "designated",
        "highway": "secondary",
        "lanes": "4",
        "lit": "yes",
        "maxspeed": "20 mph",
        "name": "Pine Street",
        "oneway": "yes",
        "sidewalk": "both",
        "source:hgv": "https://sfplanninggis.org/TIM/?search=3591024#searchbox",
        "surface": "asphalt",
        "tiger:cfcc": "A41",
        "tiger:county": "San Francisco, CA",
        "tiger:name_base": "Pine",
        "tiger:name_type": "St"
      },
      "geometry": {
        "type": "LineString",
        "coordinates": [
          [
            -122.4025983,
            37.791909
          ],
          [
            -122.402685,
            37.7918981
          ],
          [
            -122.4032403,
            37.7918281
          ],
          [
            -122.4038852,
            37.7917469
          ],
          [
            -122.4039001,
            37.7917449
          ],
          [
            -122.4041274,
            37.7917157
          ],
          [
            -122.4042334,
            37.7917031
          ]
        ]
      },
      "id": "way/254466695"
    },
    {
      "type": "Feature",
      "properties": {
        "@id": "way/254756518",
        "cycleway:right": "shared_lane",
        "foot": "yes",
        "hgv": "designated",
        "highway": "secondary",
        "lanes": "2",
        "lcn_ref": "11",
        "lit": "yes",
        "maxspeed": "20 mph",
        "name": "Columbus Avenue",
        "oneway": "yes",
        "sidewalk": "right",
        "source:hgv": "https://sfplanninggis.org/TIM/?search=3591024#searchbox",
        "surface": "asphalt",
        "tiger:cfcc": "A41",
        "tiger:county": "San Francisco, CA",
        "tiger:name_base": "Columbus",
        "tiger:name_type": "Ave",
        "trolley_wire": "yes",
        "turn:lanes": "none|through;right"
      },
      "geometry": {
        "type": "LineString",
        "coordinates": [
          [
            -122.4090014,
            37.7994866
          ],
          [
            -122.4090395,
            37.7995588
          ],
          [
            -122.4091334,
            37.7996203
          ]
        ]
      },
      "id": "way/254756518"
    },
    {
      "type": "Feature",
      "properties": {
        "@id": "way/254758114",
        "hgv": "designated",
        "highway": "secondary",
        "lanes": "3",
        "lit": "yes",
        "maxspeed": "30 mph",
        "name": "Bush Street",
        "oneway": "yes",
        "sidewalk": "separate",
        "smoothness": "good",
        "source:hgv": "https://sfplanninggis.org/TIM/?search=3591024#searchbox",
        "surface": "asphalt",
        "tiger:cfcc": "A41",
        "tiger:county": "San Francisco, CA",
        "tiger:name_base": "Bush",
        "tiger:name_type": "St"
      },
      "geometry": {
        "type": "LineString",
        "coordinates": [
          [
            -122.4137429,
            37.7895358
          ],
          [
            -122.4136354,
            37.7895485
          ],
          [
            -122.4121929,
            37.7897325
          ],
          [
            -122.4120997,
            37.7897443
          ],
          [
            -122.4120089,
            37.7897558
          ],
          [
            -122.4105481,
            37.7899411
          ],
          [
            -122.4104533,
            37.7899531
          ],
          [
            -122.4103641,
            37.7899644
          ],
          [
            -122.409794,
            37.7900367
          ],
          [
            -122.4089266,
            37.7901468
          ],
          [
            -122.4088536,
            37.7901561
          ]
        ]
      },
      "id": "way/254758114"
    },
    {
      "type": "Feature",
      "properties": {
        "@id": "way/254758115",
        "hgv": "designated",
        "highway": "secondary",
        "lanes": "3",
        "lit": "yes",
        "maxspeed": "30 mph",
        "name": "Bush Street",
        "oneway": "yes",
        "sidewalk": "separate",
        "source:hgv": "https://sfplanninggis.org/TIM/?search=3591024#searchbox",
        "surface": "asphalt",
        "tiger:cfcc": "A41",
        "tiger:county": "San Francisco, CA",
        "tiger:name_base": "Bush",
        "tiger:name_type": "St"
      },
      "geometry": {
        "type": "LineString",
        "coordinates": [
          [
            -122.4170349,
            37.789115
          ],
          [
            -122.4169358,
            37.7891277
          ],
          [
            -122.4166473,
            37.7891646
          ],
          [
            -122.4157632,
            37.7892776
          ],
          [
            -122.4154873,
            37.7893129
          ],
          [
            -122.4153867,
            37.7893258
          ],
          [
            -122.4153011,
            37.7893367
          ],
          [
            -122.415019,
            37.7893728
          ],
          [
            -122.413832,
            37.7895246
          ],
          [
            -122.4137429,
            37.7895358
          ]
        ]
      },
      "id": "way/254758115"
    },
    {
      "type": "Feature",
      "properties": {
        "@id": "way/254759938",
        "hgv": "designated",
        "highway": "secondary",
        "lanes": "2",
        "name": "Larkin Street",
        "name:etymology:wikidata": "Q12061100",
        "oneway": "yes",
        "sidewalk:both": "separate",
        "source:hgv": "https://sfplanninggis.org/TIM/?search=3591024#searchbox",
        "surface": "asphalt",
        "tiger:cfcc": "A41",
        "tiger:county": "San Francisco, CA",
        "tiger:name_base": "Larkin",
        "tiger:name_type": "St"
      },
      "geometry": {
        "type": "LineString",
        "coordinates": [
          [
            -122.4186753,
            37.7889065
          ],
          [
            -122.4186937,
            37.7889974
          ],
          [
            -122.4187698,
            37.7893735
          ],
          [
            -122.4188451,
            37.7897558
          ],
          [
            -122.4188637,
            37.7898381
          ]
        ]
      },
      "id": "way/254759938"
    },
    {
      "type": "Feature",
      "properties": {
        "@id": "way/254968956",
        "hgv": "designated",
        "highway": "secondary",
        "lanes": "4",
        "lit": "yes",
        "name": "Laguna Street",
        "parking:lane:both": "no",
        "sidewalk": "left",
        "source:hgv": "https://sfplanninggis.org/TIM/?search=3591024#searchbox",
        "surface": "asphalt",
        "tiger:cfcc": "A41",
        "tiger:county": "San Francisco, CA",
        "tiger:name_base": "Laguna",
        "tiger:name_type": "St"
      },
      "geometry": {
        "type": "LineString",
        "coordinates": [
          [
            -122.4318761,
            37.8042494
          ],
          [
            -122.4319098,
            37.8044145
          ],
          [
            -122.4320023,
            37.8048689
          ],
          [
            -122.4320435,
            37.8050714
          ]
        ]
      },
      "id": "way/254968956"
    },
    {
      "type": "Feature",
      "properties": {
        "@id": "way/254968959",
        "hgv": "designated",
        "highway": "secondary",
        "lanes": "4",
        "lcn_ref": "2",
        "lit": "yes",
        "maxspeed": "25 mph",
        "maxweight:hgv": "3 st",
        "name": "Marina Boulevard",
        "sidewalk:both": "separate",
        "source:hgv": "https://sfplanninggis.org/TIM/?search=3591024#searchbox",
        "surface": "asphalt",
        "tiger:cfcc": "A45",
        "tiger:county": "San Francisco, CA",
        "tiger:name_base": "Marina",
        "tiger:name_type": "Blvd"
      },
      "geometry": {
        "type": "LineString",
        "coordinates": [
          [
            -122.4337435,
            37.805032
          ],
          [
            -122.4337868,
            37.8050411
          ],
          [
            -122.433833,
            37.8050538
          ],
          [
            -122.4338808,
            37.8050723
          ],
          [
            -122.4339267,
            37.8050969
          ]
        ]
      },
      "id": "way/254968959"
    },
    {
      "type": "Feature",
      "properties": {
        "@id": "way/254971056",
        "cycleway": "shared_lane",
        "hgv": "designated",
        "highway": "secondary",
        "lanes": "4",
        "lcn_ref": "11",
        "lit": "yes",
        "maxspeed": "20 mph",
        "name": "Columbus Avenue",
        "sidewalk:both": "separate",
        "source:hgv": "https://sfplanninggis.org/TIM/?search=3591024#searchbox",
        "surface": "asphalt",
        "tiger:cfcc": "A41",
        "tiger:county": "San Francisco, CA",
        "tiger:name_base": "Columbus",
        "tiger:name_type": "Ave",
        "trolley_wire": "yes"
      },
      "geometry": {
        "type": "LineString",
        "coordinates": [
          [
            -122.4044278,
            37.7963079
          ],
          [
            -122.4045028,
            37.7963576
          ],
          [
            -122.404543,
            37.7963843
          ],
          [
            -122.4050355,
            37.7967238
          ],
          [
            -122.4051797,
            37.7968232
          ],
          [
            -122.4052824,
            37.796894
          ]
        ]
      },
      "id": "way/254971056"
    },
    {
      "type": "Feature",
      "properties": {
        "@id": "way/254971064",
        "cycleway:right": "track",
        "hgv": "designated",
        "highway": "secondary",
        "lanes": "3",
        "lanes:backward": "2",
        "lanes:forward": "1",
        "lcn_ref": "30",
        "lit": "yes",
        "maxspeed": "25 mph",
        "name": "Howard Street",
        "name:etymology:wikidata": "Q16066217",
        "parking:lane:both": "parallel",
        "sidewalk:both": "separate",
        "source:hgv": "https://sfplanninggis.org/TIM/?search=3591024#searchbox",
        "surface": "asphalt",
        "tiger:cfcc": "A41",
        "tiger:county": "San Francisco, CA",
        "tiger:name_base": "Howard",
        "tiger:name_type": "St"
      },
      "geometry": {
        "type": "LineString",
        "coordinates": [
          [
            -122.3929349,
            37.7909711
          ],
          [
            -122.3933147,
            37.7906836
          ],
          [
            -122.3934057,
            37.7906148
          ]
        ]
      },
      "id": "way/254971064"
    },
    {
      "type": "Feature",
      "properties": {
        "@id": "way/254971067",
        "hgv": "designated",
        "highway": "secondary",
        "lanes": "3",
        "lanes:bus": "1",
        "lit": "yes",
        "maxspeed": "20 mph",
        "name": "Pine Street",
        "oneway": "yes",
        "sidewalk:both": "separate",
        "source:hgv": "https://sfplanninggis.org/TIM/?search=3591024#searchbox",
        "surface": "asphalt",
        "tiger:cfcc": "A41",
        "tiger:county": "San Francisco, CA",
        "tiger:name_base": "Pine",
        "tiger:name_type": "St"
      },
      "geometry": {
        "type": "LineString",
        "coordinates": [
          [
            -122.4009593,
            37.7921162
          ],
          [
            -122.4010658,
            37.7921013
          ],
          [
            -122.4016344,
            37.792032
          ],
          [
            -122.4017767,
            37.7920153
          ],
          [
            -122.4018883,
            37.7919993
          ],
          [
            -122.4021992,
            37.7919599
          ],
          [
            -122.4024391,
            37.7919293
          ],
          [
            -122.4024859,
            37.7919237
          ],
          [
            -122.4025983,
            37.791909
          ]
        ]
      },
      "id": "way/254971067"
    },
    {
      "type": "Feature",
      "properties": {
        "@id": "way/255330054",
        "NHS": "STRAHNET",
        "bicycle": "no",
        "cycleway:both": "no",
        "hgv": "designated",
        "hgv:state_network": "yes",
        "highway": "motorway",
        "lanes": "4",
        "lit": "yes",
        "maxspeed": "55 mph",
        "name": "Redwood Highway",
        "oneway": "yes",
        "ref": "US 101;CA 1",
        "source": "Yahoo,TIGER",
        "source:hgv:state_network": "Caltrans http://www.dot.ca.gov/hq/traffops/trucks/truckmap/",
        "surface": "asphalt",
        "toll": "no"
      },
      "geometry": {
        "type": "LineString",
        "coordinates": [
          [
            -122.4842733,
            37.8350518
          ],
          [
            -122.4843435,
            37.8351662
          ],
          [
            -122.4845976,
            37.835603
          ],
          [
            -122.4851209,
            37.8364685
          ],
          [
            -122.485191,
            37.8365845
          ],
          [
            -122.4852642,
            37.8367031
          ],
          [
            -122.4853344,
            37.8368132
          ],
          [
            -122.4854119,
            37.8369327
          ],
          [
            -122.4854898,
            37.8370494
          ],
          [
            -122.485548,
            37.8371347
          ],
          [
            -122.4856359,
            37.8372624
          ],
          [
            -122.4863604,
            37.8383081
          ],
          [
            -122.4864317,
            37.8384178
          ],
          [
            -122.4865024,
            37.8385375
          ],
          [
            -122.4865579,
            37.8386468
          ],
          [
            -122.4866129,
            37.8387746
          ],
          [
            -122.4866595,
            37.8389056
          ],
          [
            -122.4866967,
            37.8390356
          ],
          [
            -122.4867249,
            37.8391683
          ],
          [
            -122.4867429,
            37.839296
          ],
          [
            -122.4867531,
            37.8394294
          ],
          [
            -122.4867559,
            37.8395602
          ],
          [
            -122.4867483,
            37.8396886
          ],
          [
            -122.4867309,
            37.8398182
          ],
          [
            -122.4867055,
            37.8399481
          ],
          [
            -122.4866715,
            37.8400773
          ],
          [
            -122.4866311,
            37.8401998
          ],
          [
            -122.4865812,
            37.8403225
          ],
          [
            -122.4865228,
            37.8404455
          ],
          [
            -122.4864566,
            37.8405666
          ],
          [
            -122.4863822,
            37.8406843
          ],
          [
            -122.4863012,
            37.8407979
          ],
          [
            -122.4859694,
            37.8412566
          ],
          [
            -122.4858882,
            37.8413708
          ],
          [
            -122.4858083,
            37.8414851
          ],
          [
            -122.4857345,
            37.841603
          ],
          [
            -122.4856689,
            37.8417228
          ],
          [
            -122.4856123,
            37.8418489
          ],
          [
            -122.4855641,
            37.8419732
          ],
          [
            -122.4855232,
            37.842101
          ],
          [
            -122.4854925,
            37.8422277
          ],
          [
            -122.4854692,
            37.842359
          ],
          [
            -122.4854554,
            37.8424905
          ],
          [
            -122.4854518,
            37.8426228
          ],
          [
            -122.4854575,
            37.8427539
          ],
          [
            -122.4854708,
            37.8428854
          ],
          [
            -122.4854937,
            37.8430115
          ],
          [
            -122.4855262,
            37.8431442
          ],
          [
            -122.4855546,
            37.843251
          ]
        ]
      },
      "id": "way/255330054"
    },
    {
      "type": "Feature",
      "properties": {
        "@id": "way/255330055",
        "NHS": "STRAHNET",
        "bicycle": "no",
        "hgv": "designated",
        "hgv:state_network": "yes",
        "highway": "motorway",
        "lanes": "4",
        "lit": "yes",
        "maxspeed": "55 mph",
        "name": "Redwood Highway",
        "oneway": "yes",
        "ref": "US 101;CA 1",
        "source": "Yahoo,TIGER",
        "source:hgv": "https://sfplanninggis.org/TIM/?search=3591024#searchbox",
        "surface": "asphalt",
        "toll": "yes",
        "turn:lanes": "none|none|none|merge_to_left"
      },
      "geometry": {
        "type": "LineString",
        "coordinates": [
          [
            -122.481009,
            37.8324326
          ],
          [
            -122.4808518,
            37.8323081
          ]
        ]
      },
      "id": "way/255330055"
    },
    {
      "type": "Feature",
      "properties": {
        "@id": "way/255330056",
        "cycleway:right": "lane",
        "hgv": "designated",
        "highway": "primary",
        "lanes": "2",
        "lcn_ref": "5",
        "lit": "yes",
        "maxheight": "default",
        "maxspeed": "30 mph",
        "name": "The Embarcadero",
        "oneway": "yes",
        "parking:lane:right": "parallel",
        "sidewalk": "separate",
        "source:hgv": "https://sfplanninggis.org/TIM/?search=3591024#searchbox",
        "surface": "asphalt",
        "tiger:cfcc": "A45",
        "tiger:county": "San Francisco, CA",
        "tiger:name_base": "The Embarcadero"
      },
      "geometry": {
        "type": "LineString",
        "coordinates": [
          [
            -122.3877083,
            37.7870796
          ],
          [
            -122.3877053,
            37.7871166
          ],
          [
            -122.3877002,
            37.7871791
          ],
          [
            -122.387691,
            37.7873132
          ],
          [
            -122.3876858,
            37.7874708
          ],
          [
            -122.3876867,
            37.7876153
          ],
          [
            -122.3876984,
            37.7877759
          ],
          [
            -122.3877189,
            37.7879369
          ],
          [
            -122.3877495,
            37.7881022
          ],
          [
            -122.3877855,
            37.788267
          ],
          [
            -122.387939,
            37.7888457
          ],
          [
            -122.3879877,
            37.7889968
          ]
        ]
      },
      "id": "way/255330056"
    },
    {
      "type": "Feature",
      "properties": {
        "@id": "way/263819574",
        "cycleway:right": "shared_lane",
        "hgv": "designated",
        "highway": "primary",
        "lanes": "4",
        "lcn_ref": "10",
        "lit": "yes",
        "maxspeed": "20 mph",
        "name": "Broadway",
        "sidewalk:both": "separate",
        "source:hgv": "https://sfplanninggis.org/TIM/?search=3591024#searchbox",
        "surface": "asphalt",
        "tiger:cfcc": "A41",
        "tiger:county": "San Francisco, CA",
        "tiger:name_base": "Broadway",
        "tiger:name_base_1": "Broadway",
        "tiger:name_type": "St"
      },
      "geometry": {
        "type": "LineString",
        "coordinates": [
          [
            -122.4050211,
            37.7980811
          ],
          [
            -122.4046998,
            37.7981216
          ],
          [
            -122.4043368,
            37.7981686
          ]
        ]
      },
      "id": "way/263819574"
    },
    {
      "type": "Feature",
      "properties": {
        "@id": "way/279611139",
        "foot": "no",
        "hgv": "designated",
        "highway": "secondary",
        "lanes": "3",
        "lcn_ref": "5",
        "lit": "yes",
        "maxspeed": "30 mph",
        "name": "The Embarcadero",
        "oneway": "yes",
        "sidewalk": "separate",
        "source:hgv": "https://sfplanninggis.org/TIM/?search=3591024#searchbox",
        "source:maxspeed": "sign",
        "surface": "asphalt",
        "tiger:cfcc": "A45",
        "tiger:county": "San Francisco, CA",
        "tiger:name_base": "The Embarcadero",
        "turn:lanes": "left|through|"
      },
      "geometry": {
        "type": "LineString",
        "coordinates": [
          [
            -122.4070104,
            37.807351
          ],
          [
            -122.4071399,
            37.8074061
          ],
          [
            -122.4073681,
            37.8074622
          ]
        ]
      },
      "id": "way/279611139"
    },
    {
      "type": "Feature",
      "properties": {
        "@id": "way/283512618",
        "cycleway:right": "lane",
        "cycleway:right:lane": "exclusive",
        "hgv": "designated",
        "highway": "primary",
        "lanes": "2",
        "lcn_ref": "5",
        "lit": "yes",
        "maxspeed": "30 mph",
        "name": "The Embarcadero",
        "oneway": "yes",
        "parking:lane:right": "parallel",
        "sidewalk": "both",
        "source:hgv": "https://sfplanninggis.org/TIM/?search=3591024#searchbox",
        "surface": "asphalt",
        "tiger:cfcc": "A45",
        "tiger:county": "San Francisco, CA",
        "tiger:name_base": "The Embarcadero"
      },
      "geometry": {
        "type": "LineString",
        "coordinates": [
          [
            -122.39474,
            37.7956094
          ],
          [
            -122.3945804,
            37.7953189
          ],
          [
            -122.3945153,
            37.7952225
          ],
          [
            -122.3944459,
            37.7951315
          ],
          [
            -122.3943521,
            37.7950232
          ],
          [
            -122.3943103,
            37.7949812
          ],
          [
            -122.3942491,
            37.7949204
          ],
          [
            -122.3941563,
            37.7948363
          ],
          [
            -122.3940511,
            37.7947493
          ],
          [
            -122.3939436,
            37.7946674
          ],
          [
            -122.393666,
            37.7944973
          ]
        ]
      },
      "id": "way/283512618"
    },
    {
      "type": "Feature",
      "properties": {
        "@id": "way/283516316",
        "cycleway:left": "shared_lane",
        "cycleway:right": "lane",
        "hgv": "designated",
        "highway": "primary",
        "lanes": "4",
        "lcn_ref": "10",
        "name": "Broadway",
        "name_1": "Broadway",
        "sidewalk:both": "separate",
        "source:hgv": "https://sfplanninggis.org/TIM/?search=3591024#searchbox",
        "surface": "asphalt",
        "tiger:cfcc": "A41",
        "tiger:county": "San Francisco, CA",
        "tiger:name_base": "Broadway",
        "tiger:name_base_1": "Broadway",
        "tiger:name_type": "St"
      },
      "geometry": {
        "type": "LineString",
        "coordinates": [
          [
            -122.3980679,
            37.7990252
          ],
          [
            -122.3981103,
            37.7990044
          ],
          [
            -122.3981871,
            37.7989744
          ],
          [
            -122.3982697,
            37.79895
          ],
          [
            -122.3983558,
            37.7989307
          ],
          [
            -122.3984392,
            37.7989192
          ]
        ]
      },
      "id": "way/283516316"
    },
    {
      "type": "Feature",
      "properties": {
        "@id": "way/283537317",
        "hgv": "designated",
        "highway": "secondary",
        "lanes": "4",
        "lcn_ref": "2",
        "maxspeed": "25 mph",
        "maxweight:hgv": "3 st",
        "name": "Marina Boulevard",
        "sidewalk:both": "separate",
        "source:hgv": "https://sfplanninggis.org/TIM/?search=3591024#searchbox",
        "surface": "asphalt",
        "tiger:cfcc": "A45",
        "tiger:county": "San Francisco, CA",
        "tiger:name_base": "Marina",
        "tiger:name_type": "Blvd"
      },
      "geometry": {
        "type": "LineString",
        "coordinates": [
          [
            -122.4360837,
            37.806449
          ],
          [
            -122.4361467,
            37.8064727
          ],
          [
            -122.4362176,
            37.806496
          ],
          [
            -122.4362943,
            37.8065163
          ],
          [
            -122.4363698,
            37.8065297
          ],
          [
            -122.4364402,
            37.8065353
          ],
          [
            -122.4365164,
            37.8065342
          ],
          [
            -122.4365919,
            37.8065285
          ],
          [
            -122.4366619,
            37.8065211
          ],
          [
            -122.4367268,
            37.8065136
          ],
          [
            -122.4373138,
            37.8064384
          ],
          [
            -122.4374775,
            37.806418
          ],
          [
            -122.4376627,
            37.8063954
          ],
          [
            -122.4395775,
            37.8061506
          ],
          [
            -122.4396209,
            37.806145
          ],
          [
            -122.4398794,
            37.806112
          ],
          [
            -122.4401605,
            37.8060763
          ],
          [
            -122.4402053,
            37.8060706
          ],
          [
            -122.4418874,
            37.8058561
          ],
          [
            -122.4420954,
            37.8058296
          ],
          [
            -122.4422282,
            37.8058127
          ]
        ]
      },
      "id": "way/283537317"
    },
    {
      "type": "Feature",
      "properties": {
        "@id": "way/286003244",
        "hgv": "designated",
        "highway": "secondary",
        "lanes": "3",
        "lit": "yes",
        "maxspeed": "30 mph",
        "name": "Bush Street",
        "oneway": "yes",
        "sidewalk": "both",
        "source:hgv": "https://sfplanninggis.org/TIM/?search=3591024#searchbox",
        "surface": "asphalt",
        "tiger:cfcc": "A41",
        "tiger:county": "San Francisco, CA",
        "tiger:name_base": "Bush",
        "tiger:name_type": "St"
      },
      "geometry": {
        "type": "LineString",
        "coordinates": [
          [
            -122.4071243,
            37.7903759
          ],
          [
            -122.4070556,
            37.7903847
          ],
          [
            -122.4068215,
            37.7904144
          ],
          [
            -122.4063587,
            37.7904732
          ],
          [
            -122.4061484,
            37.7905
          ],
          [
            -122.4056839,
            37.790559
          ],
          [
            -122.4055991,
            37.7905698
          ],
          [
            -122.4055302,
            37.7905786
          ],
          [
            -122.4047879,
            37.7906729
          ]
        ]
      },
      "id": "way/286003244"
    },
    {
      "type": "Feature",
      "properties": {
        "@id": "way/287958607",
        "cycleway:both": "no",
        "hgv": "designated",
        "highway": "secondary",
        "lanes": "3",
        "name": "Montgomery Street",
        "name:etymology:wikidata": "Q6220059",
        "oneway": "yes",
        "sidewalk:both": "separate",
        "source:hgv": "https://sfplanninggis.org/TIM/?search=3591024#searchbox",
        "surface": "asphalt",
        "tiger:cfcc": "A41",
        "tiger:county": "San Francisco, CA",
        "tiger:name_base": "Montgomery",
        "tiger:name_type": "St",
        "wikidata": "Q3322721"
      },
      "geometry": {
        "type": "LineString",
        "coordinates": [
          [
            -122.4027912,
            37.7928594
          ],
          [
            -122.4027896,
            37.7928505
          ],
          [
            -122.4027715,
            37.7927613
          ],
          [
            -122.4026944,
            37.7923808
          ],
          [
            -122.4026203,
            37.7920168
          ],
          [
            -122.4026154,
            37.7919918
          ],
          [
            -122.4025983,
            37.791909
          ]
        ]
      },
      "id": "way/287958607"
    },
    {
      "type": "Feature",
      "properties": {
        "@id": "way/329596844",
        "hgv": "designated",
        "highway": "secondary",
        "lanes": "2",
        "lit": "yes",
        "maxspeed": "25 mph",
        "name": "Pine Street",
        "oneway": "yes",
        "sidewalk:both": "separate",
        "source:hgv": "https://sfplanninggis.org/TIM/?search=3591024#searchbox",
        "surface": "asphalt",
        "tiger:cfcc": "A41",
        "tiger:county": "San Francisco, CA",
        "tiger:name_base": "Pine",
        "tiger:name_type": "St"
      },
      "geometry": {
        "type": "LineString",
        "coordinates": [
          [
            -122.4057597,
            37.7915047
          ],
          [
            -122.4058257,
            37.7914963
          ],
          [
            -122.4060937,
            37.7914621
          ],
          [
            -122.4071629,
            37.791326
          ],
          [
            -122.4072706,
            37.7913123
          ],
          [
            -122.4073583,
            37.7913012
          ],
          [
            -122.4074557,
            37.7912884
          ],
          [
            -122.4080869,
            37.791208
          ],
          [
            -122.4089068,
            37.7911041
          ],
          [
            -122.408952,
            37.7910983
          ]
        ]
      },
      "id": "way/329596844"
    },
    {
      "type": "Feature",
      "properties": {
        "@id": "way/349663308",
        "alt_name": "Doyle Drive",
        "hgv": "designated",
        "highway": "motorway",
        "lanes": "2",
        "maxspeed": "35 mph",
        "name": "Presidio Parkway",
        "old_ref": "CA 480",
        "oneway": "yes",
        "ref": "US 101",
        "source:hgv": "https://sfplanninggis.org/TIM/?search=3591024#searchbox",
        "surface": "concrete:plates"
      },
      "geometry": {
        "type": "LineString",
        "coordinates": [
          [
            -122.4535886,
            37.803403
          ],
          [
            -122.4537169,
            37.8033875
          ],
          [
            -122.4540572,
            37.8033436
          ]
        ]
      },
      "id": "way/349663308"
    },
    {
      "type": "Feature",
      "properties": {
        "@id": "way/349663309",
        "alt_name": "Doyle Drive",
        "bridge": "yes",
        "hgv": "designated",
        "highway": "motorway",
        "lanes": "3",
        "layer": "1",
        "lit": "yes",
        "maxspeed": "45 mph",
        "name": "Presidio Parkway",
        "old_ref": "CA 480",
        "oneway": "yes",
        "ref": "US 101",
        "source:hgv": "https://sfplanninggis.org/TIM/?search=3591024#searchbox",
        "surface": "concrete"
      },
      "geometry": {
        "type": "LineString",
        "coordinates": [
          [
            -122.4534509,
            37.8031372
          ],
          [
            -122.453381,
            37.8031476
          ],
          [
            -122.4525654,
            37.8032766
          ],
          [
            -122.4524811,
            37.8032879
          ],
          [
            -122.4523962,
            37.8032962
          ],
          [
            -122.4523139,
            37.8033023
          ],
          [
            -122.452233,
            37.8033057
          ],
          [
            -122.4521477,
            37.8033075
          ],
          [
            -122.4520608,
            37.8033068
          ],
          [
            -122.4519718,
            37.8033042
          ],
          [
            -122.45189,
            37.8032993
          ],
          [
            -122.4518094,
            37.8032917
          ],
          [
            -122.4517332,
            37.8032825
          ],
          [
            -122.4516511,
            37.8032706
          ],
          [
            -122.4515714,
            37.8032575
          ],
          [
            -122.4514806,
            37.8032403
          ],
          [
            -122.4514027,
            37.8032224
          ],
          [
            -122.4513257,
            37.8032023
          ],
          [
            -122.4512399,
            37.8031776
          ]
        ]
      },
      "id": "way/349663309"
    },
    {
      "type": "Feature",
      "properties": {
        "@id": "way/349663310",
        "alt_name": "Doyle Drive",
        "bridge": "yes",
        "hgv": "designated",
        "highway": "motorway",
        "lanes": "2",
        "layer": "1",
        "lit": "yes",
        "maxspeed": "35 mph",
        "name": "Presidio Parkway",
        "old_ref": "CA 480",
        "oneway": "yes",
        "ref": "US 101",
        "source:hgv": "https://sfplanninggis.org/TIM/?search=3591024#searchbox",
        "surface": "concrete"
      },
      "geometry": {
        "type": "LineString",
        "coordinates": [
          [
            -122.4510853,
            37.8032721
          ],
          [
            -122.4511795,
            37.8033028
          ],
          [
            -122.451257,
            37.8033255
          ],
          [
            -122.4513349,
            37.8033459
          ],
          [
            -122.451413,
            37.8033648
          ],
          [
            -122.451492,
            37.8033824
          ],
          [
            -122.4515715,
            37.8033979
          ],
          [
            -122.4516509,
            37.8034112
          ],
          [
            -122.4517318,
            37.8034224
          ],
          [
            -122.4518126,
            37.8034322
          ],
          [
            -122.4518958,
            37.8034413
          ],
          [
            -122.4519755,
            37.8034494
          ],
          [
            -122.4520582,
            37.8034575
          ],
          [
            -122.4521382,
            37.8034639
          ],
          [
            -122.4522202,
            37.8034692
          ],
          [
            -122.4523013,
            37.8034734
          ],
          [
            -122.452383,
            37.8034766
          ],
          [
            -122.4524668,
            37.8034793
          ],
          [
            -122.4525485,
            37.8034801
          ],
          [
            -122.4526724,
            37.8034786
          ],
          [
            -122.4528374,
            37.8034747
          ],
          [
            -122.4530013,
            37.8034666
          ],
          [
            -122.4531648,
            37.8034535
          ],
          [
            -122.4533264,
            37.803437
          ],
          [
            -122.4535886,
            37.803403
          ]
        ]
      },
      "id": "way/349663310"
    },
    {
      "type": "Feature",
      "properties": {
        "@id": "way/349663311",
        "highway": "motorway_link",
        "lanes": "1",
        "maxspeed": "35 mph",
        "oneway": "yes",
        "source": "Presidio Parkway project website;guesswork",
        "surface": "concrete:plates"
      },
      "geometry": {
        "type": "LineString",
        "coordinates": [
          [
            -122.453606,
            37.8034627
          ],
          [
            -122.4537695,
            37.8034355
          ],
          [
            -122.4540661,
            37.8033841
          ]
        ]
      },
      "id": "way/349663311"
    },
    {
      "type": "Feature",
      "properties": {
        "@id": "way/349663312",
        "bridge": "yes",
        "highway": "motorway_link",
        "lanes": "2",
        "layer": "1",
        "maxspeed": "45 mph",
        "maxspeed:advisory": "25 mph",
        "oneway": "yes",
        "source": "Presidio Parkway project website;guesswork",
        "surface": "concrete"
      },
      "geometry": {
        "type": "LineString",
        "coordinates": [
          [
            -122.4536995,
            37.8029423
          ],
          [
            -122.4534968,
            37.8029354
          ],
          [
            -122.4533354,
            37.8029305
          ],
          [
            -122.4532411,
            37.8029272
          ],
          [
            -122.4531492,
            37.8029231
          ]
        ]
      },
      "id": "way/349663312"
    },
    {
      "type": "Feature",
      "properties": {
        "@id": "way/355526645",
        "destination": "Golden Gate Bridge",
        "destination:ref": "US 101 North",
        "foot": "yes",
        "highway": "motorway_link",
        "lanes": "1",
        "lit": "yes",
        "maxspeed": "35 mph",
        "oneway": "yes",
        "sidewalk": "separate",
        "surface": "asphalt",
        "turn": "right"
      },
      "geometry": {
        "type": "LineString",
        "coordinates": [
          [
            -122.4509739,
            37.8036924
          ],
          [
            -122.4511507,
            37.8036333
          ],
          [
            -122.4512201,
            37.803614
          ],
          [
            -122.451265,
            37.8036032
          ],
          [
            -122.4513299,
            37.8035906
          ],
          [
            -122.4513581,
            37.8035871
          ]
        ]
      },
      "id": "way/355526645"
    },
    {
      "type": "Feature",
      "properties": {
        "@id": "way/355526646",
        "bicycle": "designated",
        "change:lanes": "no|not_left|yes",
        "cycleway:left": "no",
        "cycleway:right": "lane",
        "destination:lanes": "Golden Gate Bridge||",
        "destination:ref:lanes": "US 101 North||",
        "highway": "secondary",
        "lanes": "3",
        "lit": "yes",
        "maxspeed": "25 mph",
        "name": "Girard Road",
        "oneway": "yes",
        "placement": "right_of:2",
        "sidewalk": "right",
        "source": "Presidio Parkway project website;guesswork",
        "surface": "asphalt",
        "turn:lanes": "left||"
      },
      "geometry": {
        "type": "LineString",
        "coordinates": [
          [
            -122.4521566,
            37.8027683
          ],
          [
            -122.4520387,
            37.8028629
          ],
          [
            -122.4519083,
            37.8029637
          ],
          [
            -122.4517461,
            37.8030825
          ],
          [
            -122.4515937,
            37.8031877
          ],
          [
            -122.4514369,
            37.8032934
          ]
        ]
      },
      "id": "way/355526646"
    },
    {
      "type": "Feature",
      "properties": {
        "@id": "way/355526648",
        "bicycle": "designated",
        "cycleway:left": "no",
        "cycleway:right": "lane",
        "highway": "secondary",
        "lanes": "2",
        "lit": "yes",
        "maxspeed": "25 mph",
        "name": "Girard Road",
        "oneway": "yes",
        "sidewalk:left": "no",
        "sidewalk:right": "separate",
        "source": "Presidio Parkway project website;guesswork",
        "surface": "asphalt"
      },
      "geometry": {
        "type": "LineString",
        "coordinates": [
          [
            -122.4484874,
            37.8046493
          ],
          [
            -122.4485488,
            37.8046065
          ],
          [
            -122.4486143,
            37.8045659
          ],
          [
            -122.4486797,
            37.8045272
          ],
          [
            -122.4487471,
            37.8044907
          ],
          [
            -122.4488173,
            37.8044557
          ],
          [
            -122.4488891,
            37.8044233
          ],
          [
            -122.4489618,
            37.8043941
          ],
          [
            -122.4490357,
            37.8043663
          ],
          [
            -122.4490517,
            37.8043612
          ],
          [
            -122.4491116,
            37.8043407
          ],
          [
            -122.4491898,
            37.8043182
          ],
          [
            -122.4492674,
            37.8042965
          ],
          [
            -122.4494212,
            37.8042547
          ],
          [
            -122.4495775,
            37.8042117
          ],
          [
            -122.4497312,
            37.8041682
          ],
          [
            -122.4498851,
            37.8041215
          ],
          [
            -122.4500466,
            37.8040694
          ],
          [
            -122.4502067,
            37.8040105
          ]
        ]
      },
      "id": "way/355526648"
    },
    {
      "type": "Feature",
      "properties": {
        "@id": "way/359898157",
        "cycleway:right": "lane",
        "hgv": "designated",
        "highway": "primary",
        "lanes": "4",
        "lcn_ref": "5",
        "lit": "yes",
        "maxspeed": "30 mph",
        "name": "The Embarcadero",
        "oneway": "yes",
        "sidewalk:left": "no",
        "sidewalk:right": "separate",
        "source:hgv": "https://sfplanninggis.org/TIM/?search=3591024#searchbox",
        "surface": "asphalt",
        "tiger:cfcc": "A45",
        "tiger:county": "San Francisco, CA",
        "tiger:name_base": "The Embarcadero",
        "turn:lanes": "left|none|through|right"
      },
      "geometry": {
        "type": "LineString",
        "coordinates": [
          [
            -122.3959486,
            37.7971074
          ],
          [
            -122.3956923,
            37.7967967
          ],
          [
            -122.395556,
            37.7966342
          ]
        ]
      },
      "id": "way/359898157"
    },
    {
      "type": "Feature",
      "properties": {
        "@id": "way/359898521",
        "cycleway:right": "track",
        "foot": "no",
        "hgv": "designated",
        "highway": "primary",
        "lanes": "4",
        "lcn_ref": "5",
        "lit": "yes",
        "maxspeed": "30 mph",
        "name": "The Embarcadero",
        "oneway": "yes",
        "oneway:bicycle": "no",
        "sidewalk": "separate",
        "source:hgv": "https://sfplanninggis.org/TIM/?search=3591024#searchbox",
        "surface": "asphalt",
        "tiger:cfcc": "A45",
        "tiger:county": "San Francisco, CA",
        "tiger:name_base": "The Embarcadero",
        "turn:lanes": "left|left|none|none"
      },
      "geometry": {
        "type": "LineString",
        "coordinates": [
          [
            -122.3948927,
            37.7962783
          ],
          [
            -122.3949348,
            37.7963223
          ],
          [
            -122.3952376,
            37.7966522
          ],
          [
            -122.3953356,
            37.7967682
          ]
        ]
      },
      "id": "way/359898521"
    },
    {
      "type": "Feature",
      "properties": {
        "@id": "way/359898620",
        "cycleway:right": "lane",
        "foot": "no",
        "hgv": "designated",
        "highway": "primary",
        "lanes": "2",
        "lcn_ref": "5",
        "lit": "yes",
        "maxspeed": "30 mph",
        "name": "The Embarcadero",
        "oneway": "yes",
        "sidewalk": "separate",
        "source:hgv": "https://sfplanninggis.org/TIM/?search=3591024#searchbox",
        "surface": "asphalt",
        "tiger:cfcc": "A45",
        "tiger:county": "San Francisco, CA",
        "tiger:name_base": "The Embarcadero"
      },
      "geometry": {
        "type": "LineString",
        "coordinates": [
          [
            -122.3990364,
            37.8009761
          ],
          [
            -122.3991167,
            37.8010657
          ],
          [
            -122.399566,
            37.8015669
          ],
          [
            -122.3996545,
            37.8016656
          ],
          [
            -122.3997433,
            37.8017646
          ],
          [
            -122.399792,
            37.801819
          ],
          [
            -122.3999919,
            37.8020409
          ],
          [
            -122.4001825,
            37.8022524
          ],
          [
            -122.400448,
            37.802547
          ],
          [
            -122.4008298,
            37.8029766
          ]
        ]
      },
      "id": "way/359898620"
    },
    {
      "type": "Feature",
      "properties": {
        "@id": "way/359898621",
        "cycleway:right": "track",
        "foot": "no",
        "hgv": "designated",
        "highway": "primary",
        "lanes": "3",
        "lcn_ref": "5",
        "lit": "yes",
        "maxspeed": "30 mph",
        "name": "The Embarcadero",
        "oneway": "yes",
        "oneway:bicycle": "no",
        "sidewalk": "separate",
        "source:hgv": "https://sfplanninggis.org/TIM/?search=3591024#searchbox",
        "surface": "asphalt",
        "tiger:cfcc": "A45",
        "tiger:county": "San Francisco, CA",
        "tiger:name_base": "The Embarcadero",
        "turn:lanes": "left|through|none"
      },
      "geometry": {
        "type": "LineString",
        "coordinates": [
          [
            -122.3969764,
            37.7985922
          ],
          [
            -122.3974963,
            37.7991785
          ],
          [
            -122.3975508,
            37.7993155
          ]
        ]
      },
      "id": "way/359898621"
    },
    {
      "type": "Feature",
      "properties": {
        "@id": "way/359898622",
        "cycleway:right": "lane",
        "hgv": "designated",
        "highway": "primary",
        "lanes": "3",
        "lcn_ref": "5",
        "lit": "yes",
        "maxspeed": "30 mph",
        "name": "The Embarcadero",
        "oneway": "yes",
        "sidewalk:left": "no",
        "sidewalk:right": "separate",
        "source:hgv": "https://sfplanninggis.org/TIM/?search=3591024#searchbox",
        "surface": "asphalt",
        "tiger:cfcc": "A45",
        "tiger:county": "San Francisco, CA",
        "tiger:name_base": "The Embarcadero",
        "turn:lanes": "||right"
      },
      "geometry": {
        "type": "LineString",
        "coordinates": [
          [
            -122.3980786,
            37.7995238
          ],
          [
            -122.3978694,
            37.7992737
          ],
          [
            -122.3977885,
            37.7991793
          ]
        ]
      },
      "id": "way/359898622"
    },
    {
      "type": "Feature",
      "properties": {
        "@id": "way/359898623",
        "cycleway:right": "lane",
        "hgv": "designated",
        "highway": "primary",
        "lanes": "2",
        "lcn_ref": "5",
        "lit": "yes",
        "maxspeed": "30 mph",
        "name": "The Embarcadero",
        "oneway": "yes",
        "sidewalk:left": "no",
        "sidewalk:right": "separate",
        "source:hgv": "https://sfplanninggis.org/TIM/?search=3591024#searchbox",
        "surface": "concrete",
        "tiger:cfcc": "A45",
        "tiger:county": "San Francisco, CA",
        "tiger:name_base": "The Embarcadero"
      },
      "geometry": {
        "type": "LineString",
        "coordinates": [
          [
            -122.3992608,
            37.8008478
          ],
          [
            -122.3991811,
            37.8007688
          ],
          [
            -122.398436,
            37.799913
          ],
          [
            -122.3980786,
            37.7995238
          ]
        ]
      },
      "id": "way/359898623"
    },
    {
      "type": "Feature",
      "properties": {
        "@id": "way/360397229",
        "destination:ref": "US 101 North",
        "highway": "motorway_link",
        "lanes": "1",
        "lit": "yes",
        "maxspeed": "35 mph",
        "oneway": "yes",
        "placement": "right_of:1",
        "surface": "asphalt",
        "turn": "through"
      },
      "geometry": {
        "type": "LineString",
        "coordinates": [
          [
            -122.4514178,
            37.8034439
          ],
          [
            -122.4514523,
            37.8034871
          ],
          [
            -122.4514892,
            37.8035196
          ],
          [
            -122.4515369,
            37.8035485
          ],
          [
            -122.4516196,
            37.8035874
          ]
        ]
      },
      "id": "way/360397229"
    },
    {
      "type": "Feature",
      "properties": {
        "@id": "way/364469663",
        "alt_name": "Doyle Drive",
        "hgv": "designated",
        "highway": "motorway",
        "lanes": "3",
        "maxspeed": "45 mph",
        "name": "Presidio Parkway",
        "old_ref": "CA 480",
        "oneway": "yes",
        "ref": "US 101",
        "source:hgv": "https://sfplanninggis.org/TIM/?search=3591024#searchbox",
        "surface": "concrete"
      },
      "geometry": {
        "type": "LineString",
        "coordinates": [
          [
            -122.454263,
            37.80308
          ],
          [
            -122.4541317,
            37.8030853
          ]
        ]
      },
      "id": "way/364469663"
    },
    {
      "type": "Feature",
      "properties": {
        "@id": "way/364469664",
        "highway": "motorway_link",
        "lanes": "2",
        "maxspeed": "45 mph",
        "maxspeed:advisory": "25 mph",
        "oneway": "yes",
        "surface": "concrete"
      },
      "geometry": {
        "type": "LineString",
        "coordinates": [
          [
            -122.4542625,
            37.8029584
          ],
          [
            -122.4541267,
            37.8029541
          ]
        ]
      },
      "id": "way/364469664"
    },
    {
      "type": "Feature",
      "properties": {
        "@id": "way/364472579",
        "bicycle": "designated",
        "cycleway:left": "no",
        "cycleway:right": "lane",
        "highway": "secondary",
        "lanes": "2",
        "lit": "yes",
        "maxspeed": "25 mph",
        "name": "Girard Road",
        "oneway": "yes",
        "sidewalk:left": "no",
        "sidewalk:right": "separate",
        "source": "Presidio Parkway project website;guesswork",
        "surface": "asphalt"
      },
      "geometry": {
        "type": "LineString",
        "coordinates": [
          [
            -122.4508731,
            37.8036125
          ],
          [
            -122.450804,
            37.8036465
          ],
          [
            -122.4507331,
            37.8036806
          ],
          [
            -122.4506615,
            37.803714
          ],
          [
            -122.4505902,
            37.8037464
          ],
          [
            -122.4505191,
            37.8037778
          ],
          [
            -122.4504458,
            37.8038089
          ],
          [
            -122.4503726,
            37.8038391
          ],
          [
            -122.4502999,
            37.8038678
          ],
          [
            -122.4502264,
            37.8038967
          ],
          [
            -122.4501537,
            37.8039247
          ],
          [
            -122.4500777,
            37.8039525
          ],
          [
            -122.4500028,
            37.8039788
          ],
          [
            -122.449928,
            37.804004
          ],
          [
            -122.4498584,
            37.8040267
          ],
          [
            -122.4497472,
            37.8040618
          ],
          [
            -122.4491654,
            37.8042477
          ],
          [
            -122.4490891,
            37.8042719
          ],
          [
            -122.4490144,
            37.8042962
          ],
          [
            -122.4489396,
            37.8043228
          ],
          [
            -122.4488635,
            37.8043536
          ],
          [
            -122.4487957,
            37.8043835
          ],
          [
            -122.4487251,
            37.8044176
          ],
          [
            -122.4486566,
            37.8044531
          ],
          [
            -122.4485885,
            37.8044909
          ],
          [
            -122.4485239,
            37.804531
          ],
          [
            -122.4484613,
            37.8045728
          ],
          [
            -122.4484,
            37.8046168
          ]
        ]
      },
      "id": "way/364472579"
    },
    {
      "type": "Feature",
      "properties": {
        "@id": "way/364472581",
        "destination": "Presidio",
        "foot": "no",
        "highway": "motorway_link",
        "lanes": "1",
        "lit": "yes",
        "maxspeed": "25 mph",
        "oneway": "yes",
        "overtaking": "no",
        "sidewalk": "no",
        "source": "Presidio Parkway project website;guesswork",
        "surface": "asphalt",
        "turn": "left"
      },
      "geometry": {
        "type": "LineString",
        "coordinates": [
          [
            -122.4511818,
            37.8034461
          ],
          [
            -122.451229,
            37.8034501
          ],
          [
            -122.4512623,
            37.8034521
          ],
          [
            -122.4513249,
            37.8034511
          ],
          [
            -122.4514178,
            37.8034439
          ]
        ]
      },
      "id": "way/364472581"
    },
    {
      "type": "Feature",
      "properties": {
        "@id": "way/364475235",
        "destination": "Richardson Avenue",
        "destination:ref": "US 101 North",
        "highway": "trunk_link",
        "lanes": "1",
        "lit": "yes",
        "name:etymology:wikidata": "Q4818023",
        "oneway": "yes",
        "sidewalk:left": "no",
        "sidewalk:right": "separate",
        "surface": "asphalt",
        "turn": "right"
      },
      "geometry": {
        "type": "LineString",
        "coordinates": [
          [
            -122.4462985,
            37.8001682
          ],
          [
            -122.4463106,
            37.8001234
          ],
          [
            -122.4463322,
            37.8000902
          ],
          [
            -122.4463627,
            37.8000608
          ],
          [
            -122.4464054,
            37.8000403
          ],
          [
            -122.446457,
            37.800025
          ],
          [
            -122.4465206,
            37.8000133
          ]
        ]
      },
      "id": "way/364475235"
    },
    {
      "type": "Feature",
      "properties": {
        "@id": "way/368095536",
        "destination": "The Embarcadero",
        "highway": "primary_link",
        "name": "Bay Street",
        "oneway": "yes",
        "sidewalk": "left",
        "surface": "asphalt"
      },
      "geometry": {
        "type": "LineString",
        "coordinates": [
          [
            -122.4059603,
            37.8066266
          ],
          [
            -122.4059215,
            37.8066772
          ],
          [
            -122.4059146,
            37.8066937
          ],
          [
            -122.4059114,
            37.8067129
          ],
          [
            -122.4059099,
            37.806726
          ],
          [
            -122.4059125,
            37.8067721
          ],
          [
            -122.4059224,
            37.8068309
          ]
        ]
      },
      "id": "way/368095536"
    },
    {
      "type": "Feature",
      "properties": {
        "@id": "way/394470470",
        "bicycle": "no",
        "destination": "Marin Headlands",
        "highway": "motorway_link",
        "lane_markings": "no",
        "lit": "yes",
        "maxspeed": "55 mph",
        "oneway": "yes",
        "surface": "asphalt",
        "tiger:cfcc": "A63",
        "tiger:county": "Marin, CA",
        "toll": "no"
      },
      "geometry": {
        "type": "LineString",
        "coordinates": [
          [
            -122.4843153,
            37.8345607
          ],
          [
            -122.4843122,
            37.8345395
          ],
          [
            -122.4843114,
            37.834521
          ],
          [
            -122.4843135,
            37.8345011
          ],
          [
            -122.4843188,
            37.8344806
          ],
          [
            -122.4843278,
            37.8344601
          ],
          [
            -122.484338,
            37.8344419
          ],
          [
            -122.484374,
            37.8343894
          ],
          [
            -122.4843868,
            37.8343682
          ],
          [
            -122.484396,
            37.8343468
          ],
          [
            -122.484398,
            37.8343355
          ],
          [
            -122.4843982,
            37.8343234
          ],
          [
            -122.484397,
            37.8343122
          ],
          [
            -122.4843934,
            37.8343009
          ],
          [
            -122.4843875,
            37.8342885
          ],
          [
            -122.4843774,
            37.8342731
          ]
        ]
      },
      "id": "way/394470470"
    },
    {
      "type": "Feature",
      "properties": {
        "@id": "way/396935396",
        "cycleway:right": "lane",
        "hgv": "designated",
        "highway": "primary",
        "lanes": "2",
        "lcn_ref": "5",
        "maxspeed": "30 mph",
        "name": "The Embarcadero",
        "oneway": "yes",
        "sidewalk:left": "no",
        "sidewalk:right": "separate",
        "source:hgv": "https://sfplanninggis.org/TIM/?search=3591024#searchbox",
        "surface": "asphalt",
        "tiger:cfcc": "A45",
        "tiger:county": "San Francisco, CA",
        "tiger:name_base": "The Embarcadero",
        "turn:lanes": "through|through"
      },
      "geometry": {
        "type": "LineString",
        "coordinates": [
          [
            -122.4039891,
            37.8054242
          ],
          [
            -122.4035645,
            37.8051227
          ]
        ]
      },
      "id": "way/396935396"
    },
    {
      "type": "Feature",
      "properties": {
        "@id": "way/396935399",
        "cycleway:right": "lane",
        "hgv": "designated",
        "highway": "primary",
        "lanes": "2",
        "lcn_ref": "5",
        "lit": "yes",
        "maxspeed": "30 mph",
        "name": "The Embarcadero",
        "oneway": "yes",
        "sidewalk:left": "no",
        "sidewalk:right": "separate",
        "source:hgv": "https://sfplanninggis.org/TIM/?search=3591024#searchbox",
        "surface": "asphalt",
        "tiger:cfcc": "A45",
        "tiger:county": "San Francisco, CA",
        "tiger:name_base": "The Embarcadero"
      },
      "geometry": {
        "type": "LineString",
        "coordinates": [
          [
            -122.4041014,
            37.8055105
          ],
          [
            -122.4039891,
            37.8054242
          ]
        ]
      },
      "id": "way/396935399"
    },
    {
      "type": "Feature",
      "properties": {
        "@id": "way/396935402",
        "cycleway:right": "lane",
        "hgv": "designated",
        "highway": "primary",
        "lanes": "3",
        "lcn_ref": "5",
        "lit": "yes",
        "maxspeed": "30 mph",
        "name": "The Embarcadero",
        "oneway": "yes",
        "sidewalk:left": "no",
        "sidewalk:right": "separate",
        "source:hgv": "https://sfplanninggis.org/TIM/?search=3591024#searchbox",
        "surface": "asphalt",
        "tiger:cfcc": "A45",
        "tiger:county": "San Francisco, CA",
        "tiger:name_base": "The Embarcadero"
      },
      "geometry": {
        "type": "LineString",
        "coordinates": [
          [
            -122.4044458,
            37.8057581
          ],
          [
            -122.4041014,
            37.8055105
          ]
        ]
      },
      "id": "way/396935402"
    },
    {
      "type": "Feature",
      "properties": {
        "@id": "way/396935405",
        "bicycle:lanes": "yes|yes|designated",
        "cycleway:right": "lane",
        "hgv": "designated",
        "highway": "primary",
        "lanes": "2",
        "lcn_ref": "5",
        "lit": "yes",
        "maxspeed": "30 mph",
        "name": "The Embarcadero",
        "oneway": "yes",
        "placement": "right_of:1",
        "sidewalk:left": "no",
        "sidewalk:right": "separate",
        "source:hgv": "https://sfplanninggis.org/TIM/?search=3591024#searchbox",
        "surface": "asphalt",
        "tiger:cfcc": "A45",
        "tiger:county": "San Francisco, CA",
        "tiger:name_base": "The Embarcadero",
        "turn:lanes": "through|through|"
      },
      "geometry": {
        "type": "LineString",
        "coordinates": [
          [
            -122.4035645,
            37.8051227
          ],
          [
            -122.4035267,
            37.8050962
          ],
          [
            -122.4034504,
            37.8050417
          ]
        ]
      },
      "id": "way/396935405"
    },
    {
      "type": "Feature",
      "properties": {
        "@id": "way/396985506",
        "hgv": "designated",
        "highway": "secondary",
        "horse": "no",
        "lanes": "3",
        "lit": "yes",
        "maxspeed": "25 mph",
        "maxweight:hgv": "3 st",
        "name": "Franklin Street",
        "name:etymology:wikidata": "Q34969",
        "oneway": "yes",
        "sidewalk": "both",
        "source:hgv": "https://sfplanninggis.org/TIM/?search=3591024#searchbox",
        "surface": "asphalt",
        "tiger:cfcc": "A41",
        "tiger:county": "San Francisco, CA",
        "tiger:name_base": "Franklin",
        "tiger:name_type": "St",
        "turn:lanes": "left|left;through|"
      },
      "geometry": {
        "type": "LineString",
        "coordinates": [
          [
            -122.426037,
            37.8002921
          ],
          [
            -122.4261295,
            37.8007529
          ],
          [
            -122.4261585,
            37.8008975
          ],
          [
            -122.4261754,
            37.8009815
          ],
          [
            -122.4261927,
            37.8010627
          ]
        ]
      },
      "id": "way/396985506"
    },
    {
      "type": "Feature",
      "properties": {
        "@id": "way/397028728",
        "NHS": "STRAHNET",
        "bicycle": "yes",
        "foot": "yes",
        "hgv": "designated",
        "highway": "trunk",
        "lanes": "3",
        "lit": "yes",
        "maxspeed": "30 mph",
        "name": "Richardson Avenue",
        "name:etymology:wikidata": "Q4818023",
        "old_ref": "CA 480",
        "oneway": "yes",
        "ref": "US 101",
        "shoulder": "no",
        "sidewalk:left": "no",
        "sidewalk:right": "separate",
        "source:hgv": "https://sfplanninggis.org/TIM/?search=3591024#searchbox"
      },
      "geometry": {
        "type": "LineString",
        "coordinates": [
          [
            -122.447971,
            37.8008945
          ],
          [
            -122.4478788,
            37.8008356
          ],
          [
            -122.4478626,
            37.8008253
          ],
          [
            -122.4477705,
            37.8007547
          ],
          [
            -122.447648,
            37.8006663
          ],
          [
            -122.4475217,
            37.8005775
          ],
          [
            -122.4474594,
            37.8005353
          ],
          [
            -122.4473395,
            37.8004555
          ],
          [
            -122.4472387,
            37.8003832
          ]
        ]
      },
      "id": "way/397028728"
    },
    {
      "type": "Feature",
      "properties": {
        "@id": "way/397028729",
        "NHS": "STRAHNET",
        "alt_name": "Doyle Drive",
        "bicycle": "no",
        "foot": "no",
        "hgv": "designated",
        "highway": "motorway",
        "lanes": "3",
        "lit": "yes",
        "maxspeed": "35 mph",
        "name": "Presidio Parkway",
        "old_ref": "CA 480",
        "oneway": "yes",
        "ref": "US 101",
        "sidewalk": "right",
        "source:hgv": "https://sfplanninggis.org/TIM/?search=3591024#searchbox",
        "surface": "asphalt",
        "tiger:cfcc": "A25",
        "tiger:county": "San Francisco, CA",
        "tiger:name_base": "Richardson",
        "tiger:name_base_1": "United States Highway 101",
        "tiger:name_type": "Ave"
      },
      "geometry": {
        "type": "LineString",
        "coordinates": [
          [
            -122.448076,
            37.8010835
          ],
          [
            -122.4483173,
            37.8012483
          ]
        ]
      },
      "id": "way/397028729"
    },
    {
      "type": "Feature",
      "properties": {
        "@id": "way/397060742",
        "cycleway:right": "shared_lane",
        "hgv": "designated",
        "highway": "secondary",
        "lanes": "3",
        "lcn_ref": "11",
        "maxspeed": "20 mph",
        "name": "Columbus Avenue",
        "oneway": "yes",
        "source:hgv": "https://sfplanninggis.org/TIM/?search=3591024#searchbox",
        "tiger:cfcc": "A41",
        "tiger:county": "San Francisco, CA",
        "tiger:name_base": "Columbus",
        "tiger:name_type": "Ave",
        "trolley_wire": "yes",
        "turn:lanes": "left|left|through"
      },
      "geometry": {
        "type": "LineString",
        "coordinates": [
          [
            -122.4168498,
            37.8049776
          ],
          [
            -122.4170464,
            37.8051168
          ],
          [
            -122.4171628,
            37.8051849
          ]
        ]
      },
      "id": "way/397060742"
    },
    {
      "type": "Feature",
      "properties": {
        "@id": "way/397085570",
        "cycleway": "lane",
        "highway": "secondary",
        "lanes": "2",
        "lcn_ref": "95",
        "lit": "yes",
        "maxspeed": "30 mph",
        "name": "Lincoln Boulevard",
        "name:etymology:wikidata": "Q91",
        "surface": "asphalt",
        "tiger:cfcc": "A41",
        "tiger:county": "San Francisco, CA",
        "tiger:name_base": "Lincoln",
        "tiger:name_type": "Blvd"
      },
      "geometry": {
        "type": "LineString",
        "coordinates": [
          [
            -122.4773326,
            37.8016427
          ],
          [
            -122.4773767,
            37.8015674
          ],
          [
            -122.4774146,
            37.8014939
          ],
          [
            -122.4774468,
            37.801423
          ],
          [
            -122.4774776,
            37.8013474
          ],
          [
            -122.4775122,
            37.8012561
          ],
          [
            -122.4775453,
            37.8011742
          ],
          [
            -122.4775875,
            37.8010848
          ],
          [
            -122.4776241,
            37.801016
          ],
          [
            -122.4776618,
            37.8009516
          ],
          [
            -122.4777015,
            37.8008876
          ],
          [
            -122.4777475,
            37.8008187
          ],
          [
            -122.4777968,
            37.8007519
          ]
        ]
      },
      "id": "way/397085570"
    },
    {
      "type": "Feature",
      "properties": {
        "@id": "way/397085571",
        "cycleway": "lane",
        "highway": "secondary",
        "lanes": "2",
        "lanes:backward": "1",
        "lanes:forward": "1",
        "lcn_ref": "95",
        "lit": "yes",
        "maxspeed": "30 mph",
        "name": "Lincoln Boulevard",
        "name:etymology:wikidata": "Q91",
        "surface": "asphalt",
        "tiger:cfcc": "A41",
        "tiger:county": "San Francisco, CA",
        "tiger:name_base": "Lincoln",
        "tiger:name_type": "Blvd",
        "turn:lanes:forward": "left;through"
      },
      "geometry": {
        "type": "LineString",
        "coordinates": [
          [
            -122.4777968,
            37.8007519
          ],
          [
            -122.4778524,
            37.8006812
          ],
          [
            -122.4779094,
            37.8006135
          ],
          [
            -122.4779667,
            37.8005489
          ],
          [
            -122.4780428,
            37.8004623
          ],
          [
            -122.4780885,
            37.8004083
          ],
          [
            -122.4781041,
            37.8003891
          ],
          [
            -122.4781311,
            37.8003531
          ],
          [
            -122.4781576,
            37.8003162
          ]
        ]
      },
      "id": "way/397085571"
    },
    {
      "type": "Feature",
      "properties": {
        "@id": "way/397086247",
        "NHS": "STRAHNET",
        "alt_name": "Doyle Drive",
        "bicycle": "no",
        "highway": "motorway",
        "lanes": "4",
        "lit": "yes",
        "maxspeed": "35 mph",
        "name": "Presidio Parkway",
        "oneway": "yes",
        "ref": "US 101;CA 1",
        "source:hgv": "https://sfplanninggis.org/TIM/?search=3591024#searchbox",
        "surface": "asphalt",
        "tiger:cfcc": "A25",
        "tiger:name_base": "Richardson",
        "tiger:name_type": "Ave",
        "toll": "no"
      },
      "geometry": {
        "type": "LineString",
        "coordinates": [
          [
            -122.4746347,
            37.80653
          ],
          [
            -122.4746651,
            37.8065613
          ],
          [
            -122.4747616,
            37.8066705
          ],
          [
            -122.4748543,
            37.8067766
          ],
          [
            -122.4749484,
            37.8068844
          ],
          [
            -122.4749755,
            37.8069139
          ],
          [
            -122.4750049,
            37.8069452
          ]
        ]
      },
      "id": "way/397086247"
    },
    {
      "type": "Feature",
      "properties": {
        "@id": "way/397086249",
        "NHS": "STRAHNET",
        "alt_name": "Doyle Drive",
        "bicycle": "no",
        "bus:lanes": "no|no|no|no|no|no|no|designated",
        "bus_bay": "right",
        "caravan:lanes": "no|no|no|no|no|no|no|designated",
        "hgv": "designated",
        "highway": "motorway",
        "lanes": "8",
        "lanes:bus:forward": "1",
        "lit": "yes",
        "maxspeed": "25 mph",
        "name": "Presidio Parkway",
        "old_ref": "CA 480",
        "oneway": "yes",
        "ref": "US 101;CA 1",
        "sidewalk": "separate",
        "source:hgv": "https://sfplanninggis.org/TIM/?search=3591024#searchbox",
        "surface": "concrete",
        "tiger:cfcc": "A25",
        "tiger:name_base": "Richardson",
        "tiger:name_type": "Ave",
        "toll": "yes",
        "trailer": "no|no|no|no|no|no|no|designated",
        "turn:lanes": "|||||||through;right"
      },
      "geometry": {
        "type": "LineString",
        "coordinates": [
          [
            -122.4755129,
            37.8070395
          ],
          [
            -122.4753292,
            37.8068754
          ]
        ]
      },
      "id": "way/397086249"
    },
    {
      "type": "Feature",
      "properties": {
        "@id": "way/397094227",
        "hgv": "designated",
        "highway": "secondary",
        "lanes": "3",
        "name": "Kearny Street",
        "name:etymology:wikidata": "Q518351",
        "oneway": "yes",
        "sidewalk:both": "separate",
        "source:hgv": "https://sfplanninggis.org/TIM/?search=3591024#searchbox",
        "surface": "asphalt",
        "tiger:cfcc": "A41",
        "tiger:county": "San Francisco, CA",
        "tiger:name_base": "Kearny",
        "tiger:name_type": "St"
      },
      "geometry": {
        "type": "LineString",
        "coordinates": [
          [
            -122.4051467,
            37.7962229
          ],
          [
            -122.4051577,
            37.7962767
          ],
          [
            -122.4051848,
            37.7964097
          ]
        ]
      },
      "id": "way/397094227"
    },
    {
      "type": "Feature",
      "properties": {
        "@id": "way/397094231",
        "bicycle:lanes": "yes|yes|yes|designated",
        "change:lanes": "no|no|no|no",
        "cycleway:right": "lane",
        "destination:street:lanes": "|||Battery Street",
        "hgv": "designated",
        "highway": "primary",
        "lanes": "4",
        "lcn_ref": "5",
        "lit": "yes",
        "maxspeed": "30 mph",
        "name": "The Embarcadero",
        "oneway": "yes",
        "overtaking": "no",
        "sidewalk:both": "no",
        "source:hgv": "https://sfplanninggis.org/TIM/?search=3591024#searchbox",
        "surface": "asphalt",
        "tiger:cfcc": "A45",
        "tiger:county": "San Francisco, CA",
        "tiger:name_base": "The Embarcadero",
        "turn:lanes": "reverse||through|right"
      },
      "geometry": {
        "type": "LineString",
        "coordinates": [
          [
            -122.402919,
            37.8046639
          ],
          [
            -122.4023931,
            37.8042762
          ]
        ]
      },
      "id": "way/397094231"
    },
    {
      "type": "Feature",
      "properties": {
        "@id": "way/397108532",
        "cycleway:right": "no",
        "highway": "secondary",
        "lanes": "1",
        "lit": "yes",
        "maxspeed": "20 mph",
        "name": "Fremont Street",
        "name:etymology:wikidata": "Q169011",
        "note": "oneway as of 2020, according to imagery",
        "oneway": "yes",
        "sidewalk": "both",
        "surface": "asphalt",
        "tiger:cfcc": "A41",
        "tiger:county": "San Francisco, CA",
        "tiger:name_base": "Fremont",
        "tiger:name_type": "St",
        "turn:lanes": "through"
      },
      "geometry": {
        "type": "LineString",
        "coordinates": [
          [
            -122.3941037,
            37.7883751
          ],
          [
            -122.3941911,
            37.7884502
          ],
          [
            -122.3943627,
            37.788598
          ]
        ]
      },
      "id": "way/397108532"
    },
    {
      "type": "Feature",
      "properties": {
        "@id": "way/397108534",
        "cycleway:right": "track",
        "hgv": "designated",
        "highway": "primary",
        "lanes": "2",
        "lcn_ref": "5",
        "maxspeed": "30 mph",
        "name": "The Embarcadero",
        "oneway": "yes",
        "oneway:bicycle": "no",
        "parking:lane:right": "parallel",
        "sidewalk": "separate",
        "source:hgv": "https://sfplanninggis.org/TIM/?search=3591024#searchbox",
        "surface": "asphalt",
        "tiger:cfcc": "A45",
        "tiger:county": "San Francisco, CA",
        "tiger:name_base": "The Embarcadero"
      },
      "geometry": {
        "type": "LineString",
        "coordinates": [
          [
            -122.3889043,
            37.7900845
          ],
          [
            -122.3892817,
            37.7903915
          ]
        ]
      },
      "id": "way/397108534"
    },
    {
      "type": "Feature",
      "properties": {
        "@id": "way/397108535",
        "cycleway:right": "track",
        "hgv": "designated",
        "highway": "primary",
        "lanes": "2",
        "lcn_ref": "5",
        "maxspeed": "30 mph",
        "name": "The Embarcadero",
        "oneway": "yes",
        "oneway:bicycle": "no",
        "parking:lane:right": "parallel",
        "sidewalk": "separate",
        "source:hgv": "https://sfplanninggis.org/TIM/?search=3591024#searchbox",
        "surface": "asphalt",
        "tiger:cfcc": "A45",
        "tiger:county": "San Francisco, CA",
        "tiger:name_base": "The Embarcadero"
      },
      "geometry": {
        "type": "LineString",
        "coordinates": [
          [
            -122.3892817,
            37.7903915
          ],
          [
            -122.3894204,
            37.7905026
          ]
        ]
      },
      "id": "way/397108535"
    },
    {
      "type": "Feature",
      "properties": {
        "@id": "way/397108536",
        "cycleway:right": "track",
        "hgv": "designated",
        "highway": "primary",
        "lanes": "2",
        "lcn_ref": "5",
        "maxspeed": "30 mph",
        "name": "The Embarcadero",
        "oneway": "yes",
        "oneway:bicycle": "no",
        "parking:both": "no",
        "sidewalk": "separate",
        "source:hgv": "https://sfplanninggis.org/TIM/?search=3591024#searchbox",
        "surface": "asphalt",
        "tiger:cfcc": "A45",
        "tiger:county": "San Francisco, CA",
        "tiger:name_base": "The Embarcadero"
      },
      "geometry": {
        "type": "LineString",
        "coordinates": [
          [
            -122.3884059,
            37.7896449
          ],
          [
            -122.3885002,
            37.7897546
          ],
          [
            -122.3885991,
            37.7898344
          ],
          [
            -122.3888076,
            37.7900054
          ],
          [
            -122.3889043,
            37.7900845
          ]
        ]
      },
      "id": "way/397108536"
    },
    {
      "type": "Feature",
      "properties": {
        "@id": "way/397130970",
        "hgv": "designated",
        "highway": "primary",
        "lanes": "4",
        "lanes:backward": "2",
        "lanes:forward": "2",
        "lit": "yes",
        "maxspeed": "25 mph",
        "name": "Bay Street",
        "sidewalk:both": "separate",
        "source:hgv": "https://sfplanninggis.org/TIM/?search=3591024#searchbox",
        "surface": "asphalt",
        "tiger:cfcc": "A41",
        "tiger:county": "San Francisco, CA",
        "tiger:name_base": "Bay",
        "tiger:name_type": "St"
      },
      "geometry": {
        "type": "LineString",
        "coordinates": [
          [
            -122.4065005,
            37.8065305
          ],
          [
            -122.4069783,
            37.8064623
          ],
          [
            -122.4070868,
            37.8064468
          ],
          [
            -122.4071661,
            37.8064355
          ]
        ]
      },
      "id": "way/397130970"
    },
    {
      "type": "Feature",
      "properties": {
        "@id": "way/397135724",
        "cycleway:right": "no",
        "highway": "secondary",
        "lanes": "3",
        "lit": "yes",
        "maxspeed": "20 mph",
        "name": "Taylor Street",
        "name:etymology:wikidata": "Q11896",
        "oneway": "yes",
        "sidewalk:both": "separate",
        "surface": "asphalt",
        "tiger:cfcc": "A41",
        "tiger:county": "San Francisco, CA",
        "tiger:name_base": "Taylor",
        "tiger:name_type": "St",
        "turn:lanes": "left||"
      },
      "geometry": {
        "type": "LineString",
        "coordinates": [
          [
            -122.411822,
            37.788369
          ],
          [
            -122.4118446,
            37.7884785
          ],
          [
            -122.4118984,
            37.7887441
          ],
          [
            -122.4119117,
            37.7888113
          ]
        ]
      },
      "id": "way/397135724"
    },
    {
      "type": "Feature",
      "properties": {
        "@id": "way/397135729",
        "cycleway:right": "no",
        "highway": "secondary",
        "lanes": "2",
        "name": "Taylor Street",
        "name:etymology:wikidata": "Q11896",
        "oneway": "yes",
        "sidewalk:both": "separate",
        "surface": "asphalt",
        "tiger:cfcc": "A41",
        "tiger:county": "San Francisco, CA",
        "tiger:name_base": "Taylor",
        "tiger:name_type": "St"
      },
      "geometry": {
        "type": "LineString",
        "coordinates": [
          [
            -122.4119117,
            37.7888113
          ],
          [
            -122.4119286,
            37.7888898
          ],
          [
            -122.4120842,
            37.7896675
          ],
          [
            -122.4120997,
            37.7897443
          ],
          [
            -122.4121156,
            37.789823
          ],
          [
            -122.4121757,
            37.7901213
          ],
          [
            -122.4122039,
            37.7902612
          ],
          [
            -122.412221,
            37.7903458
          ],
          [
            -122.4122516,
            37.7904972
          ],
          [
            -122.412273,
            37.7906034
          ],
          [
            -122.4122873,
            37.7906745
          ]
        ]
      },
      "id": "way/397135729"
    },
    {
      "type": "Feature",
      "properties": {
        "@id": "way/397136323",
        "hgv": "designated",
        "highway": "secondary",
        "lanes": "2",
        "name": "Larkin Street",
        "name:etymology:wikidata": "Q12061100",
        "oneway": "yes",
        "sidewalk:both": "separate",
        "source:hgv": "https://sfplanninggis.org/TIM/?search=3591024#searchbox",
        "surface": "asphalt",
        "tiger:cfcc": "A41",
        "tiger:county": "San Francisco, CA",
        "tiger:name_base": "Larkin",
        "tiger:name_type": "St",
        "turn:lanes": "|right"
      },
      "geometry": {
        "type": "LineString",
        "coordinates": [
          [
            -122.4185743,
            37.7884072
          ],
          [
            -122.4185811,
            37.7884406
          ],
          [
            -122.4186598,
            37.7888297
          ],
          [
            -122.4186753,
            37.7889065
          ]
        ]
      },
      "id": "way/397136323"
    },
    {
      "type": "Feature",
      "properties": {
        "@id": "way/397140314",
        "bicycle:lanes": "yes|no|no|designated|yes",
        "cycleway:right": "lane",
        "hgv": "designated",
        "highway": "primary",
        "lanes": "4",
        "lcn_ref": "5",
        "maxspeed": "30 mph",
        "name": "The Embarcadero",
        "oneway": "yes",
        "sidewalk": "right",
        "source:hgv": "https://sfplanninggis.org/TIM/?search=3591024#searchbox",
        "surface": "asphalt",
        "tiger:cfcc": "A45",
        "tiger:county": "San Francisco, CA",
        "tiger:name_base": "The Embarcadero",
        "turn:lanes": "left|||right"
      },
      "geometry": {
        "type": "LineString",
        "coordinates": [
          [
            -122.3914667,
            37.7927084
          ],
          [
            -122.3913402,
            37.7925504
          ],
          [
            -122.3912975,
            37.7924796
          ],
          [
            -122.391284,
            37.7924599
          ],
          [
            -122.3912668,
            37.7924289
          ],
          [
            -122.3912179,
            37.7923424
          ]
        ]
      },
      "id": "way/397140314"
    },
    {
      "type": "Feature",
      "properties": {
        "@id": "way/397140734",
        "cycleway:right": "track",
        "foot": "no",
        "hgv": "designated",
        "highway": "primary",
        "lanes": "3",
        "lcn_ref": "4",
        "lit": "yes",
        "maxspeed": "30 mph",
        "name": "The Embarcadero",
        "oneway": "yes",
        "oneway:bicycle": "no",
        "sidewalk": "separate",
        "source:hgv": "https://sfplanninggis.org/TIM/?search=3591024#searchbox",
        "surface": "asphalt",
        "tiger:cfcc": "A45",
        "tiger:county": "San Francisco, CA",
        "tiger:name_base": "The Embarcadero",
        "turn:lanes": "left||"
      },
      "geometry": {
        "type": "LineString",
        "coordinates": [
          [
            -122.3944748,
            37.795864
          ],
          [
            -122.39458,
            37.7959671
          ],
          [
            -122.3946192,
            37.7960055
          ]
        ]
      },
      "id": "way/397140734"
    },
    {
      "type": "Feature",
      "properties": {
        "@id": "way/397140735",
        "cycleway:right": "track",
        "hgv": "designated",
        "highway": "primary",
        "lanes": "3",
        "lit": "yes",
        "maxspeed": "30 mph",
        "name": "The Embarcadero",
        "oneway": "yes",
        "oneway:bicycle": "no",
        "parking:lane:right": "parallel",
        "sidewalk": "separate",
        "source:hgv": "https://sfplanninggis.org/TIM/?search=3591024#searchbox",
        "surface": "asphalt",
        "tiger:cfcc": "A45",
        "tiger:county": "San Francisco, CA",
        "tiger:name_base": "The Embarcadero",
        "turn:lanes": "left||"
      },
      "geometry": {
        "type": "LineString",
        "coordinates": [
          [
            -122.3904886,
            37.7917624
          ],
          [
            -122.3906383,
            37.7920852
          ],
          [
            -122.390717,
            37.7922184
          ],
          [
            -122.3907989,
            37.7923368
          ],
          [
            -122.3908651,
            37.7924227
          ],
          [
            -122.3908927,
            37.7924603
          ],
          [
            -122.390971,
            37.7925459
          ]
        ]
      },
      "id": "way/397140735"
    },
    {
      "type": "Feature",
      "properties": {
        "@id": "way/397141679",
        "cycleway:right": "track",
        "hgv": "designated",
        "highway": "primary",
        "lanes": "2",
        "lcn_ref": "5",
        "lit": "yes",
        "maxspeed": "30 mph",
        "name": "The Embarcadero",
        "oneway": "yes",
        "oneway:bicycle": "no",
        "sidewalk": "separate",
        "source:hgv": "https://sfplanninggis.org/TIM/?search=3591024#searchbox",
        "surface": "asphalt",
        "tiger:cfcc": "A45",
        "tiger:county": "San Francisco, CA",
        "tiger:name_base": "The Embarcadero"
      },
      "geometry": {
        "type": "LineString",
        "coordinates": [
          [
            -122.3924473,
            37.7938324
          ],
          [
            -122.3925372,
            37.7939235
          ],
          [
            -122.3927947,
            37.794143
          ],
          [
            -122.3930278,
            37.7943549
          ],
          [
            -122.3930519,
            37.7943778
          ],
          [
            -122.39309,
            37.7944139
          ]
        ]
      },
      "id": "way/397141679"
    },
    {
      "type": "Feature",
      "properties": {
        "@id": "way/397141680",
        "cycleway:right": "lane",
        "hgv": "designated",
        "highway": "primary",
        "lanes": "3",
        "lcn_ref": "5",
        "lit": "yes",
        "maxspeed": "30 mph",
        "name": "The Embarcadero",
        "oneway": "yes",
        "sidewalk": "right",
        "source:hgv": "https://sfplanninggis.org/TIM/?search=3591024#searchbox",
        "surface": "asphalt",
        "tiger:cfcc": "A45",
        "tiger:county": "San Francisco, CA",
        "tiger:name_base": "The Embarcadero",
        "turn:lanes": "none|through|right"
      },
      "geometry": {
        "type": "LineString",
        "coordinates": [
          [
            -122.3932709,
            37.7942594
          ],
          [
            -122.39325,
            37.7942468
          ],
          [
            -122.3932147,
            37.7942241
          ],
          [
            -122.3931751,
            37.7941987
          ],
          [
            -122.3931358,
            37.7941735
          ],
          [
            -122.3930006,
            37.7940764
          ],
          [
            -122.3928645,
            37.7939657
          ],
          [
            -122.3927151,
            37.7938234
          ],
          [
            -122.3926939,
            37.7938021
          ],
          [
            -122.3926071,
            37.7937194
          ]
        ]
      },
      "id": "way/397141680"
    },
    {
      "type": "Feature",
      "properties": {
        "@id": "way/397146704",
        "cycleway:right": "no",
        "hgv": "designated",
        "highway": "secondary",
        "lanes": "4",
        "lit": "yes",
        "maxspeed": "30 mph",
        "name": "Bush Street",
        "oneway": "yes",
        "source:hgv": "https://sfplanninggis.org/TIM/?search=3591024#searchbox",
        "surface": "asphalt",
        "tiger:cfcc": "A41",
        "tiger:county": "San Francisco, CA",
        "tiger:name_base": "Bush",
        "tiger:name_type": "St",
        "turn:lanes": "left|left;through||"
      },
      "geometry": {
        "type": "LineString",
        "coordinates": [
          [
            -122.4046908,
            37.7906852
          ],
          [
            -122.404424,
            37.7907191
          ]
        ]
      },
      "id": "way/397146704"
    },
    {
      "type": "Feature",
      "properties": {
        "@id": "way/397146707",
        "hgv": "designated",
        "highway": "secondary",
        "lanes": "2",
        "lit": "yes",
        "maxspeed": "20 mph",
        "name": "Pine Street",
        "oneway": "yes",
        "sidewalk": "both",
        "source:hgv": "https://sfplanninggis.org/TIM/?search=3591024#searchbox",
        "surface": "asphalt",
        "tiger:cfcc": "A41",
        "tiger:county": "San Francisco, CA",
        "tiger:name_base": "Pine",
        "tiger:name_type": "St"
      },
      "geometry": {
        "type": "LineString",
        "coordinates": [
          [
            -122.4042334,
            37.7917031
          ],
          [
            -122.404347,
            37.791688
          ],
          [
            -122.4045602,
            37.7916595
          ],
          [
            -122.4048969,
            37.7916148
          ],
          [
            -122.4054596,
            37.791543
          ]
        ]
      },
      "id": "way/397146707"
    },
    {
      "type": "Feature",
      "properties": {
        "@id": "way/397148931",
        "highway": "secondary",
        "lanes": "3",
        "maxspeed": "20 mph",
        "name": "Fremont Street",
        "name:etymology:wikidata": "Q169011",
        "oneway": "yes",
        "sidewalk:both": "separate",
        "smoothness": "intermediate",
        "surface": "asphalt",
        "tiger:cfcc": "A41",
        "tiger:county": "San Francisco, CA",
        "tiger:name_base": "Fremont",
        "tiger:name_type": "St",
        "trolley_wire": "yes",
        "turn:lanes": "left|through|through;right"
      },
      "geometry": {
        "type": "LineString",
        "coordinates": [
          [
            -122.3965718,
            37.7903664
          ],
          [
            -122.3966103,
            37.7903991
          ],
          [
            -122.3967026,
            37.7904732
          ]
        ]
      },
      "id": "way/397148931"
    },
    {
      "type": "Feature",
      "properties": {
        "@id": "way/397148932",
        "cycleway:right": "no",
        "highway": "secondary",
        "lanes": "5",
        "maxspeed": "20 mph",
        "name": "Fremont Street",
        "name:etymology:wikidata": "Q169011",
        "oneway": "yes",
        "sidewalk": "both",
        "surface": "asphalt",
        "tiger:cfcc": "A41",
        "tiger:county": "San Francisco, CA",
        "tiger:name_base": "Fremont",
        "tiger:name_type": "St",
        "turn:lanes": "left|left;through|none|none|right"
      },
      "geometry": {
        "type": "LineString",
        "coordinates": [
          [
            -122.3944382,
            37.7886601
          ],
          [
            -122.3945927,
            37.7887855
          ],
          [
            -122.3950741,
            37.7891679
          ],
          [
            -122.3951505,
            37.7892294
          ]
        ]
      },
      "id": "way/397148932"
    },
    {
      "type": "Feature",
      "properties": {
        "@id": "way/397148933",
        "cycleway:right": "track",
        "cycleway:right:lane": "exclusive",
        "hgv": "designated",
        "highway": "secondary",
        "lanes": "4",
        "lanes:backward": "2",
        "lanes:forward": "2",
        "lcn_ref": "30",
        "lit": "yes",
        "maxspeed": "25 mph",
        "name": "Howard Street",
        "name:etymology:wikidata": "Q16066217",
        "parking:lane:both": "no",
        "sidewalk:both": "separate",
        "source:hgv": "https://sfplanninggis.org/TIM/?search=3591024#searchbox",
        "surface": "asphalt",
        "tiger:cfcc": "A41",
        "tiger:county": "San Francisco, CA",
        "tiger:name_base": "Howard",
        "tiger:name_type": "St",
        "trolley_wire": "yes"
      },
      "geometry": {
        "type": "LineString",
        "coordinates": [
          [
            -122.3938223,
            37.7902855
          ],
          [
            -122.3940671,
            37.7900903
          ]
        ]
      },
      "id": "way/397148933"
    },
    {
      "type": "Feature",
      "properties": {
        "@id": "way/397148934",
        "cycleway:right": "track",
        "hgv": "designated",
        "highway": "secondary",
        "lanes": "5",
        "lanes:backward": "2",
        "lanes:forward": "3",
        "lcn_ref": "30",
        "lit": "yes",
        "maxspeed": "25 mph",
        "name": "Howard Street",
        "name:etymology:wikidata": "Q16066217",
        "parking:lane:both": "no",
        "placement:backward": "left_of:1",
        "sidewalk:both": "separate",
        "source:hgv": "https://sfplanninggis.org/TIM/?search=3591024#searchbox",
        "surface": "asphalt",
        "tiger:cfcc": "A41",
        "tiger:county": "San Francisco, CA",
        "tiger:name_base": "Howard",
        "tiger:name_type": "St",
        "trolley_wire": "yes",
        "turn:lanes:forward": "left|none|none"
      },
      "geometry": {
        "type": "LineString",
        "coordinates": [
          [
            -122.3940671,
            37.7900903
          ],
          [
            -122.3941958,
            37.7899937
          ],
          [
            -122.3943106,
            37.7899029
          ]
        ]
      },
      "id": "way/397148934"
    },
    {
      "type": "Feature",
      "properties": {
        "@id": "way/397148935",
        "cycleway:right": "track",
        "hgv": "designated",
        "highway": "secondary",
        "lane_markings": "no",
        "lcn_ref": "30",
        "maxspeed": "25 mph",
        "name": "Howard Street",
        "name:etymology:wikidata": "Q16066217",
        "sidewalk:both": "separate",
        "source:hgv": "https://sfplanninggis.org/TIM/?search=3591024#searchbox",
        "surface": "asphalt",
        "tiger:cfcc": "A41",
        "tiger:county": "San Francisco, CA",
        "tiger:name_base": "Howard",
        "tiger:name_type": "St"
      },
      "geometry": {
        "type": "LineString",
        "coordinates": [
          [
            -122.390971,
            37.7925459
          ],
          [
            -122.3910557,
            37.7924738
          ],
          [
            -122.3911303,
            37.7924135
          ],
          [
            -122.3912179,
            37.7923424
          ]
        ]
      },
      "id": "way/397148935"
    },
    {
      "type": "Feature",
      "properties": {
        "@id": "way/397148936",
        "cycleway:right": "track",
        "hgv": "designated",
        "highway": "secondary",
        "lanes": "3",
        "lanes:backward": "1",
        "lanes:forward": "2",
        "lcn_ref": "30",
        "lit": "yes",
        "maxspeed": "25 mph",
        "name": "Howard Street",
        "name:etymology:wikidata": "Q16066217",
        "parking:lane:both": "parallel",
        "sidewalk:both": "separate",
        "source:hgv": "https://sfplanninggis.org/TIM/?search=3591024#searchbox",
        "surface": "asphalt",
        "tiger:cfcc": "A41",
        "tiger:county": "San Francisco, CA",
        "tiger:name_base": "Howard",
        "tiger:name_type": "St"
      },
      "geometry": {
        "type": "LineString",
        "coordinates": [
          [
            -122.3916518,
            37.792
          ],
          [
            -122.3917377,
            37.7919291
          ],
          [
            -122.392088,
            37.7916404
          ],
          [
            -122.3922786,
            37.7914824
          ]
        ]
      },
      "id": "way/397148936"
    },
    {
      "type": "Feature",
      "properties": {
        "@id": "way/397152942",
        "cycleway:right": "lane",
        "foot": "no",
        "hgv": "designated",
        "highway": "primary",
        "lanes": "3",
        "lcn_ref": "5",
        "lit": "yes",
        "maxspeed": "30 mph",
        "name": "The Embarcadero",
        "oneway": "yes",
        "sidewalk": "separate",
        "source:hgv": "https://sfplanninggis.org/TIM/?search=3591024#searchbox",
        "surface": "asphalt",
        "tiger:cfcc": "A45",
        "tiger:county": "San Francisco, CA",
        "tiger:name_base": "The Embarcadero"
      },
      "geometry": {
        "type": "LineString",
        "coordinates": [
          [
            -122.4044085,
            37.8060238
          ],
          [
            -122.4048448,
            37.8062731
          ],
          [
            -122.4049933,
            37.8063504
          ]
        ]
      },
      "id": "way/397152942"
    },
    {
      "type": "Feature",
      "properties": {
        "@id": "way/397153595",
        "highway": "secondary",
        "lanes": "3",
        "lanes:psv": "1",
        "maxspeed": "20 mph",
        "name": "Fremont Street",
        "name:etymology:wikidata": "Q169011",
        "oneway": "yes",
        "sidewalk": "separate",
        "surface": "asphalt",
        "tiger:cfcc": "A41",
        "tiger:county": "San Francisco, CA",
        "tiger:name_base": "Fremont",
        "tiger:name_type": "St",
        "trolley_wire": "yes"
      },
      "geometry": {
        "type": "LineString",
        "coordinates": [
          [
            -122.397536,
            37.7911349
          ],
          [
            -122.3975849,
            37.7911979
          ],
          [
            -122.3981738,
            37.7916639
          ],
          [
            -122.3982818,
            37.7917241
          ],
          [
            -122.3982976,
            37.791734
          ]
        ]
      },
      "id": "way/397153595"
    },
    {
      "type": "Feature",
      "properties": {
        "@id": "way/397269728",
        "cycleway:left": "track",
        "cycleway:left:oneway": "no",
        "cycleway:right": "no",
        "highway": "secondary",
        "lanes": "3",
        "lcn_ref": "11",
        "maxspeed": "25 mph",
        "maxspeed:type": "US:urban",
        "name": "Battery Street",
        "oneway": "yes",
        "oneway:bicycle": "no",
        "parking:lane:both": "parallel",
        "sidewalk:both": "separate",
        "surface": "asphalt",
        "tiger:cfcc": "A41",
        "tiger:county": "San Francisco, CA",
        "tiger:name_base": "Battery",
        "tiger:name_type": "St",
        "turn:lanes": "left|left|left"
      },
      "geometry": {
        "type": "LineString",
        "coordinates": [
          [
            -122.3997849,
            37.7922611
          ],
          [
            -122.3997717,
            37.7921916
          ],
          [
            -122.399728,
            37.7919714
          ],
          [
            -122.3997102,
            37.7918836
          ],
          [
            -122.3996937,
            37.7918026
          ],
          [
            -122.3996691,
            37.791682
          ],
          [
            -122.3996157,
            37.7914074
          ],
          [
            -122.3996112,
            37.7913319
          ]
        ]
      },
      "id": "way/397269728"
    },
    {
      "type": "Feature",
      "properties": {
        "@id": "way/397269729",
        "cycleway:right": "no",
        "hgv": "designated",
        "highway": "secondary",
        "lanes": "4",
        "lit": "yes",
        "maxspeed": "20 mph",
        "name": "Kearny Street",
        "name:etymology:wikidata": "Q518351",
        "oneway": "yes",
        "source:hgv": "https://sfplanninggis.org/TIM/?search=3591024#searchbox",
        "surface": "asphalt",
        "tiger:cfcc": "A41",
        "tiger:county": "San Francisco, CA",
        "tiger:name_base": "Kearny",
        "tiger:name_type": "St"
      },
      "geometry": {
        "type": "LineString",
        "coordinates": [
          [
            -122.404059,
            37.7907655
          ],
          [
            -122.4040747,
            37.7908502
          ],
          [
            -122.404106,
            37.7910188
          ],
          [
            -122.4041649,
            37.7913363
          ]
        ]
      },
      "id": "way/397269729"
    },
    {
      "type": "Feature",
      "properties": {
        "@id": "way/397269730",
        "cycleway:right": "no",
        "hgv": "designated",
        "highway": "secondary",
        "lanes": "4",
        "lit": "yes",
        "name": "Kearny Street",
        "name:etymology:wikidata": "Q518351",
        "oneway": "yes",
        "source:hgv": "https://sfplanninggis.org/TIM/?search=3591024#searchbox",
        "surface": "asphalt",
        "tiger:cfcc": "A41",
        "tiger:county": "San Francisco, CA",
        "tiger:name_base": "Kearny",
        "tiger:name_type": "St"
      },
      "geometry": {
        "type": "LineString",
        "coordinates": [
          [
            -122.4042334,
            37.7917031
          ],
          [
            -122.4042497,
            37.7917827
          ],
          [
            -122.4042517,
            37.7917928
          ],
          [
            -122.4043099,
            37.7920798
          ],
          [
            -122.4043383,
            37.7922171
          ],
          [
            -122.4043471,
            37.7922646
          ]
        ]
      },
      "id": "way/397269730"
    },
    {
      "type": "Feature",
      "properties": {
        "@id": "way/398129723",
        "highway": "secondary_link",
        "lit": "yes",
        "oneway": "yes",
        "sidewalk": "right",
        "surface": "asphalt",
        "tiger:cfcc": "A41",
        "tiger:county": "San Francisco, CA",
        "tiger:name_base": "Beach",
        "tiger:name_type": "St"
      },
      "geometry": {
        "type": "LineString",
        "coordinates": [
          [
            -122.4340882,
            37.8049236
          ],
          [
            -122.434034,
            37.8049155
          ],
          [
            -122.4339769,
            37.8049163
          ],
          [
            -122.43389,
            37.8049282
          ],
          [
            -122.4338653,
            37.8049302
          ],
          [
            -122.4337264,
            37.8049476
          ]
        ]
      },
      "id": "way/398129723"
    },
    {
      "type": "Feature",
      "properties": {
        "@id": "way/398133142",
        "highway": "secondary_link",
        "oneway": "yes",
        "sidewalk": "right"
      },
      "geometry": {
        "type": "LineString",
        "coordinates": [
          [
            -122.4420404,
            37.8056115
          ],
          [
            -122.4420423,
            37.8056435
          ],
          [
            -122.4420389,
            37.805676
          ],
          [
            -122.442021,
            37.8057231
          ],
          [
            -122.4420166,
            37.8057372
          ],
          [
            -122.4419935,
            37.8057699
          ],
          [
            -122.4419656,
            37.8058011
          ],
          [
            -122.4419305,
            37.80583
          ],
          [
            -122.4418874,
            37.8058561
          ]
        ]
      },
      "id": "way/398133142"
    },
    {
      "type": "Feature",
      "properties": {
        "@id": "way/398467248",
        "NHS": "STRAHNET",
        "bicycle": "yes",
        "cycleway:both": "no",
        "foot": "yes",
        "hgv": "designated",
        "highway": "trunk",
        "lanes": "3",
        "lit": "yes",
        "maxspeed": "25 mph",
        "name": "Lombard Street",
        "name:etymology:wikidata": "Q15242635",
        "old_ref": "CA 480",
        "oneway": "yes",
        "parking:left": "no",
        "parking:right": "lane",
        "parking:right:orientation": "parallel",
        "ref": "US 101",
        "sidewalk:left": "no",
        "sidewalk:right": "separate",
        "source:hgv": "https://sfplanninggis.org/TIM/?search=3591024#searchbox",
        "surface": "asphalt"
      },
      "geometry": {
        "type": "LineString",
        "coordinates": [
          [
            -122.4426765,
            37.7990558
          ],
          [
            -122.4428011,
            37.7990406
          ],
          [
            -122.4430197,
            37.7990121
          ],
          [
            -122.4434812,
            37.7989534
          ],
          [
            -122.4439889,
            37.7988887
          ],
          [
            -122.4440551,
            37.7988803
          ],
          [
            -122.444151,
            37.7988704
          ],
          [
            -122.4442031,
            37.7988668
          ],
          [
            -122.4442552,
            37.7988632
          ],
          [
            -122.4443459,
            37.7988596
          ]
        ]
      },
      "id": "way/398467248"
    },
    {
      "type": "Feature",
      "properties": {
        "@id": "way/399156530",
        "cycleway:both": "shared_lane",
        "cycleway:both:lane": "pictogram",
        "hgv": "designated",
        "highway": "primary",
        "lanes": "4",
        "lcn_ref": "10",
        "name": "Broadway",
        "name_1": "Broadway",
        "sidewalk:both": "separate",
        "source:hgv": "https://sfplanninggis.org/TIM/?search=3591024#searchbox",
        "surface": "asphalt",
        "tiger:cfcc": "A41",
        "tiger:county": "San Francisco, CA",
        "tiger:name_base": "Broadway",
        "tiger:name_base_1": "Broadway",
        "tiger:name_type": "St"
      },
      "geometry": {
        "type": "LineString",
        "coordinates": [
          [
            -122.3987149,
            37.7988841
          ],
          [
            -122.3988178,
            37.798871
          ],
          [
            -122.3995587,
            37.7987766
          ],
          [
            -122.3997945,
            37.7987466
          ],
          [
            -122.3998726,
            37.7987366
          ]
        ]
      },
      "id": "way/399156530"
    },
    {
      "type": "Feature",
      "properties": {
        "@id": "way/406580281",
        "cycleway:right": "shared_lane",
        "hgv": "designated",
        "highway": "primary",
        "lanes": "5",
        "lanes:backward": "3",
        "lanes:forward": "2",
        "lcn_ref": "10",
        "maxspeed": "20 mph",
        "name": "Broadway",
        "sidewalk:both": "separate",
        "source:hgv": "https://sfplanninggis.org/TIM/?search=3591024#searchbox",
        "surface": "asphalt",
        "tiger:cfcc": "A41",
        "tiger:county": "San Francisco, CA",
        "tiger:name_base": "Broadway",
        "tiger:name_base_1": "Broadway",
        "tiger:name_type": "St",
        "turn:lanes:backward": "through|through|right"
      },
      "geometry": {
        "type": "LineString",
        "coordinates": [
          [
            -122.4066341,
            37.7978752
          ],
          [
            -122.4064992,
            37.7978936
          ],
          [
            -122.4063252,
            37.7979147
          ],
          [
            -122.4062538,
            37.7979238
          ]
        ]
      },
      "id": "way/406580281"
    },
    {
      "type": "Feature",
      "properties": {
        "@id": "way/406944764",
        "access": "yes",
        "cycleway:right": "track",
        "hgv": "designated",
        "highway": "secondary",
        "lanes": "3",
        "lcn_ref": "30",
        "lit": "yes",
        "maxheight": "default",
        "maxspeed": "25 mph",
        "name": "Howard Street",
        "name:etymology:wikidata": "Q16066217",
        "oneway": "yes",
        "parking:lane:both": "parallel",
        "parking:lane:left:parallel": "on_street",
        "parking:lane:right:parallel": "street_side",
        "sidewalk": "separate",
        "source:hgv": "https://sfplanninggis.org/TIM/?search=3591024#searchbox",
        "surface": "asphalt",
        "tiger:cfcc": "A41",
        "tiger:county": "San Francisco, CA",
        "tiger:name_base": "Howard",
        "tiger:name_type": "St",
        "trolley_wire": "yes"
      },
      "geometry": {
        "type": "LineString",
        "coordinates": [
          [
            -122.396028,
            37.7885423
          ],
          [
            -122.3961299,
            37.7884615
          ],
          [
            -122.3964841,
            37.7881791
          ],
          [
            -122.3967214,
            37.7879899
          ],
          [
            -122.3971453,
            37.7876513
          ],
          [
            -122.3974858,
            37.7873803
          ],
          [
            -122.3975677,
            37.7873161
          ],
          [
            -122.3976145,
            37.7872788
          ],
          [
            -122.3977249,
            37.7871929
          ]
        ]
      },
      "id": "way/406944764"
    },
    {
      "type": "Feature",
      "properties": {
        "@id": "way/406944778",
        "cycleway:right": "no",
        "hgv": "designated",
        "highway": "secondary",
        "lanes": "4",
        "maxspeed": "20 mph",
        "name": "Kearny Street",
        "name:etymology:wikidata": "Q518351",
        "oneway": "yes",
        "sidewalk:both": "separate",
        "smoothness": "good",
        "source:hgv": "https://sfplanninggis.org/TIM/?search=3591024#searchbox",
        "surface": "asphalt",
        "tiger:cfcc": "A41",
        "tiger:county": "San Francisco, CA",
        "tiger:name_base": "Kearny",
        "tiger:name_type": "St",
        "trolley_wire": "yes",
        "turn:lanes": "left;through|||"
      },
      "geometry": {
        "type": "LineString",
        "coordinates": [
          [
            -122.4037984,
            37.7894686
          ],
          [
            -122.4038411,
            37.7896808
          ],
          [
            -122.4038559,
            37.7897564
          ],
          [
            -122.4038718,
            37.7898332
          ]
        ]
      },
      "id": "way/406944778"
    },
    {
      "type": "Feature",
      "properties": {
        "@id": "way/406944779",
        "cycleway:right": "no",
        "hgv": "designated",
        "highway": "secondary",
        "lanes": "4",
        "lit": "yes",
        "name": "Kearny Street",
        "name:etymology:wikidata": "Q518351",
        "oneway": "yes",
        "source:hgv": "https://sfplanninggis.org/TIM/?search=3591024#searchbox",
        "surface": "asphalt",
        "tiger:cfcc": "A41",
        "tiger:county": "San Francisco, CA",
        "tiger:name_base": "Kearny",
        "tiger:name_type": "St",
        "turn:lanes": "||through|right"
      },
      "geometry": {
        "type": "LineString",
        "coordinates": [
          [
            -122.4043471,
            37.7922646
          ],
          [
            -122.4044068,
            37.7925562
          ],
          [
            -122.4044229,
            37.7926425
          ],
          [
            -122.4044255,
            37.7926558
          ]
        ]
      },
      "id": "way/406944779"
    },
    {
      "type": "Feature",
      "properties": {
        "@id": "way/406944780",
        "hgv": "designated",
        "highway": "secondary",
        "lanes": "4",
        "name": "Kearny Street",
        "name:en": "Kearny Street",
        "name:etymology:wikidata": "Q518351",
        "name:zh": "乾尼街",
        "oneway": "yes",
        "sidewalk:both": "separate",
        "source:hgv": "https://sfplanninggis.org/TIM/?search=3591024#searchbox",
        "surface": "asphalt",
        "tiger:cfcc": "A41",
        "tiger:county": "San Francisco, CA",
        "tiger:name_base": "Kearny",
        "tiger:name_type": "St",
        "turn:lanes": "|||right"
      },
      "geometry": {
        "type": "LineString",
        "coordinates": [
          [
            -122.4047032,
            37.7940203
          ],
          [
            -122.404781,
            37.7944013
          ],
          [
            -122.4047926,
            37.7944619
          ]
        ]
      },
      "id": "way/406944780"
    },
    {
      "type": "Feature",
      "properties": {
        "@id": "way/406946351",
        "hgv": "designated",
        "highway": "secondary",
        "lanes": "4",
        "maxspeed": "30 mph",
        "name": "Bush Street",
        "oneway": "yes",
        "sidewalk:both": "separate",
        "source:hgv": "https://sfplanninggis.org/TIM/?search=3591024#searchbox",
        "surface": "asphalt",
        "tiger:cfcc": "A41",
        "tiger:county": "San Francisco, CA",
        "tiger:name_base": "Bush",
        "tiger:name_type": "St",
        "trolley_wire": "yes",
        "turn:lanes": "none|none|none|right"
      },
      "geometry": {
        "type": "LineString",
        "coordinates": [
          [
            -122.4028197,
            37.790926
          ],
          [
            -122.4027481,
            37.7909353
          ],
          [
            -122.4024942,
            37.7909675
          ],
          [
            -122.4024099,
            37.7909791
          ]
        ]
      },
      "id": "way/406946351"
    },
    {
      "type": "Feature",
      "properties": {
        "@id": "way/406946353",
        "highway": "secondary",
        "lanes": "2",
        "level": "0",
        "maxspeed": "20 mph",
        "name": "Montgomery Street",
        "name:etymology:wikidata": "Q6220059",
        "oneway": "yes",
        "sidewalk": "separate",
        "surface": "asphalt",
        "tiger:cfcc": "A41",
        "tiger:county": "San Francisco, CA",
        "tiger:name_base": "Montgomery",
        "tiger:name_type": "St",
        "wikidata": "Q3322721"
      },
      "geometry": {
        "type": "LineString",
        "coordinates": [
          [
            -122.4021049,
            37.7894683
          ],
          [
            -122.4020923,
            37.7894058
          ]
        ]
      },
      "id": "way/406946353"
    },
    {
      "type": "Feature",
      "properties": {
        "@id": "way/408572568",
        "hgv": "designated",
        "highway": "secondary",
        "lanes": "3",
        "lit": "yes",
        "name": "Kearny Street",
        "name:etymology:wikidata": "Q518351",
        "oneway": "yes",
        "sidewalk:both": "separate",
        "source:hgv": "https://sfplanninggis.org/TIM/?search=3591024#searchbox",
        "surface": "asphalt",
        "tiger:cfcc": "A41",
        "tiger:county": "San Francisco, CA",
        "tiger:name_base": "Kearny",
        "tiger:name_type": "St",
        "turn:lanes": "left|left;through|none"
      },
      "geometry": {
        "type": "LineString",
        "coordinates": [
          [
            -122.4051848,
            37.7964097
          ],
          [
            -122.4052468,
            37.7967198
          ],
          [
            -122.4052824,
            37.796894
          ]
        ]
      },
      "id": "way/408572568"
    },
    {
      "type": "Feature",
      "properties": {
        "@id": "way/408572570",
        "cycleway:right": "track",
        "foot": "no",
        "hgv": "designated",
        "highway": "primary",
        "lanes": "2",
        "lcn_ref": "3",
        "lit": "yes",
        "maxspeed": "30 mph",
        "name": "The Embarcadero",
        "oneway": "yes",
        "oneway:bicycle": "no",
        "sidewalk": "separate",
        "source:hgv": "https://sfplanninggis.org/TIM/?search=3591024#searchbox",
        "surface": "asphalt",
        "tiger:cfcc": "A45",
        "tiger:county": "San Francisco, CA",
        "tiger:name_base": "The Embarcadero"
      },
      "geometry": {
        "type": "LineString",
        "coordinates": [
          [
            -122.3946417,
            37.7960323
          ],
          [
            -122.39475,
            37.7961475
          ],
          [
            -122.3948927,
            37.7962783
          ]
        ]
      },
      "id": "way/408572570"
    },
    {
      "type": "Feature",
      "properties": {
        "@id": "way/408575052",
        "hgv": "designated",
        "highway": "primary",
        "lanes": "5",
        "lanes:backward": "2",
        "lanes:forward": "3",
        "lit": "yes",
        "maxspeed": "25 mph",
        "maxweight:hgv": "3 st",
        "name": "Bay Street",
        "placement:backward": "left_of:1",
        "sidewalk:both": "separate",
        "source:hgv": "https://sfplanninggis.org/TIM/?search=3591024#searchbox",
        "surface": "asphalt",
        "tiger:cfcc": "A41",
        "tiger:county": "San Francisco, CA",
        "tiger:name_base": "Bay",
        "tiger:name_type": "St"
      },
      "geometry": {
        "type": "LineString",
        "coordinates": [
          [
            -122.4175523,
            37.8051356
          ],
          [
            -122.4178455,
            37.8050982
          ]
        ]
      },
      "id": "way/408575052"
    },
    {
      "type": "Feature",
      "properties": {
        "@id": "way/408575054",
        "cycleway:right": "no",
        "hgv": "designated",
        "highway": "secondary",
        "lanes": "5",
        "lit": "yes",
        "maxspeed": "20 mph",
        "name": "Kearny Street",
        "name:etymology:wikidata": "Q518351",
        "oneway": "yes",
        "source:hgv": "https://sfplanninggis.org/TIM/?search=3591024#searchbox",
        "surface": "asphalt",
        "tiger:cfcc": "A41",
        "tiger:county": "San Francisco, CA",
        "tiger:name_base": "Kearny",
        "tiger:name_type": "St",
        "turn:lanes": "left|left;through|||"
      },
      "geometry": {
        "type": "LineString",
        "coordinates": [
          [
            -122.4041649,
            37.7913363
          ],
          [
            -122.4042176,
            37.791618
          ],
          [
            -122.4042334,
            37.7917031
          ]
        ]
      },
      "id": "way/408575054"
    },
    {
      "type": "Feature",
      "properties": {
        "@id": "way/408588277",
        "cycleway:right": "lane",
        "foot": "no",
        "hgv": "designated",
        "highway": "primary",
        "lanes": "4",
        "lcn_ref": "5",
        "lit": "yes",
        "maxspeed": "30 mph",
        "name": "The Embarcadero",
        "oneway": "yes",
        "sidewalk": "separate",
        "source:hgv": "https://sfplanninggis.org/TIM/?search=3591024#searchbox",
        "surface": "asphalt",
        "tiger:cfcc": "A45",
        "tiger:county": "San Francisco, CA",
        "tiger:name_base": "The Embarcadero",
        "turn:lanes": "left|left||"
      },
      "geometry": {
        "type": "LineString",
        "coordinates": [
          [
            -122.4049933,
            37.8063504
          ],
          [
            -122.4056307,
            37.8066897
          ]
        ]
      },
      "id": "way/408588277"
    },
    {
      "type": "Feature",
      "properties": {
        "@id": "way/414960395",
        "NHS": "STRAHNET",
        "bicycle": "yes",
        "hgv": "designated",
        "highway": "trunk",
        "lanes": "2",
        "lit": "yes",
        "maxspeed": "25 mph",
        "name": "Van Ness Avenue",
        "name:etymology:wikidata": "Q6144602",
        "old_name": "Marlette Street",
        "oneway": "yes",
        "ref": "US 101",
        "sidewalk": "separate",
        "source:hgv": "https://sfplanninggis.org/TIM/?search=3591024#searchbox",
        "trolley_wire": "yes"
      },
      "geometry": {
        "type": "LineString",
        "coordinates": [
          [
            -122.4224613,
            37.7904029
          ],
          [
            -122.4224452,
            37.7903235
          ]
        ]
      },
      "id": "way/414960395"
    },
    {
      "type": "Feature",
      "properties": {
        "@id": "way/415197400",
        "cycleway:left": "no",
        "cycleway:right": "shared_lane",
        "cycleway:right:lane": "pictogram",
        "foot": "yes",
        "hgv": "designated",
        "highway": "secondary",
        "lanes": "2",
        "lcn_ref": "11",
        "maxspeed": "20 mph",
        "name": "Columbus Avenue",
        "oneway": "yes",
        "restriction:conditional": "no_left_turn @(7AM-9AM, 4PM-6PM)",
        "sidewalk": "right",
        "source:hgv": "https://sfplanninggis.org/TIM/?search=3591024#searchbox",
        "surface": "asphalt",
        "tiger:cfcc": "A41",
        "tiger:county": "San Francisco, CA",
        "tiger:name_base": "Columbus",
        "tiger:name_type": "Ave",
        "trolley_wire": "yes"
      },
      "geometry": {
        "type": "LineString",
        "coordinates": [
          [
            -122.4109297,
            37.8007551
          ],
          [
            -122.4104998,
            37.8004611
          ],
          [
            -122.4103977,
            37.8003925
          ],
          [
            -122.4102863,
            37.8003139
          ]
        ]
      },
      "id": "way/415197400"
    },
    {
      "type": "Feature",
      "properties": {
        "@id": "way/415591478",
        "cycleway:left": "no",
        "cycleway:right": "shared_lane",
        "cycleway:right:lane": "pictogram",
        "foot": "yes",
        "hgv": "designated",
        "highway": "secondary",
        "lanes": "2",
        "lcn_ref": "11",
        "maxspeed": "20 mph",
        "name": "Columbus Avenue",
        "oneway": "yes",
        "sidewalk": "right",
        "source:hgv": "https://sfplanninggis.org/TIM/?search=3591024#searchbox",
        "surface": "asphalt",
        "tiger:cfcc": "A41",
        "tiger:county": "San Francisco, CA",
        "tiger:name_base": "Columbus",
        "tiger:name_type": "Ave",
        "trolley_wire": "yes"
      },
      "geometry": {
        "type": "LineString",
        "coordinates": [
          [
            -122.4109879,
            37.8009059
          ],
          [
            -122.4112387,
            37.8010728
          ],
          [
            -122.411329,
            37.8011339
          ]
        ]
      },
      "id": "way/415591478"
    },
    {
      "type": "Feature",
      "properties": {
        "@id": "way/416877246",
        "hgv": "designated",
        "highway": "secondary",
        "lanes": "4",
        "lcn_ref": "11",
        "lit": "yes",
        "maxspeed": "20 mph",
        "name": "Columbus Avenue",
        "sidewalk:both": "separate",
        "source:hgv": "https://sfplanninggis.org/TIM/?search=3591024#searchbox",
        "surface": "asphalt",
        "tiger:cfcc": "A41",
        "tiger:county": "San Francisco, CA",
        "tiger:name_base": "Columbus",
        "tiger:name_type": "Ave",
        "trolley_wire": "yes"
      },
      "geometry": {
        "type": "LineString",
        "coordinates": [
          [
            -122.4070746,
            37.7981326
          ],
          [
            -122.4072114,
            37.7982286
          ]
        ]
      },
      "id": "way/416877246"
    },
    {
      "type": "Feature",
      "properties": {
        "@id": "way/416878315",
        "cycleway": "shared_lane",
        "hgv": "designated",
        "highway": "secondary",
        "lanes": "4",
        "lcn_ref": "11",
        "maxspeed": "20 mph",
        "name": "Columbus Avenue",
        "old_name": "Montgomery Avenue",
        "sidewalk:both": "separate",
        "source:hgv": "https://sfplanninggis.org/TIM/?search=3591024#searchbox",
        "surface": "asphalt",
        "tiger:cfcc": "A41",
        "tiger:county": "San Francisco, CA",
        "tiger:name_base": "Columbus",
        "tiger:name_type": "Ave",
        "trolley_wire": "yes"
      },
      "geometry": {
        "type": "LineString",
        "coordinates": [
          [
            -122.4055421,
            37.797072
          ],
          [
            -122.4056651,
            37.7971571
          ],
          [
            -122.4058054,
            37.7972543
          ],
          [
            -122.4061835,
            37.797516
          ]
        ]
      },
      "id": "way/416878315"
    },
    {
      "type": "Feature",
      "properties": {
        "@id": "way/417091874",
        "cycleway:right": "no",
        "hgv": "designated",
        "highway": "secondary",
        "horse": "no",
        "lanes": "3",
        "lit": "yes",
        "maxspeed": "25 mph",
        "maxweight:hgv": "3 st",
        "name": "Franklin Street",
        "name:etymology:wikidata": "Q34969",
        "oneway": "yes",
        "sidewalk": "both",
        "source:hgv": "https://sfplanninggis.org/TIM/?search=3591024#searchbox",
        "surface": "asphalt",
        "tiger:cfcc": "A41",
        "tiger:county": "San Francisco, CA",
        "tiger:name_base": "Franklin",
        "tiger:name_type": "St"
      },
      "geometry": {
        "type": "LineString",
        "coordinates": [
          [
            -122.4260214,
            37.8002147
          ],
          [
            -122.426037,
            37.8002921
          ]
        ]
      },
      "id": "way/417091874"
    },
    {
      "type": "Feature",
      "properties": {
        "@id": "way/417091875",
        "NHS": "STRAHNET",
        "bicycle": "yes",
        "cycleway:both": "no",
        "foot": "yes",
        "hgv": "designated",
        "highway": "trunk",
        "lanes": "3",
        "lit": "yes",
        "maxspeed": "25 mph",
        "name": "Lombard Street",
        "name:etymology:wikidata": "Q15242635",
        "old_ref": "CA 480",
        "oneway": "yes",
        "ref": "US 101",
        "sidewalk": "right",
        "source:hgv": "https://sfplanninggis.org/TIM/?search=3591024#searchbox",
        "surface": "asphalt",
        "turn:lanes": "left;through|right|right"
      },
      "geometry": {
        "type": "LineString",
        "coordinates": [
          [
            -122.4254186,
            37.8011641
          ],
          [
            -122.4252021,
            37.8011906
          ],
          [
            -122.4250929,
            37.8012036
          ],
          [
            -122.4250426,
            37.8012101
          ],
          [
            -122.424745,
            37.8012484
          ],
          [
            -122.4246481,
            37.801261
          ]
        ]
      },
      "id": "way/417091875"
    },
    {
      "type": "Feature",
      "properties": {
        "@id": "way/417091894",
        "access:lanes": "no|yes|yes",
        "bus:lanes": "designated|yes|yes",
        "hgv": "designated",
        "highway": "primary",
        "lanes": "3",
        "lanes:bus": "1",
        "lit": "yes",
        "name": "Van Ness Avenue",
        "name:etymology:wikidata": "Q6144602",
        "old_name": "Marlette Street",
        "oneway": "yes",
        "parking:left": "no",
        "parking:right": "lane",
        "parking:right:orientation": "parallel",
        "placement": "right_of:2",
        "sidewalk:left": "no",
        "sidewalk:right": "separate",
        "source:hgv": "https://sfplanninggis.org/TIM/?search=3591024#searchbox",
        "surface": "asphalt",
        "trolley_wire": "yes",
        "turn:lanes": "|right"
      },
      "geometry": {
        "type": "LineString",
        "coordinates": [
          [
            -122.4247108,
            37.8016585
          ],
          [
            -122.4246691,
            37.8014378
          ],
          [
            -122.4246565,
            37.8013482
          ]
        ]
      },
      "id": "way/417091894"
    },
    {
      "type": "Feature",
      "properties": {
        "@id": "way/417091895",
        "bicycle": "yes",
        "hgv": "designated",
        "highway": "primary",
        "lanes": "4",
        "lit": "yes",
        "name": "Van Ness Avenue",
        "name:etymology:wikidata": "Q6144602",
        "old_name": "Marlette Street",
        "oneway": "yes",
        "parking:left": "no",
        "parking:right": "lane",
        "parking:right:orientation": "parallel",
        "placement": "middle_of:3",
        "shoulder": "no",
        "sidewalk:left": "no",
        "sidewalk:right": "separate",
        "source:hgv": "https://sfplanninggis.org/TIM/?search=3591024#searchbox",
        "surface": "asphalt",
        "trolley_wire": "yes",
        "turn:lanes": "left|||"
      },
      "geometry": {
        "type": "LineString",
        "coordinates": [
          [
            -122.424576,
            37.8017736
          ],
          [
            -122.4246332,
            37.8020631
          ],
          [
            -122.424666,
            37.8022177
          ],
          [
            -122.4246811,
            37.8022921
          ]
        ]
      },
      "id": "way/417091895"
    },
    {
      "type": "Feature",
      "properties": {
        "@id": "way/417091905",
        "NHS": "STRAHNET",
        "bicycle": "yes",
        "hgv": "designated",
        "highway": "trunk",
        "lanes": "4",
        "lit": "yes",
        "maxspeed": "25 mph",
        "name": "Van Ness Avenue",
        "name:etymology:wikidata": "Q6144602",
        "old_name": "Marlette Street",
        "oneway": "yes",
        "parking:left": "no",
        "parking:right": "lane",
        "parking:right:orientation": "parallel",
        "placement": "middle_of:3",
        "ref": "US 101",
        "sidewalk": "separate",
        "source:hgv": "https://sfplanninggis.org/TIM/?search=3591024#searchbox",
        "surface": "asphalt",
        "trolley_wire": "yes",
        "turn:lanes": "left|left|left|through;right"
      },
      "geometry": {
        "type": "LineString",
        "coordinates": [
          [
            -122.4243407,
            37.8006225
          ],
          [
            -122.4243511,
            37.8006699
          ],
          [
            -122.4243928,
            37.8008711
          ],
          [
            -122.4244716,
            37.8012588
          ],
          [
            -122.4244883,
            37.8013485
          ]
        ]
      },
      "id": "way/417091905"
    },
    {
      "type": "Feature",
      "properties": {
        "@id": "way/417092428",
        "hgv": "designated",
        "highway": "primary",
        "lanes": "3",
        "lcn_ref": "210",
        "lit": "yes",
        "maxspeed": "35 mph",
        "name": "Broadway",
        "oneway": "yes",
        "sidewalk:left": "no",
        "source:hgv": "https://sfplanninggis.org/TIM/?search=3591024#searchbox",
        "surface": "asphalt",
        "tiger:cfcc": "A41",
        "tiger:county": "San Francisco, CA",
        "tiger:name_base": "Robert C Levy",
        "tiger:name_type": "Tunl",
        "turn:lanes": "left||"
      },
      "geometry": {
        "type": "LineString",
        "coordinates": [
          [
            -122.4107051,
            37.7972899
          ],
          [
            -122.4105575,
            37.7973193
          ],
          [
            -122.4103819,
            37.7973537
          ],
          [
            -122.410275,
            37.7974095
          ]
        ]
      },
      "id": "way/417092428"
    },
    {
      "type": "Feature",
      "properties": {
        "@id": "way/417099320",
        "cycleway:left": "shared_lane",
        "cycleway:right": "lane",
        "hgv": "designated",
        "highway": "primary",
        "lanes": "4",
        "lanes:backward": "2",
        "lanes:forward": "2",
        "lcn_ref": "10",
        "maxspeed": "25 mph",
        "name": "Broadway",
        "name_1": "Broadway",
        "sidewalk:both": "separate",
        "source:hgv": "https://sfplanninggis.org/TIM/?search=3591024#searchbox",
        "source:maxspeed": "sign",
        "surface": "asphalt",
        "tiger:cfcc": "A41",
        "tiger:county": "San Francisco, CA",
        "tiger:name_base": "Broadway",
        "tiger:name_base_1": "Broadway",
        "tiger:name_type": "St",
        "turn:lanes:backward": "left|right"
      },
      "geometry": {
        "type": "LineString",
        "coordinates": [
          [
            -122.3977885,
            37.7991793
          ],
          [
            -122.3978232,
            37.7991594
          ],
          [
            -122.3978777,
            37.7991281
          ],
          [
            -122.3979792,
            37.79907
          ]
        ]
      },
      "id": "way/417099320"
    },
    {
      "type": "Feature",
      "properties": {
        "@id": "way/417099324",
        "cycleway:left": "track",
        "cycleway:left:oneway": "no",
        "cycleway:right": "shared_lane",
        "hgv": "designated",
        "highway": "secondary",
        "lanes": "3",
        "lit": "yes",
        "maxspeed:type": "US:urban",
        "name": "Bush Street",
        "oneway": "yes",
        "oneway:bicycle": "no",
        "source:hgv": "https://sfplanninggis.org/TIM/?search=3591024#searchbox",
        "surface": "asphalt",
        "tiger:cfcc": "A41",
        "tiger:county": "San Francisco, CA",
        "tiger:name_base": "Bush",
        "tiger:name_type": "St"
      },
      "geometry": {
        "type": "LineString",
        "coordinates": [
          [
            -122.3996112,
            37.7913319
          ],
          [
            -122.3995153,
            37.7913152
          ]
        ]
      },
      "id": "way/417099324"
    },
    {
      "type": "Feature",
      "properties": {
        "@id": "way/417099334",
        "hgv": "designated",
        "highway": "secondary",
        "lanes": "4",
        "lanes:backward": "2",
        "lanes:forward": "2",
        "maxspeed": "25 mph",
        "name": "Harrison Street",
        "oneway": "no",
        "parking:lane:right": "parallel",
        "sidewalk:both": "separate",
        "source:hgv": "https://sfplanninggis.org/TIM/?search=3591024#searchbox",
        "surface": "paved",
        "tiger:cfcc": "A41",
        "tiger:county": "San Francisco, CA",
        "tiger:name_base": "Harrison",
        "tiger:name_type": "St",
        "turn:lanes:backward": "left|right"
      },
      "geometry": {
        "type": "LineString",
        "coordinates": [
          [
            -122.3886184,
            37.7894946
          ],
          [
            -122.3886909,
            37.7894396
          ],
          [
            -122.3887202,
            37.7894163
          ],
          [
            -122.3889767,
            37.7892127
          ]
        ]
      },
      "id": "way/417099334"
    },
    {
      "type": "Feature",
      "properties": {
        "@id": "way/417099335",
        "hgv": "designated",
        "highway": "secondary",
        "lanes": "4",
        "name": "Kearny Street",
        "name:en": "Kearny Street",
        "name:etymology:wikidata": "Q518351",
        "name:zh": "乾尼街",
        "oneway": "yes",
        "sidewalk:both": "separate",
        "source:hgv": "https://sfplanninggis.org/TIM/?search=3591024#searchbox",
        "surface": "asphalt",
        "tiger:cfcc": "A41",
        "tiger:county": "San Francisco, CA",
        "tiger:name_base": "Kearny",
        "tiger:name_type": "St",
        "turn:lanes": "left|||"
      },
      "geometry": {
        "type": "LineString",
        "coordinates": [
          [
            -122.4049237,
            37.7950885
          ],
          [
            -122.4049413,
            37.795174
          ],
          [
            -122.4049616,
            37.7952694
          ],
          [
            -122.40497,
            37.7953282
          ]
        ]
      },
      "id": "way/417099335"
    },
    {
      "type": "Feature",
      "properties": {
        "@id": "way/417099340",
        "hgv": "designated",
        "highway": "secondary",
        "lanes": "3",
        "name": "Kearny Street",
        "name:en": "Kearny Street",
        "name:etymology:wikidata": "Q518351",
        "name:zh": "乾尼街",
        "oneway": "yes",
        "sidewalk:both": "separate",
        "source:hgv": "https://sfplanninggis.org/TIM/?search=3591024#searchbox",
        "surface": "asphalt",
        "tiger:cfcc": "A41",
        "tiger:county": "San Francisco, CA",
        "tiger:name_base": "Kearny",
        "tiger:name_type": "St"
      },
      "geometry": {
        "type": "LineString",
        "coordinates": [
          [
            -122.40497,
            37.7953282
          ],
          [
            -122.4049809,
            37.7954046
          ],
          [
            -122.4051237,
            37.7961093
          ],
          [
            -122.4051356,
            37.7961682
          ],
          [
            -122.4051467,
            37.7962229
          ]
        ]
      },
      "id": "way/417099340"
    },
    {
      "type": "Feature",
      "properties": {
        "@id": "way/417099344",
        "cycleway:left": "shared_lane",
        "hgv": "designated",
        "highway": "secondary",
        "lanes": "4",
        "lcn_ref": "11",
        "name": "Montgomery Street",
        "name:etymology:wikidata": "Q6220059",
        "oneway": "yes",
        "sidewalk:both": "separate",
        "source:hgv": "https://sfplanninggis.org/TIM/?search=3591024#searchbox",
        "surface": "asphalt",
        "tiger:cfcc": "A41",
        "tiger:county": "San Francisco, CA",
        "tiger:name_base": "Montgomery",
        "tiger:name_type": "St",
        "trolley_wire": "yes",
        "turn:lanes": "left|through||",
        "wikidata": "Q3322721"
      },
      "geometry": {
        "type": "LineString",
        "coordinates": [
          [
            -122.4032339,
            37.7950645
          ],
          [
            -122.4031708,
            37.7947481
          ],
          [
            -122.4031576,
            37.7946763
          ]
        ]
      },
      "id": "way/417099344"
    },
    {
      "type": "Feature",
      "properties": {
        "@id": "way/417099353",
        "cycleway:right": "lane",
        "foot": "no",
        "hgv": "designated",
        "highway": "primary",
        "lanes": "3",
        "lcn_ref": "5",
        "lit": "yes",
        "maxspeed": "30 mph",
        "name": "The Embarcadero",
        "oneway": "yes",
        "sidewalk": "separate",
        "source:hgv": "https://sfplanninggis.org/TIM/?search=3591024#searchbox",
        "surface": "asphalt",
        "tiger:cfcc": "A45",
        "tiger:county": "San Francisco, CA",
        "tiger:name_base": "The Embarcadero",
        "turn:lanes": "left||"
      },
      "geometry": {
        "type": "LineString",
        "coordinates": [
          [
            -122.3987523,
            37.8006585
          ],
          [
            -122.3989621,
            37.8008918
          ]
        ]
      },
      "id": "way/417099353"
    },
    {
      "type": "Feature",
      "properties": {
        "@id": "way/417099354",
        "change:lanes": "no|not_left|yes",
        "cycleway:right": "lane",
        "foot": "no",
        "hgv": "designated",
        "highway": "primary",
        "lanes": "3",
        "lcn_ref": "5",
        "lit": "yes",
        "maxspeed": "30 mph",
        "name": "The Embarcadero",
        "oneway": "yes",
        "placement": "right_of:2",
        "sidewalk:left": "no",
        "sidewalk:right": "separate",
        "source:hgv": "https://sfplanninggis.org/TIM/?search=3591024#searchbox",
        "surface": "asphalt",
        "tiger:cfcc": "A45",
        "tiger:county": "San Francisco, CA",
        "tiger:name_base": "The Embarcadero",
        "turn:lanes": "left||"
      },
      "geometry": {
        "type": "LineString",
        "coordinates": [
          [
            -122.4014167,
            37.8036287
          ],
          [
            -122.401811,
            37.8040707
          ]
        ]
      },
      "id": "way/417099354"
    },
    {
      "type": "Feature",
      "properties": {
        "@id": "way/417099355",
        "cycleway:right": "lane",
        "foot": "no",
        "hgv": "designated",
        "highway": "primary",
        "lanes": "3",
        "lcn_ref": "5",
        "lit": "yes",
        "maxspeed": "30 mph",
        "name": "The Embarcadero",
        "oneway": "yes",
        "sidewalk": "separate",
        "source:hgv": "https://sfplanninggis.org/TIM/?search=3591024#searchbox",
        "surface": "asphalt",
        "tiger:cfcc": "A45",
        "tiger:county": "San Francisco, CA",
        "tiger:name_base": "The Embarcadero",
        "turn:lanes": "left||"
      },
      "geometry": {
        "type": "LineString",
        "coordinates": [
          [
            -122.3989621,
            37.8008918
          ],
          [
            -122.3989941,
            37.8009284
          ],
          [
            -122.3990364,
            37.8009761
          ]
        ]
      },
      "id": "way/417099355"
    },
    {
      "type": "Feature",
      "properties": {
        "@id": "way/417099357",
        "cycleway:right": "lane",
        "foot": "no",
        "hgv": "designated",
        "highway": "primary",
        "lanes": "3",
        "lcn_ref": "5",
        "lit": "yes",
        "maxspeed": "30 mph",
        "name": "The Embarcadero",
        "oneway": "yes",
        "sidewalk:left": "no",
        "sidewalk:right": "separate",
        "source:hgv": "https://sfplanninggis.org/TIM/?search=3591024#searchbox",
        "surface": "asphalt",
        "tiger:cfcc": "A45",
        "tiger:county": "San Francisco, CA",
        "tiger:name_base": "The Embarcadero",
        "turn:lanes": "left||"
      },
      "geometry": {
        "type": "LineString",
        "coordinates": [
          [
            -122.4028613,
            37.8049188
          ],
          [
            -122.4031454,
            37.8051201
          ],
          [
            -122.4031749,
            37.8051409
          ]
        ]
      },
      "id": "way/417099357"
    },
    {
      "type": "Feature",
      "properties": {
        "@id": "way/417099358",
        "change:lanes": "no|no",
        "cycleway:right": "lane",
        "foot": "no",
        "hgv": "designated",
        "highway": "primary",
        "lanes": "2",
        "lcn_ref": "5",
        "lit": "yes",
        "maxspeed": "30 mph",
        "name": "The Embarcadero",
        "oneway": "yes",
        "overtaking": "no",
        "sidewalk:left": "no",
        "sidewalk:right": "separate",
        "source:hgv": "https://sfplanninggis.org/TIM/?search=3591024#searchbox",
        "surface": "asphalt",
        "tiger:cfcc": "A45",
        "tiger:county": "San Francisco, CA",
        "tiger:name_base": "The Embarcadero",
        "turn:lanes": "through|"
      },
      "geometry": {
        "type": "LineString",
        "coordinates": [
          [
            -122.401811,
            37.8040707
          ],
          [
            -122.4019041,
            37.8041656
          ],
          [
            -122.4020702,
            37.804321
          ]
        ]
      },
      "id": "way/417099358"
    },
    {
      "type": "Feature",
      "properties": {
        "@id": "way/417099361",
        "cycleway:right": "lane",
        "foot": "no",
        "hgv": "designated",
        "highway": "primary",
        "lanes": "2",
        "lcn_ref": "5",
        "lit": "yes",
        "maxspeed": "30 mph",
        "name": "The Embarcadero",
        "oneway": "yes",
        "sidewalk": "separate",
        "source:hgv": "https://sfplanninggis.org/TIM/?search=3591024#searchbox",
        "surface": "asphalt",
        "tiger:cfcc": "A45",
        "tiger:county": "San Francisco, CA",
        "tiger:name_base": "The Embarcadero"
      },
      "geometry": {
        "type": "LineString",
        "coordinates": [
          [
            -122.3975508,
            37.7993155
          ],
          [
            -122.3976309,
            37.7994054
          ],
          [
            -122.3977253,
            37.7995115
          ]
        ]
      },
      "id": "way/417099361"
    },
    {
      "type": "Feature",
      "properties": {
        "@id": "way/417101699",
        "cycleway:right": "no",
        "hgv": "designated",
        "highway": "secondary",
        "lanes": "4",
        "name": "1st Street",
        "oneway": "yes",
        "parking:lane:left": "parallel",
        "sidewalk:both": "separate",
        "source:hgv": "https://sfplanninggis.org/TIM/?search=3591024#searchbox",
        "surface": "asphalt",
        "tiger:cfcc": "A41",
        "tiger:county": "San Francisco, CA",
        "tiger:name_base": "1st",
        "tiger:name_type": "St",
        "trolley_wire": "yes",
        "turn:lanes": "|||right"
      },
      "geometry": {
        "type": "LineString",
        "coordinates": [
          [
            -122.3962895,
            37.7887506
          ],
          [
            -122.3961296,
            37.7886202
          ],
          [
            -122.396028,
            37.7885423
          ]
        ]
      },
      "id": "way/417101699"
    },
    {
      "type": "Feature",
      "properties": {
        "@id": "way/417101700",
        "hgv": "designated",
        "highway": "secondary",
        "lanes": "3",
        "name": "1st Street",
        "oneway": "yes",
        "sidewalk:both": "separate",
        "source:hgv": "https://sfplanninggis.org/TIM/?search=3591024#searchbox",
        "tiger:cfcc": "A41",
        "tiger:county": "San Francisco, CA",
        "tiger:name_base": "1st",
        "tiger:name_type": "St",
        "trolley_wire": "yes"
      },
      "geometry": {
        "type": "LineString",
        "coordinates": [
          [
            -122.3975766,
            37.7897816
          ],
          [
            -122.3974988,
            37.789719
          ],
          [
            -122.3974663,
            37.7896928
          ]
        ]
      },
      "id": "way/417101700"
    },
    {
      "type": "Feature",
      "properties": {
        "@id": "way/417101701",
        "hgv": "designated",
        "highway": "secondary",
        "lanes": "4",
        "lanes:psv": "1",
        "name": "1st Street",
        "oneway": "yes",
        "parking:lane:both": "parallel",
        "sidewalk:both": "separate",
        "source:hgv": "https://sfplanninggis.org/TIM/?search=3591024#searchbox",
        "tiger:cfcc": "A41",
        "tiger:county": "San Francisco, CA",
        "tiger:name_base": "1st",
        "tiger:name_type": "St",
        "trolley_wire": "yes",
        "turn:lanes": "left|||right"
      },
      "geometry": {
        "type": "LineString",
        "coordinates": [
          [
            -122.3978286,
            37.7899836
          ],
          [
            -122.3976679,
            37.7898545
          ],
          [
            -122.3975766,
            37.7897816
          ]
        ]
      },
      "id": "way/417101701"
    },
    {
      "type": "Feature",
      "properties": {
        "@id": "way/417101708",
        "highway": "secondary",
        "lanes": "3",
        "name": "Front Street",
        "oneway": "yes",
        "sidewalk": "separate",
        "surface": "asphalt",
        "tiger:cfcc": "A41",
        "tiger:county": "San Francisco, CA",
        "tiger:name_base": "Front",
        "tiger:name_type": "St",
        "turn:lanes": "left|left;through|through"
      },
      "geometry": {
        "type": "LineString",
        "coordinates": [
          [
            -122.3985291,
            37.7920217
          ],
          [
            -122.3985956,
            37.7923426
          ],
          [
            -122.3986103,
            37.7924133
          ]
        ]
      },
      "id": "way/417101708"
    },
    {
      "type": "Feature",
      "properties": {
        "@id": "way/417101715",
        "cycleway:right": "shared_lane",
        "cycleway:right:lane": "pictogram",
        "highway": "secondary",
        "lanes": "2",
        "lcn_ref": "16",
        "level": "0",
        "maxspeed": "20 mph",
        "name": "Post Street",
        "oneway": "yes",
        "sidewalk": "both",
        "surface": "asphalt",
        "tiger:cfcc": "A41",
        "tiger:county": "San Francisco, CA",
        "tiger:name_type": "St",
        "trolley_wire": "yes",
        "turn:lanes": "right|right"
      },
      "geometry": {
        "type": "LineString",
        "coordinates": [
          [
            -122.4025109,
            37.7890464
          ],
          [
            -122.4023821,
            37.7890624
          ]
        ]
      },
      "id": "way/417101715"
    },
    {
      "type": "Feature",
      "properties": {
        "@id": "way/417103319",
        "hgv": "designated",
        "highway": "secondary",
        "lanes": "4",
        "name": "Laguna Street",
        "parking:lane:both": "no",
        "sidewalk": "left",
        "source:hgv": "https://sfplanninggis.org/TIM/?search=3591024#searchbox",
        "surface": "asphalt",
        "tiger:cfcc": "A41",
        "tiger:county": "San Francisco, CA",
        "tiger:name_base": "Laguna",
        "tiger:name_type": "St"
      },
      "geometry": {
        "type": "LineString",
        "coordinates": [
          [
            -122.4317887,
            37.8038185
          ],
          [
            -122.4318761,
            37.8042494
          ]
        ]
      },
      "id": "way/417103319"
    },
    {
      "type": "Feature",
      "properties": {
        "@id": "way/417103323",
        "hgv": "designated",
        "highway": "secondary",
        "lanes": "5",
        "lanes:backward": "2",
        "lanes:forward": "3",
        "lcn_ref": "2",
        "lit": "yes",
        "maxspeed": "25 mph",
        "maxweight:hgv": "3 st",
        "name": "Marina Boulevard",
        "sidewalk:both": "separate",
        "source:hgv": "https://sfplanninggis.org/TIM/?search=3591024#searchbox",
        "surface": "asphalt",
        "tiger:cfcc": "A45",
        "tiger:county": "San Francisco, CA",
        "tiger:name_base": "Marina",
        "tiger:name_type": "Blvd",
        "turn:lanes:forward": "||right"
      },
      "geometry": {
        "type": "LineString",
        "coordinates": [
          [
            -122.433216,
            37.8050802
          ],
          [
            -122.4334169,
            37.8050545
          ],
          [
            -122.4336083,
            37.8050295
          ],
          [
            -122.4336389,
            37.8050275
          ],
          [
            -122.4336738,
            37.8050265
          ],
          [
            -122.4337071,
            37.8050285
          ],
          [
            -122.4337435,
            37.805032
          ]
        ]
      },
      "id": "way/417103323"
    },
    {
      "type": "Feature",
      "properties": {
        "@id": "way/417104573",
        "NHS": "STRAHNET",
        "alt_name": "Doyle Drive",
        "bicycle": "no",
        "foot": "yes",
        "hgv": "designated",
        "highway": "motorway",
        "lanes": "3",
        "lit": "yes",
        "maxspeed": "35 mph",
        "name": "Presidio Parkway",
        "old_ref": "CA 480",
        "oneway": "yes",
        "ref": "US 101",
        "sidewalk": "right",
        "source:hgv": "https://sfplanninggis.org/TIM/?search=3591024#searchbox",
        "surface": "asphalt"
      },
      "geometry": {
        "type": "LineString",
        "coordinates": [
          [
            -122.4479569,
            37.8010027
          ],
          [
            -122.448076,
            37.8010835
          ]
        ]
      },
      "id": "way/417104573"
    },
    {
      "type": "Feature",
      "properties": {
        "@id": "way/417230926",
        "cycleway:right": "lane",
        "foot": "no",
        "hgv": "designated",
        "highway": "secondary",
        "lcn_ref": "5",
        "lit": "yes",
        "maxspeed": "30 mph",
        "name": "The Embarcadero",
        "oneway": "yes",
        "sidewalk": "separate",
        "source:hgv": "https://sfplanninggis.org/TIM/?search=3591024#searchbox",
        "source:maxspeed": "sign",
        "surface": "asphalt",
        "tiger:cfcc": "A45",
        "tiger:county": "San Francisco, CA",
        "tiger:name_base": "The Embarcadero",
        "turn:lanes": "left|through|"
      },
      "geometry": {
        "type": "LineString",
        "coordinates": [
          [
            -122.4066864,
            37.8071921
          ],
          [
            -122.4070104,
            37.807351
          ]
        ]
      },
      "id": "way/417230926"
    },
    {
      "type": "Feature",
      "properties": {
        "@id": "way/417234893",
        "cycleway:left": "lane",
        "cycleway:right": "shared_lane",
        "highway": "secondary",
        "lanes": "2",
        "lanes:backward": "1",
        "lanes:forward": "1",
        "lcn_ref": "95",
        "lit": "yes",
        "maxspeed": "30 mph",
        "name": "Lincoln Boulevard",
        "name:etymology:wikidata": "Q91",
        "surface": "asphalt",
        "tiger:cfcc": "A41",
        "tiger:county": "San Francisco, CA",
        "tiger:name_base": "Lincoln",
        "tiger:name_type": "Blvd",
        "turn:lanes:backward": "through"
      },
      "geometry": {
        "type": "LineString",
        "coordinates": [
          [
            -122.4781576,
            37.8003162
          ],
          [
            -122.478178,
            37.800285
          ],
          [
            -122.4781979,
            37.8002511
          ],
          [
            -122.4782265,
            37.8001913
          ],
          [
            -122.4782497,
            37.8001313
          ],
          [
            -122.4782672,
            37.8000794
          ]
        ]
      },
      "id": "way/417234893"
    },
    {
      "type": "Feature",
      "properties": {
        "@id": "way/417275907",
        "cycleway:right": "lane",
        "foot": "no",
        "hgv": "designated",
        "highway": "primary",
        "lanes": "2",
        "lcn_ref": "5",
        "lit": "yes",
        "name": "The Embarcadero",
        "oneway": "yes",
        "sidewalk": "separate",
        "source:hgv": "https://sfplanninggis.org/TIM/?search=3591024#searchbox",
        "surface": "asphalt",
        "tiger:cfcc": "A45",
        "tiger:county": "San Francisco, CA",
        "tiger:name_base": "The Embarcadero"
      },
      "geometry": {
        "type": "LineString",
        "coordinates": [
          [
            -122.4056307,
            37.8066897
          ],
          [
            -122.4059224,
            37.8068309
          ]
        ]
      },
      "id": "way/417275907"
    },
    {
      "type": "Feature",
      "properties": {
        "@id": "way/417400770",
        "cycleway:right": "lane",
        "hgv": "designated",
        "highway": "primary",
        "lanes": "2",
        "lcn_ref": "5",
        "lit": "yes",
        "maxspeed": "30 mph",
        "name": "The Embarcadero",
        "oneway": "yes",
        "parking:lane:right": "parallel",
        "sidewalk": "right",
        "source:hgv": "https://sfplanninggis.org/TIM/?search=3591024#searchbox",
        "surface": "asphalt",
        "tiger:cfcc": "A45",
        "tiger:county": "San Francisco, CA",
        "tiger:name_base": "Embarcadero South",
        "tiger:name_base_1": "The Embarcadero",
        "tiger:name_type": "St"
      },
      "geometry": {
        "type": "LineString",
        "coordinates": [
          [
            -122.3886184,
            37.7894946
          ],
          [
            -122.3885273,
            37.789394
          ],
          [
            -122.3884136,
            37.7892378
          ],
          [
            -122.3883232,
            37.7890775
          ],
          [
            -122.3882618,
            37.7889346
          ]
        ]
      },
      "id": "way/417400770"
    },
    {
      "type": "Feature",
      "properties": {
        "@id": "way/418389202",
        "highway": "secondary_link",
        "lanes": "1",
        "oneway": "yes"
      },
      "geometry": {
        "type": "LineString",
        "coordinates": [
          [
            -122.4034,
            37.7958733
          ],
          [
            -122.4034085,
            37.7958386
          ],
          [
            -122.4034232,
            37.7958039
          ],
          [
            -122.4034422,
            37.7957775
          ],
          [
            -122.4034547,
            37.7957701
          ],
          [
            -122.4034972,
            37.795759
          ],
          [
            -122.4035233,
            37.7957571
          ],
          [
            -122.4035685,
            37.7957553
          ],
          [
            -122.4035931,
            37.7957565
          ],
          [
            -122.4036185,
            37.7957573
          ]
        ]
      },
      "id": "way/418389202"
    },
    {
      "type": "Feature",
      "properties": {
        "@id": "way/419643721",
        "destination": "Laguna Street",
        "highway": "secondary_link",
        "lanes": "2",
        "oneway": "yes",
        "sidewalk": "no",
        "surface": "asphalt",
        "turn:lanes": "right|right"
      },
      "geometry": {
        "type": "LineString",
        "coordinates": [
          [
            -122.431646,
            37.8034403
          ],
          [
            -122.4316876,
            37.8034684
          ],
          [
            -122.4317257,
            37.8035017
          ]
        ]
      },
      "id": "way/419643721"
    },
    {
      "type": "Feature",
      "properties": {
        "@id": "way/423460322",
        "destination": "Presidio;Visitor Center;Crissy Field",
        "highway": "motorway_link",
        "lanes": "1",
        "lit": "yes",
        "maxspeed": "45 mph",
        "maxspeed:advisory": "25 mph",
        "oneway": "yes",
        "placement": "transition",
        "surface": "asphalt",
        "turn": "right"
      },
      "geometry": {
        "type": "LineString",
        "coordinates": [
          [
            -122.4526819,
            37.8028761
          ],
          [
            -122.4525814,
            37.802798
          ]
        ]
      },
      "id": "way/423460322"
    },
    {
      "type": "Feature",
      "properties": {
        "@id": "way/425516645",
        "cycleway:right": "no",
        "hgv": "designated",
        "highway": "secondary",
        "lanes": "4",
        "name": "Montgomery Street",
        "name:etymology:wikidata": "Q6220059",
        "oneway": "yes",
        "sidewalk:both": "separate",
        "source:hgv": "https://sfplanninggis.org/TIM/?search=3591024#searchbox",
        "surface": "asphalt",
        "tiger:cfcc": "A41",
        "tiger:county": "San Francisco, CA",
        "tiger:name_base": "Montgomery",
        "tiger:name_type": "St",
        "wikidata": "Q3322721"
      },
      "geometry": {
        "type": "LineString",
        "coordinates": [
          [
            -122.4030658,
            37.7942268
          ],
          [
            -122.4029873,
            37.7938469
          ],
          [
            -122.4029757,
            37.7937875
          ]
        ]
      },
      "id": "way/425516645"
    },
    {
      "type": "Feature",
      "properties": {
        "@id": "way/425516647",
        "cycleway:right": "no",
        "hgv": "designated",
        "highway": "secondary",
        "lanes": "4",
        "lit": "yes",
        "maxspeed:type": "US:urban",
        "name": "Kearny Street",
        "name:etymology:wikidata": "Q518351",
        "oneway": "yes",
        "sidewalk:both": "separate",
        "source:hgv": "https://sfplanninggis.org/TIM/?search=3591024#searchbox",
        "surface": "concrete",
        "tiger:cfcc": "A41",
        "tiger:county": "San Francisco, CA",
        "tiger:name_base": "Kearny",
        "tiger:name_type": "St"
      },
      "geometry": {
        "type": "LineString",
        "coordinates": [
          [
            -122.4046141,
            37.7935779
          ],
          [
            -122.4046256,
            37.7936363
          ],
          [
            -122.4047032,
            37.7940203
          ]
        ]
      },
      "id": "way/425516647"
    },
    {
      "type": "Feature",
      "properties": {
        "@id": "way/425516649",
        "cycleway:both": "no",
        "hgv": "designated",
        "highway": "secondary",
        "lanes": "4",
        "name": "Montgomery Street",
        "name:etymology:wikidata": "Q6220059",
        "oneway": "yes",
        "sidewalk:both": "separate",
        "source:hgv": "https://sfplanninggis.org/TIM/?search=3591024#searchbox",
        "surface": "asphalt",
        "tiger:cfcc": "A41",
        "tiger:county": "San Francisco, CA",
        "tiger:name_base": "Montgomery",
        "tiger:name_type": "St",
        "wikidata": "Q3322721"
      },
      "geometry": {
        "type": "LineString",
        "coordinates": [
          [
            -122.4029009,
            37.793415
          ],
          [
            -122.4028118,
            37.7929631
          ],
          [
            -122.4027948,
            37.7928773
          ],
          [
            -122.4027912,
            37.7928594
          ]
        ]
      },
      "id": "way/425516649"
    },
    {
      "type": "Feature",
      "properties": {
        "@id": "way/425624293",
        "bicycle": "yes",
        "cycleway": "no",
        "highway": "secondary",
        "lanes": "2",
        "lit": "yes",
        "maxspeed": "20 mph",
        "name": "Grant Avenue",
        "name:etymology:wikidata": "Q34836",
        "oneway": "no",
        "shoulder": "no",
        "sidewalk": "both",
        "surface": "asphalt",
        "tiger:cfcc": "A41",
        "tiger:county": "San Francisco, CA",
        "tiger:name_type": "Ave",
        "wikidata": "Q5122201",
        "wikipedia": "en:Grant Avenue"
      },
      "geometry": {
        "type": "LineString",
        "coordinates": [
          [
            -122.4051523,
            37.788237
          ],
          [
            -122.4052314,
            37.788623
          ],
          [
            -122.4052473,
            37.7887033
          ]
        ]
      },
      "id": "way/425624293"
    },
    {
      "type": "Feature",
      "properties": {
        "@id": "way/427283771",
        "hgv": "designated",
        "highway": "secondary",
        "lanes": "4",
        "lcn_ref": "2",
        "maxspeed": "25 mph",
        "maxweight:hgv": "3 st",
        "name": "Marina Boulevard",
        "sidewalk:both": "separate",
        "source:hgv": "https://sfplanninggis.org/TIM/?search=3591024#searchbox",
        "surface": "asphalt",
        "tiger:cfcc": "A45",
        "tiger:county": "San Francisco, CA",
        "tiger:name_base": "Marina",
        "tiger:name_type": "Blvd"
      },
      "geometry": {
        "type": "LineString",
        "coordinates": [
          [
            -122.447648,
            37.8051204
          ],
          [
            -122.4475599,
            37.805133
          ],
          [
            -122.4474337,
            37.8051492
          ],
          [
            -122.4473096,
            37.8051652
          ]
        ]
      },
      "id": "way/427283771"
    },
    {
      "type": "Feature",
      "properties": {
        "@id": "way/431375109",
        "hgv": "designated",
        "highway": "secondary",
        "lanes": "4",
        "lcn_ref": "2",
        "lit": "yes",
        "maxspeed": "25 mph",
        "maxweight:hgv": "3 st",
        "name": "Marina Boulevard",
        "sidewalk:both": "separate",
        "source:hgv": "https://sfplanninggis.org/TIM/?search=3591024#searchbox",
        "surface": "asphalt",
        "tiger:cfcc": "A45",
        "tiger:county": "San Francisco, CA",
        "tiger:name_base": "Marina",
        "tiger:name_type": "Blvd"
      },
      "geometry": {
        "type": "LineString",
        "coordinates": [
          [
            -122.4322708,
            37.805201
          ],
          [
            -122.4327402,
            37.805141
          ],
          [
            -122.433216,
            37.8050802
          ]
        ]
      },
      "id": "way/431375109"
    },
    {
      "type": "Feature",
      "properties": {
        "@id": "way/437384203",
        "NHS": "STRAHNET",
        "bicycle": "yes",
        "foot": "no",
        "hgv": "designated",
        "highway": "trunk",
        "lanes": "3",
        "lit": "yes",
        "maxspeed": "30 mph",
        "name": "Richardson Avenue",
        "name:etymology:wikidata": "Q4818023",
        "old_ref": "CA 480",
        "oneway": "yes",
        "ref": "US 101",
        "sidewalk:left": "no",
        "sidewalk:right": "separate",
        "source:hgv": "https://sfplanninggis.org/TIM/?search=3591024#searchbox",
        "surface": "asphalt",
        "tiger:cfcc": "A25",
        "tiger:county": "San Francisco, CA",
        "tiger:name_base": "Richardson",
        "tiger:name_base_1": "United States Highway 101",
        "tiger:name_type": "Ave"
      },
      "geometry": {
        "type": "LineString",
        "coordinates": [
          [
            -122.4462171,
            37.7998046
          ],
          [
            -122.4465206,
            37.8000133
          ]
        ]
      },
      "id": "way/437384203"
    },
    {
      "type": "Feature",
      "properties": {
        "@id": "way/437384204",
        "NHS": "STRAHNET",
        "bicycle": "yes",
        "foot": "yes",
        "hgv": "designated",
        "highway": "trunk",
        "lanes": "3",
        "lit": "yes",
        "maxspeed": "30 mph",
        "name": "Richardson Avenue",
        "name:etymology:wikidata": "Q4818023",
        "old_ref": "CA 480",
        "oneway": "yes",
        "ref": "US 101",
        "sidewalk:left": "no",
        "sidewalk:right": "separate",
        "source:hgv": "https://sfplanninggis.org/TIM/?search=3591024#searchbox",
        "surface": "asphalt",
        "tiger:cfcc": "A25",
        "tiger:county": "San Francisco, CA",
        "tiger:name_base": "Richardson",
        "tiger:name_base_1": "United States Highway 101",
        "tiger:name_type": "Ave"
      },
      "geometry": {
        "type": "LineString",
        "coordinates": [
          [
            -122.4465206,
            37.8000133
          ],
          [
            -122.4467734,
            37.8001868
          ],
          [
            -122.4468309,
            37.8002266
          ],
          [
            -122.4470027,
            37.8003455
          ]
        ]
      },
      "id": "way/437384204"
    },
    {
      "type": "Feature",
      "properties": {
        "@id": "way/443021969",
        "cycleway:right": "lane",
        "hgv": "designated",
        "highway": "primary",
        "lanes": "3",
        "lcn_ref": "5",
        "lit": "yes",
        "maxspeed": "30 mph",
        "name": "The Embarcadero",
        "oneway": "yes",
        "sidewalk": "right",
        "source:hgv": "https://sfplanninggis.org/TIM/?search=3591024#searchbox",
        "surface": "asphalt",
        "tiger:cfcc": "A45",
        "tiger:county": "San Francisco, CA",
        "tiger:name_base": "The Embarcadero"
      },
      "geometry": {
        "type": "LineString",
        "coordinates": [
          [
            -122.395556,
            37.7966342
          ],
          [
            -122.3955231,
            37.7966
          ],
          [
            -122.3954556,
            37.7965211
          ],
          [
            -122.39508,
            37.796081
          ],
          [
            -122.3949755,
            37.795955
          ]
        ]
      },
      "id": "way/443021969"
    },
    {
      "type": "Feature",
      "properties": {
        "@id": "way/443021988",
        "destination": "The Embarcadero",
        "highway": "primary_link",
        "lanes": "1",
        "oneway": "yes",
        "sidewalk": "left",
        "surface": "asphalt"
      },
      "geometry": {
        "type": "LineString",
        "coordinates": [
          [
            -122.393666,
            37.7944973
          ],
          [
            -122.3934064,
            37.7944047
          ],
          [
            -122.3933637,
            37.7943857
          ]
        ]
      },
      "id": "way/443021988"
    },
    {
      "type": "Feature",
      "properties": {
        "@id": "way/446598044",
        "hgv": "designated",
        "highway": "secondary",
        "lane_markings": "no",
        "lcn_ref": "11",
        "maxspeed": "20 mph",
        "name": "Columbus Avenue",
        "sidewalk:both": "separate",
        "source:hgv": "https://sfplanninggis.org/TIM/?search=3591024#searchbox",
        "surface": "asphalt",
        "tiger:cfcc": "A41",
        "tiger:county": "San Francisco, CA",
        "tiger:name_base": "Columbus",
        "tiger:name_type": "Ave",
        "trolley_wire": "yes"
      },
      "geometry": {
        "type": "LineString",
        "coordinates": [
          [
            -122.4146262,
            37.8033693
          ],
          [
            -122.4146717,
            37.8033998
          ],
          [
            -122.4148409,
            37.8035147
          ],
          [
            -122.41488,
            37.8035415
          ]
        ]
      },
      "id": "way/446598044"
    },
    {
      "type": "Feature",
      "properties": {
        "@id": "way/468204142",
        "cycleway": "track",
        "hgv": "designated",
        "highway": "secondary",
        "lanes": "2",
        "lcn_ref": "30",
        "maxspeed": "20 mph",
        "name": "Folsom Street",
        "name:etymology:wikidata": "Q3185252",
        "oneway": "no",
        "sidewalk": "separate",
        "source:hgv": "https://sfplanninggis.org/TIM/?search=3591024#searchbox",
        "surface": "asphalt",
        "tiger:cfcc": "A41",
        "tiger:county": "San Francisco, CA",
        "tiger:name_base": "Folsom",
        "tiger:name_type": "St"
      },
      "geometry": {
        "type": "LineString",
        "coordinates": [
          [
            -122.3927566,
            37.7886922
          ],
          [
            -122.3926566,
            37.7887719
          ]
        ]
      },
      "id": "way/468204142"
    },
    {
      "type": "Feature",
      "properties": {
        "@id": "way/468205096",
        "cycleway": "track",
        "hgv": "designated",
        "highway": "secondary",
        "lanes": "2",
        "lanes:backward": "1",
        "lanes:forward": "1",
        "lcn_ref": "30",
        "maxspeed": "20 mph",
        "name": "Folsom Street",
        "name:etymology:wikidata": "Q3185252",
        "oneway": "no",
        "sidewalk": "separate",
        "source:hgv": "https://sfplanninggis.org/TIM/?search=3591024#searchbox",
        "surface": "asphalt",
        "tiger:cfcc": "A41",
        "tiger:county": "San Francisco, CA",
        "tiger:name_base": "Folsom",
        "tiger:name_type": "St",
        "turn:lanes:forward": "through"
      },
      "geometry": {
        "type": "LineString",
        "coordinates": [
          [
            -122.3924745,
            37.7889152
          ],
          [
            -122.3926566,
            37.7887719
          ]
        ]
      },
      "id": "way/468205096"
    },
    {
      "type": "Feature",
      "properties": {
        "@id": "way/468205097",
        "cycleway": "track",
        "hgv": "designated",
        "highway": "secondary",
        "lanes": "2",
        "lanes:backward": "1",
        "lanes:forward": "1",
        "lcn_ref": "30",
        "maxspeed": "20 mph",
        "name": "Folsom Street",
        "name:etymology:wikidata": "Q3185252",
        "oneway": "no",
        "sidewalk": "separate",
        "source:hgv": "https://sfplanninggis.org/TIM/?search=3591024#searchbox",
        "tiger:cfcc": "A41",
        "tiger:county": "San Francisco, CA",
        "tiger:name_base": "Folsom",
        "tiger:name_type": "St"
      },
      "geometry": {
        "type": "LineString",
        "coordinates": [
          [
            -122.3924745,
            37.7889152
          ],
          [
            -122.3921274,
            37.7891909
          ],
          [
            -122.3920361,
            37.7892609
          ],
          [
            -122.3919539,
            37.7893207
          ],
          [
            -122.3918607,
            37.7893887
          ]
        ]
      },
      "id": "way/468205097"
    },
    {
      "type": "Feature",
      "properties": {
        "@id": "way/474751287",
        "NHS": "STRAHNET",
        "bicycle": "yes",
        "foot": "yes",
        "hgv": "designated",
        "highway": "trunk",
        "lanes": "3",
        "lit": "yes",
        "maxspeed": "30 mph",
        "name": "Richardson Avenue",
        "name:etymology:wikidata": "Q4818023",
        "old_ref": "CA 480",
        "oneway": "yes",
        "ref": "US 101",
        "sidewalk:left": "no",
        "sidewalk:right": "separate",
        "source:hgv": "https://sfplanninggis.org/TIM/?search=3591024#searchbox",
        "surface": "asphalt"
      },
      "geometry": {
        "type": "LineString",
        "coordinates": [
          [
            -122.4480529,
            37.8009503
          ],
          [
            -122.447971,
            37.8008945
          ]
        ]
      },
      "id": "way/474751287"
    },
    {
      "type": "Feature",
      "properties": {
        "@id": "way/477214641",
        "NHS": "STRAHNET",
        "bicycle": "yes",
        "hgv": "designated",
        "highway": "trunk",
        "lanes": "2",
        "lit": "yes",
        "maxspeed": "25 mph",
        "name": "Van Ness Avenue",
        "name:etymology:wikidata": "Q6144602",
        "old_name": "Marlette Street",
        "oneway": "yes",
        "ref": "US 101",
        "sidewalk": "separate",
        "source:hgv": "https://sfplanninggis.org/TIM/?search=3591024#searchbox",
        "trolley_wire": "yes"
      },
      "geometry": {
        "type": "LineString",
        "coordinates": [
          [
            -122.4228084,
            37.7921673
          ],
          [
            -122.4227985,
            37.792102
          ],
          [
            -122.4227735,
            37.7919539
          ],
          [
            -122.4227533,
            37.7917564
          ],
          [
            -122.4226722,
            37.7913669
          ],
          [
            -122.4226506,
            37.7912891
          ],
          [
            -122.4226327,
            37.7912257
          ],
          [
            -122.422584,
            37.7910139
          ],
          [
            -122.4224756,
            37.7904713
          ],
          [
            -122.4224613,
            37.7904029
          ]
        ]
      },
      "id": "way/477214641"
    },
    {
      "type": "Feature",
      "properties": {
        "@id": "way/478789265",
        "cycleway:left": "no",
        "cycleway:right": "lane",
        "highway": "secondary",
        "lanes": "2",
        "maxspeed": "35 mph",
        "name": "Marina Boulevard",
        "oneway": "yes",
        "sidewalk:left": "no",
        "sidewalk:right": "separate",
        "surface": "asphalt",
        "tiger:county": "San Francisco, CA",
        "tiger:name_base": "Doyle"
      },
      "geometry": {
        "type": "LineString",
        "coordinates": [
          [
            -122.4483822,
            37.8047335
          ],
          [
            -122.4484269,
            37.8046957
          ],
          [
            -122.4484874,
            37.8046493
          ]
        ]
      },
      "id": "way/478789265"
    },
    {
      "type": "Feature",
      "properties": {
        "@id": "way/478789266",
        "highway": "secondary",
        "lanes": "2",
        "name": "Girard Road",
        "oneway": "yes",
        "sidewalk:left": "no",
        "sidewalk:right": "separate",
        "surface": "asphalt",
        "tiger:cfcc": "A45",
        "tiger:county": "San Francisco, CA",
        "tiger:name_base": "Marina",
        "tiger:name_type": "Blvd"
      },
      "geometry": {
        "type": "LineString",
        "coordinates": [
          [
            -122.4484,
            37.8046168
          ],
          [
            -122.4483344,
            37.8046664
          ],
          [
            -122.4482686,
            37.8047136
          ]
        ]
      },
      "id": "way/478789266"
    },
    {
      "type": "Feature",
      "properties": {
        "@id": "way/479850694",
        "hgv": "designated",
        "highway": "secondary",
        "lanes": "4",
        "maxspeed": "25 mph",
        "maxweight:hgv": "3 st",
        "name": "Bay Street",
        "sidewalk:both": "separate",
        "source:hgv": "https://sfplanninggis.org/TIM/?search=3591024#searchbox",
        "tiger:cfcc": "A41",
        "tiger:county": "San Francisco, CA",
        "tiger:name_base": "Bay",
        "tiger:name_type": "St"
      },
      "geometry": {
        "type": "LineString",
        "coordinates": [
          [
            -122.4254612,
            37.8041095
          ],
          [
            -122.4253311,
            37.8041258
          ],
          [
            -122.4252015,
            37.8041423
          ]
        ]
      },
      "id": "way/479850694"
    },
    {
      "type": "Feature",
      "properties": {
        "@id": "way/498269730",
        "change:forward": "no",
        "change:lanes:backward": "no|no",
        "foot": "no",
        "highway": "secondary",
        "lanes": "3",
        "lanes:backward": "2",
        "lanes:forward": "1",
        "lit": "yes",
        "motorway_link": "yes",
        "name": "Gorgas Avenue",
        "overtaking": "no",
        "sidewalk": "no",
        "surface": "asphalt",
        "turn:lanes:backward": "left|left;through",
        "turn:lanes:forward": "left"
      },
      "geometry": {
        "type": "LineString",
        "coordinates": [
          [
            -122.4521566,
            37.8027683
          ],
          [
            -122.4522887,
            37.8028018
          ]
        ]
      },
      "id": "way/498269730"
    },
    {
      "type": "Feature",
      "properties": {
        "@id": "way/498532263",
        "NHS": "STRAHNET",
        "bicycle": "yes",
        "foot": "yes",
        "hgv": "designated",
        "highway": "trunk",
        "lanes": "3",
        "lit": "yes",
        "maxspeed": "30 mph",
        "name": "Richardson Avenue",
        "name:etymology:wikidata": "Q4818023",
        "old_ref": "CA 480",
        "oneway": "yes",
        "ref": "US 101",
        "sidewalk:left": "no",
        "sidewalk:right": "separate",
        "source:hgv": "https://sfplanninggis.org/TIM/?search=3591024#searchbox",
        "surface": "asphalt",
        "tiger:cfcc": "A25",
        "tiger:county": "San Francisco, CA",
        "tiger:name_base": "Richardson:United States Highway 101",
        "tiger:name_base_1": "Richardson:United States Highway 101",
        "tiger:name_type": "Ave",
        "tiger:name_type_1": "Ave"
      },
      "geometry": {
        "type": "LineString",
        "coordinates": [
          [
            -122.4460613,
            37.7995744
          ],
          [
            -122.4459617,
            37.7995065
          ]
        ]
      },
      "id": "way/498532263"
    },
    {
      "type": "Feature",
      "properties": {
        "@id": "way/502795545",
        "hgv": "designated",
        "highway": "secondary",
        "lanes": "3",
        "lit": "yes",
        "maxspeed": "30 mph",
        "name": "Bush Street",
        "oneway": "yes",
        "sidewalk": "separate",
        "source:hgv": "https://sfplanninggis.org/TIM/?search=3591024#searchbox",
        "surface": "asphalt",
        "tiger:cfcc": "A41",
        "tiger:county": "San Francisco, CA",
        "tiger:name_base": "Bush",
        "tiger:name_type": "St"
      },
      "geometry": {
        "type": "LineString",
        "coordinates": [
          [
            -122.421853,
            37.7885033
          ],
          [
            -122.4217851,
            37.7885123
          ],
          [
            -122.4204118,
            37.7886861
          ],
          [
            -122.4203209,
            37.7886974
          ]
        ]
      },
      "id": "way/502795545"
    },
    {
      "type": "Feature",
      "properties": {
        "@id": "way/502795932",
        "bicycle": "yes",
        "hgv": "designated",
        "highway": "primary",
        "lanes": "4",
        "name": "Van Ness Avenue",
        "name:etymology:wikidata": "Q6144602",
        "old_name": "Marlette Street",
        "oneway": "yes",
        "sidewalk:left": "no",
        "sidewalk:right": "separate",
        "source:hgv": "https://sfplanninggis.org/TIM/?search=3591024#searchbox",
        "surface": "asphalt",
        "tiger:cfcc": "A45",
        "tiger:county": "San Francisco, CA",
        "tiger:name_base": "Van Ness",
        "tiger:name_type": "Ave",
        "trolley_wire": "yes",
        "turn:lanes": "left|through||"
      },
      "geometry": {
        "type": "LineString",
        "coordinates": [
          [
            -122.4249274,
            37.803517
          ],
          [
            -122.4249986,
            37.8038733
          ],
          [
            -122.4250321,
            37.8040747
          ],
          [
            -122.4250497,
            37.804161
          ]
        ]
      },
      "id": "way/502795932"
    },
    {
      "type": "Feature",
      "properties": {
        "@id": "way/502795938",
        "NHS": "STRAHNET",
        "bicycle": "yes",
        "hgv": "designated",
        "highway": "trunk",
        "lanes": "2",
        "lit": "yes",
        "maxspeed": "25 mph",
        "name": "Van Ness Avenue",
        "name:etymology:wikidata": "Q6144602",
        "old_name": "Marlette Street",
        "oneway": "yes",
        "ref": "US 101",
        "sidewalk": "separate",
        "source:hgv": "https://sfplanninggis.org/TIM/?search=3591024#searchbox",
        "trolley_wire": "yes"
      },
      "geometry": {
        "type": "LineString",
        "coordinates": [
          [
            -122.4222636,
            37.790442
          ],
          [
            -122.4222755,
            37.7904965
          ],
          [
            -122.4224277,
            37.7912518
          ],
          [
            -122.4224402,
            37.7913157
          ]
        ]
      },
      "id": "way/502795938"
    },
    {
      "type": "Feature",
      "properties": {
        "@id": "way/502795939",
        "hgv": "designated",
        "highway": "secondary",
        "lanes": "3",
        "lit": "yes",
        "maxspeed": "20 mph",
        "name": "Pine Street",
        "oneway": "yes",
        "sidewalk": "both",
        "source:hgv": "https://sfplanninggis.org/TIM/?search=3591024#searchbox",
        "surface": "asphalt",
        "tiger:cfcc": "A41",
        "tiger:county": "San Francisco, CA",
        "tiger:name_base": "Pine",
        "tiger:name_type": "St"
      },
      "geometry": {
        "type": "LineString",
        "coordinates": [
          [
            -122.422057,
            37.7894331
          ],
          [
            -122.4221207,
            37.7894249
          ],
          [
            -122.422185,
            37.7894167
          ],
          [
            -122.4222577,
            37.7894074
          ]
        ]
      },
      "id": "way/502795939"
    },
    {
      "type": "Feature",
      "properties": {
        "@id": "way/502795940",
        "cycleway:right": "no",
        "hgv": "designated",
        "highway": "secondary",
        "lanes": "4",
        "lit": "yes",
        "maxspeed": "20 mph",
        "name": "Pine Street",
        "oneway": "yes",
        "sidewalk": "both",
        "source:hgv": "https://sfplanninggis.org/TIM/?search=3591024#searchbox",
        "surface": "asphalt",
        "tiger:cfcc": "A41",
        "tiger:county": "San Francisco, CA",
        "tiger:name_base": "Pine",
        "tiger:name_type": "St"
      },
      "geometry": {
        "type": "LineString",
        "coordinates": [
          [
            -122.4090444,
            37.7910866
          ],
          [
            -122.4091072,
            37.7910786
          ],
          [
            -122.4101274,
            37.7909481
          ],
          [
            -122.4105552,
            37.7908945
          ],
          [
            -122.4106394,
            37.7908839
          ],
          [
            -122.4107378,
            37.7908713
          ],
          [
            -122.410999,
            37.7908382
          ],
          [
            -122.4122014,
            37.7906854
          ],
          [
            -122.4122873,
            37.7906745
          ],
          [
            -122.412378,
            37.790663
          ],
          [
            -122.4133248,
            37.7905426
          ],
          [
            -122.4138411,
            37.7904769
          ],
          [
            -122.4139302,
            37.7904657
          ]
        ]
      },
      "id": "way/502795940"
    },
    {
      "type": "Feature",
      "properties": {
        "@id": "way/506711640",
        "cycleway:right": "lane",
        "hgv": "designated",
        "highway": "primary",
        "lanes": "2",
        "lcn_ref": "5",
        "lit": "yes",
        "maxheight": "default",
        "maxspeed": "30 mph",
        "name": "The Embarcadero",
        "oneway": "yes",
        "parking:lane:right": "parallel",
        "sidewalk": "right",
        "source:hgv": "https://sfplanninggis.org/TIM/?search=3591024#searchbox",
        "surface": "asphalt",
        "tiger:cfcc": "A45",
        "tiger:county": "San Francisco, CA",
        "tiger:name_base": "Embarcadero South",
        "tiger:name_base_1": "The Embarcadero",
        "tiger:name_type": "St"
      },
      "geometry": {
        "type": "LineString",
        "coordinates": [
          [
            -122.3882618,
            37.7889346
          ],
          [
            -122.388213,
            37.788788
          ],
          [
            -122.3880616,
            37.7882075
          ],
          [
            -122.3880276,
            37.788051
          ],
          [
            -122.3880135,
            37.7879607
          ]
        ]
      },
      "id": "way/506711640"
    },
    {
      "type": "Feature",
      "properties": {
        "@id": "way/506711641",
        "cycleway:right": "lane",
        "hgv": "designated",
        "highway": "primary",
        "lanes": "2",
        "lcn_ref": "5",
        "lit": "yes",
        "maxspeed": "30 mph",
        "name": "The Embarcadero",
        "oneway": "yes",
        "parking:lane:right": "parallel",
        "sidewalk": "separate",
        "source:hgv": "https://sfplanninggis.org/TIM/?search=3591024#searchbox",
        "surface": "asphalt",
        "tiger:cfcc": "A45",
        "tiger:county": "San Francisco, CA",
        "tiger:name_base": "The Embarcadero"
      },
      "geometry": {
        "type": "LineString",
        "coordinates": [
          [
            -122.3879877,
            37.7889968
          ],
          [
            -122.3880612,
            37.7891608
          ],
          [
            -122.3881429,
            37.7893079
          ],
          [
            -122.3882225,
            37.7894247
          ],
          [
            -122.3882937,
            37.7895127
          ],
          [
            -122.3883171,
            37.7895416
          ],
          [
            -122.3884059,
            37.7896449
          ]
        ]
      },
      "id": "way/506711641"
    },
    {
      "type": "Feature",
      "properties": {
        "@id": "way/510976347",
        "change:lanes": "no|no",
        "destination": "Marina Boulevard;Marina Gate;Gorgas Avenue",
        "highway": "motorway_link",
        "lanes": "2",
        "lit": "yes",
        "maxspeed": "45 mph",
        "maxspeed:advisory": "25 mph",
        "oneway": "yes",
        "overtaking": "no",
        "surface": "asphalt",
        "turn:lanes": "left|left;through"
      },
      "geometry": {
        "type": "LineString",
        "coordinates": [
          [
            -122.4526819,
            37.8028761
          ],
          [
            -122.4526002,
            37.8028636
          ],
          [
            -122.4525196,
            37.8028502
          ],
          [
            -122.4524388,
            37.8028363
          ],
          [
            -122.452377,
            37.8028244
          ],
          [
            -122.4523684,
            37.8028228
          ],
          [
            -122.4523509,
            37.8028191
          ],
          [
            -122.4522887,
            37.8028018
          ]
        ]
      },
      "id": "way/510976347"
    },
    {
      "type": "Feature",
      "properties": {
        "@id": "way/510976348",
        "destination": "Presidio",
        "highway": "motorway_link",
        "junction:ref": "437",
        "lanes": "1",
        "maxspeed": "35 mph",
        "maxspeed:advisory": "25 mph",
        "oneway": "yes",
        "source": "Presidio Parkway project website;guesswork",
        "surface": "asphalt",
        "turn": "left"
      },
      "geometry": {
        "type": "LineString",
        "coordinates": [
          [
            -122.4509153,
            37.8033604
          ],
          [
            -122.4509728,
            37.8033841
          ],
          [
            -122.45103,
            37.8034055
          ],
          [
            -122.4510563,
            37.8034145
          ],
          [
            -122.4510825,
            37.8034235
          ]
        ]
      },
      "id": "way/510976348"
    },
    {
      "type": "Feature",
      "properties": {
        "@id": "way/513655806",
        "cycleway:right": "lane",
        "foot": "no",
        "hgv": "designated",
        "highway": "primary",
        "lanes": "2",
        "lcn_ref": "5",
        "lit": "yes",
        "maxspeed": "30 mph",
        "name": "The Embarcadero",
        "oneway": "yes",
        "sidewalk:left": "no",
        "sidewalk:right": "separate",
        "source:hgv": "https://sfplanninggis.org/TIM/?search=3591024#searchbox",
        "surface": "asphalt",
        "tiger:cfcc": "A45",
        "tiger:county": "San Francisco, CA",
        "tiger:name_base": "The Embarcadero"
      },
      "geometry": {
        "type": "LineString",
        "coordinates": [
          [
            -122.4022038,
            37.8044391
          ],
          [
            -122.4027234,
            37.8048211
          ],
          [
            -122.4028018,
            37.8048766
          ],
          [
            -122.4028613,
            37.8049188
          ]
        ]
      },
      "id": "way/513655806"
    },
    {
      "type": "Feature",
      "properties": {
        "@id": "way/513655807",
        "change:lanes": "no|no|no",
        "cycleway:right": "lane",
        "hgv": "designated",
        "highway": "primary",
        "lanes": "3",
        "lcn_ref": "5",
        "lit": "yes",
        "maxspeed": "30 mph",
        "name": "The Embarcadero",
        "oneway": "yes",
        "overtaking": "no",
        "sidewalk:both": "no",
        "source:hgv": "https://sfplanninggis.org/TIM/?search=3591024#searchbox",
        "surface": "asphalt",
        "tiger:cfcc": "A45",
        "tiger:county": "San Francisco, CA",
        "turn:lanes": "reverse||through"
      },
      "geometry": {
        "type": "LineString",
        "coordinates": [
          [
            -122.4023931,
            37.8042762
          ],
          [
            -122.4022807,
            37.8041967
          ]
        ]
      },
      "id": "way/513655807"
    },
    {
      "type": "Feature",
      "properties": {
        "@id": "way/513676819",
        "cycleway:right": "no",
        "hgv": "designated",
        "highway": "secondary",
        "lanes": "4",
        "lit": "yes",
        "maxspeed": "30 mph",
        "name": "Bush Street",
        "oneway": "yes",
        "sidewalk": "both",
        "source:hgv": "https://sfplanninggis.org/TIM/?search=3591024#searchbox",
        "surface": "asphalt",
        "tiger:cfcc": "A41",
        "tiger:county": "San Francisco, CA",
        "tiger:name_base": "Bush",
        "tiger:name_type": "St",
        "turn:lanes": "left|left;through||"
      },
      "geometry": {
        "type": "LineString",
        "coordinates": [
          [
            -122.4047879,
            37.7906729
          ],
          [
            -122.4046908,
            37.7906852
          ]
        ]
      },
      "id": "way/513676819"
    },
    {
      "type": "Feature",
      "properties": {
        "@id": "way/513676820",
        "hgv": "designated",
        "highway": "secondary",
        "lanes": "3",
        "lanes:bus": "1",
        "maxspeed": "30 mph",
        "name": "Bush Street",
        "oneway": "yes",
        "sidewalk:both": "separate",
        "source:hgv": "https://sfplanninggis.org/TIM/?search=3591024#searchbox",
        "surface": "asphalt",
        "tiger:cfcc": "A41",
        "tiger:county": "San Francisco, CA",
        "tiger:name_base": "Bush",
        "tiger:name_type": "St",
        "trolley_wire": "yes",
        "turn:lanes": "left||"
      },
      "geometry": {
        "type": "LineString",
        "coordinates": [
          [
            -122.4010166,
            37.7911518
          ],
          [
            -122.4009639,
            37.7911583
          ],
          [
            -122.400876,
            37.7911692
          ],
          [
            -122.4007726,
            37.7911821
          ]
        ]
      },
      "id": "way/513676820"
    },
    {
      "type": "Feature",
      "properties": {
        "@id": "way/513676823",
        "cycleway:right": "no",
        "hgv": "designated",
        "highway": "secondary",
        "lanes": "3",
        "name": "Montgomery Street",
        "name:etymology:wikidata": "Q6220059",
        "oneway": "yes",
        "sidewalk:both": "separate",
        "source:hgv": "https://sfplanninggis.org/TIM/?search=3591024#searchbox",
        "surface": "asphalt",
        "tiger:cfcc": "A41",
        "tiger:county": "San Francisco, CA",
        "tiger:name_base": "Montgomery",
        "tiger:name_type": "St",
        "turn:lanes": "left||",
        "wikidata": "Q3322721"
      },
      "geometry": {
        "type": "LineString",
        "coordinates": [
          [
            -122.4024954,
            37.7914009
          ],
          [
            -122.4024481,
            37.7911677
          ]
        ]
      },
      "id": "way/513676823"
    },
    {
      "type": "Feature",
      "properties": {
        "@id": "way/513676825",
        "highway": "secondary",
        "lanes": "3",
        "name": "Montgomery Street",
        "name:etymology:wikidata": "Q6220059",
        "oneway": "yes",
        "sidewalk:both": "separate",
        "surface": "asphalt",
        "tiger:cfcc": "A41",
        "tiger:county": "San Francisco, CA",
        "tiger:name_base": "Montgomery",
        "tiger:name_type": "St",
        "wikidata": "Q3322721"
      },
      "geometry": {
        "type": "LineString",
        "coordinates": [
          [
            -122.4024099,
            37.7909791
          ],
          [
            -122.4023946,
            37.7909037
          ],
          [
            -122.4023676,
            37.7907696
          ]
        ]
      },
      "id": "way/513676825"
    },
    {
      "type": "Feature",
      "properties": {
        "@id": "way/513696612",
        "cycleway:right": "shared_lane",
        "hgv": "designated",
        "highway": "secondary",
        "lanes": "2",
        "lcn_ref": "11",
        "maxspeed": "20 mph",
        "name": "Columbus Avenue",
        "oneway": "yes",
        "source:hgv": "https://sfplanninggis.org/TIM/?search=3591024#searchbox",
        "surface": "asphalt",
        "tiger:cfcc": "A41",
        "tiger:county": "San Francisco, CA",
        "tiger:name_base": "Columbus",
        "tiger:name_type": "Ave",
        "trolley_wire": "yes",
        "turn:lanes": "left|"
      },
      "geometry": {
        "type": "LineString",
        "coordinates": [
          [
            -122.4160956,
            37.8044424
          ],
          [
            -122.41622,
            37.8045323
          ],
          [
            -122.4165243,
            37.8047477
          ]
        ]
      },
      "id": "way/513696612"
    },
    {
      "type": "Feature",
      "properties": {
        "@id": "way/513703277",
        "cycleway:right": "no",
        "highway": "secondary",
        "lanes": "3",
        "lit": "yes",
        "name": "Fremont Street",
        "name:etymology:wikidata": "Q169011",
        "oneway": "yes",
        "sidewalk": "both",
        "surface": "asphalt",
        "tiger:cfcc": "A41",
        "tiger:county": "San Francisco, CA",
        "tiger:name_base": "Fremont",
        "tiger:name_type": "St"
      },
      "geometry": {
        "type": "LineString",
        "coordinates": [
          [
            -122.3943627,
            37.788598
          ],
          [
            -122.3944382,
            37.7886601
          ]
        ]
      },
      "id": "way/513703277"
    },
    {
      "type": "Feature",
      "properties": {
        "@id": "way/513703278",
        "access": "yes",
        "cycleway": "track",
        "hgv": "designated",
        "highway": "secondary",
        "lanes": "2",
        "lanes:backward": "1",
        "lanes:forward": "1",
        "lcn_ref": "30",
        "maxspeed": "20 mph",
        "name": "Folsom Street",
        "name:etymology:wikidata": "Q3185252",
        "oneway": "no",
        "sidewalk:both": "separate",
        "source:hgv": "https://sfplanninggis.org/TIM/?search=3591024#searchbox",
        "tiger:cfcc": "A41",
        "tiger:county": "San Francisco, CA",
        "tiger:name_base": "Folsom",
        "tiger:name_type": "St"
      },
      "geometry": {
        "type": "LineString",
        "coordinates": [
          [
            -122.3933335,
            37.7882253
          ],
          [
            -122.3932358,
            37.7883196
          ],
          [
            -122.3932249,
            37.788327
          ],
          [
            -122.3928382,
            37.7886272
          ],
          [
            -122.3927566,
            37.7886922
          ]
        ]
      },
      "id": "way/513703278"
    },
    {
      "type": "Feature",
      "properties": {
        "@id": "way/513881326",
        "hgv": "designated",
        "highway": "secondary",
        "lanes": "3",
        "lanes:backward": "2",
        "lanes:forward": "1",
        "lit": "yes",
        "name": "Divisadero Street",
        "sidewalk:both": "separate",
        "source:hgv": "https://sfplanninggis.org/TIM/?search=3591024#searchbox",
        "surface": "asphalt",
        "tiger:cfcc": "A41",
        "tiger:county": "San Francisco, CA",
        "tiger:name_base": "Divisadero",
        "tiger:name_type": "St",
        "turn:lanes:backward": "left|"
      },
      "geometry": {
        "type": "LineString",
        "coordinates": [
          [
            -122.4426574,
            37.7989616
          ],
          [
            -122.4426424,
            37.7988871
          ],
          [
            -122.4426119,
            37.7987366
          ]
        ]
      },
      "id": "way/513881326"
    },
    {
      "type": "Feature",
      "properties": {
        "@id": "way/513970793",
        "change:lanes": "no|no",
        "cycleway:right": "lane",
        "hgv": "designated",
        "highway": "primary",
        "lanes": "2",
        "lcn_ref": "5",
        "maxspeed": "30 mph",
        "name": "The Embarcadero",
        "oneway": "yes",
        "overtaking": "no",
        "placement": "right_of:1",
        "sidewalk:both": "no",
        "source:hgv": "https://sfplanninggis.org/TIM/?search=3591024#searchbox",
        "surface": "asphalt",
        "tiger:cfcc": "A45",
        "tiger:county": "San Francisco, CA",
        "tiger:name_base": "The Embarcadero",
        "turn:lanes": "none|through"
      },
      "geometry": {
        "type": "LineString",
        "coordinates": [
          [
            -122.4022807,
            37.8041967
          ],
          [
            -122.4021744,
            37.8041196
          ],
          [
            -122.402118,
            37.8040676
          ],
          [
            -122.4020251,
            37.8039678
          ]
        ]
      },
      "id": "way/513970793"
    },
    {
      "type": "Feature",
      "properties": {
        "@id": "way/513976293",
        "cycleway:right": "no",
        "hgv": "designated",
        "highway": "secondary",
        "horse": "no",
        "lanes": "3",
        "lit": "yes",
        "maxspeed": "25 mph",
        "maxweight:hgv": "3 st",
        "name": "Franklin Street",
        "name:etymology:wikidata": "Q34969",
        "oneway": "yes",
        "parking:lane:both": "parallel",
        "sidewalk": "both",
        "source:hgv": "https://sfplanninggis.org/TIM/?search=3591024#searchbox",
        "surface": "asphalt",
        "tiger:cfcc": "A41",
        "tiger:county": "San Francisco, CA",
        "tiger:name_base": "Franklin",
        "tiger:name_type": "St"
      },
      "geometry": {
        "type": "LineString",
        "coordinates": [
          [
            -122.4239912,
            37.7901653
          ],
          [
            -122.4240121,
            37.7902693
          ],
          [
            -122.4241683,
            37.7910277
          ],
          [
            -122.4241848,
            37.7910959
          ]
        ]
      },
      "id": "way/513976293"
    },
    {
      "type": "Feature",
      "properties": {
        "@id": "way/513977501",
        "hgv": "designated",
        "highway": "secondary",
        "lanes": "3",
        "lit": "yes",
        "maxspeed": "30 mph",
        "name": "Bush Street",
        "oneway": "yes",
        "sidewalk": "separate",
        "source:hgv": "https://sfplanninggis.org/TIM/?search=3591024#searchbox",
        "surface": "asphalt",
        "tiger:cfcc": "A41",
        "tiger:county": "San Francisco, CA",
        "tiger:name_base": "Bush",
        "tiger:name_type": "St"
      },
      "geometry": {
        "type": "LineString",
        "coordinates": [
          [
            -122.4186753,
            37.7889065
          ],
          [
            -122.418581,
            37.7889185
          ],
          [
            -122.4171435,
            37.7891012
          ],
          [
            -122.4170349,
            37.789115
          ]
        ]
      },
      "id": "way/513977501"
    },
    {
      "type": "Feature",
      "properties": {
        "@id": "way/513977502",
        "cycleway:right": "no",
        "hgv": "designated",
        "highway": "secondary",
        "lanes": "4",
        "lit": "yes",
        "maxspeed": "30 mph",
        "name": "Bush Street",
        "oneway": "yes",
        "sidewalk": "separate",
        "source:hgv": "https://sfplanninggis.org/TIM/?search=3591024#searchbox",
        "surface": "asphalt",
        "tiger:cfcc": "A41",
        "tiger:county": "San Francisco, CA",
        "tiger:name_base": "Bush",
        "tiger:name_type": "St",
        "turn:lanes": "left|||"
      },
      "geometry": {
        "type": "LineString",
        "coordinates": [
          [
            -122.4203209,
            37.7886974
          ],
          [
            -122.4202224,
            37.7887101
          ],
          [
            -122.4198239,
            37.7887605
          ],
          [
            -122.4187805,
            37.7888931
          ],
          [
            -122.4186753,
            37.7889065
          ]
        ]
      },
      "id": "way/513977502"
    },
    {
      "type": "Feature",
      "properties": {
        "@id": "way/514139249",
        "destination": "Golden Gate Bridge",
        "destination:ref": "US 101 North",
        "highway": "motorway_link",
        "lanes": "1",
        "lit": "yes",
        "maxspeed": "25 mph",
        "oneway": "yes",
        "overtaking": "no",
        "placement": "right_of:1",
        "sidewalk": "no",
        "surface": "asphalt",
        "turn": "left"
      },
      "geometry": {
        "type": "LineString",
        "coordinates": [
          [
            -122.4514369,
            37.8032934
          ],
          [
            -122.4514071,
            37.8033405
          ],
          [
            -122.4514005,
            37.803393
          ],
          [
            -122.4514178,
            37.8034439
          ]
        ]
      },
      "id": "way/514139249"
    },
    {
      "type": "Feature",
      "properties": {
        "@id": "way/514407369",
        "cycleway": "shared_lane",
        "hgv": "designated",
        "highway": "secondary",
        "lanes": "4",
        "lanes:backward": "2",
        "lanes:forward": "2",
        "lcn_ref": "11",
        "maxspeed": "20 mph",
        "name": "Columbus Avenue",
        "sidewalk:both": "separate",
        "source:hgv": "https://sfplanninggis.org/TIM/?search=3591024#searchbox",
        "surface": "asphalt",
        "tiger:cfcc": "A41",
        "tiger:county": "San Francisco, CA",
        "tiger:name_base": "Columbus",
        "tiger:name_type": "Ave",
        "trolley_wire": "yes"
      },
      "geometry": {
        "type": "LineString",
        "coordinates": [
          [
            -122.4036185,
            37.7957573
          ],
          [
            -122.403752,
            37.7958487
          ],
          [
            -122.4040809,
            37.7960737
          ],
          [
            -122.4040967,
            37.7960845
          ],
          [
            -122.4041837,
            37.7961438
          ],
          [
            -122.4042421,
            37.7961831
          ],
          [
            -122.4043567,
            37.7962642
          ],
          [
            -122.4044278,
            37.7963079
          ]
        ]
      },
      "id": "way/514407369"
    },
    {
      "type": "Feature",
      "properties": {
        "@id": "way/514412999",
        "NHS": "STRAHNET",
        "bicycle": "yes",
        "foot": "yes",
        "hgv": "designated",
        "highway": "trunk",
        "lanes": "3",
        "lit": "yes",
        "maxspeed": "30 mph",
        "name": "Richardson Avenue",
        "name:etymology:wikidata": "Q4818023",
        "old_ref": "CA 480",
        "oneway": "yes",
        "ref": "US 101",
        "sidewalk:left": "no",
        "sidewalk:right": "separate",
        "source:hgv": "https://sfplanninggis.org/TIM/?search=3591024#searchbox",
        "surface": "asphalt",
        "tiger:cfcc": "A25",
        "tiger:county": "San Francisco, CA",
        "tiger:name_base": "Richardson",
        "tiger:name_base_1": "United States Highway 101",
        "tiger:name_type": "Ave"
      },
      "geometry": {
        "type": "LineString",
        "coordinates": [
          [
            -122.4470027,
            37.8003455
          ],
          [
            -122.4470876,
            37.8004032
          ]
        ]
      },
      "id": "way/514412999"
    },
    {
      "type": "Feature",
      "properties": {
        "@id": "way/514527342",
        "NHS": "STRAHNET",
        "bicycle": "yes",
        "cycleway:both": "no",
        "foot": "yes",
        "hgv": "designated",
        "highway": "trunk",
        "lanes": "3",
        "lit": "yes",
        "maxspeed": "25 mph",
        "name": "Lombard Street",
        "name:etymology:wikidata": "Q15242635",
        "old_ref": "CA 480",
        "oneway": "yes",
        "parking:left": "no",
        "parking:right": "lane",
        "parking:right:orientation": "parallel",
        "ref": "US 101",
        "sidewalk": "right",
        "source:hgv": "https://sfplanninggis.org/TIM/?search=3591024#searchbox",
        "surface": "asphalt",
        "tiger:cfcc": "A25",
        "tiger:county": "San Francisco, CA",
        "tiger:name_base": "United States Highway 101;Lombard:United States Highway 101",
        "tiger:name_base_1": "Lombard",
        "tiger:name_type": "St",
        "tiger:name_type_1": "St"
      },
      "geometry": {
        "type": "LineString",
        "coordinates": [
          [
            -122.4399403,
            37.7993076
          ],
          [
            -122.4395195,
            37.7993612
          ],
          [
            -122.4394384,
            37.7993715
          ],
          [
            -122.4393441,
            37.7993835
          ]
        ]
      },
      "id": "way/514527342"
    },
    {
      "type": "Feature",
      "properties": {
        "@id": "way/514527343",
        "NHS": "STRAHNET",
        "bicycle": "yes",
        "cycleway:both": "no",
        "foot": "yes",
        "hgv": "designated",
        "highway": "trunk",
        "lanes": "3",
        "lit": "yes",
        "maxspeed": "25 mph",
        "name": "Lombard Street",
        "name:etymology:wikidata": "Q15242635",
        "old_ref": "CA 480",
        "oneway": "yes",
        "parking:left": "no",
        "parking:right": "lane",
        "parking:right:orientation": "parallel",
        "ref": "US 101",
        "sidewalk": "right",
        "sidewalk:right:surface": "concrete",
        "source:hgv": "https://sfplanninggis.org/TIM/?search=3591024#searchbox",
        "surface": "asphalt",
        "tiger:cfcc": "A25;A25:A41",
        "tiger:county": "San Francisco, CA",
        "tiger:name_base": "Lombard",
        "tiger:name_base_1": "United States Highway 101",
        "tiger:name_type": "St"
      },
      "geometry": {
        "type": "LineString",
        "coordinates": [
          [
            -122.4385753,
            37.799578
          ],
          [
            -122.4391916,
            37.7994995
          ],
          [
            -122.4392692,
            37.7994896
          ],
          [
            -122.4393632,
            37.7994776
          ]
        ]
      },
      "id": "way/514527343"
    },
    {
      "type": "Feature",
      "properties": {
        "@id": "way/514591280",
        "cycleway:right": "lane",
        "hgv": "designated",
        "highway": "primary",
        "lanes": "2",
        "lcn_ref": "5",
        "lit": "yes",
        "maxspeed": "30 mph",
        "name": "The Embarcadero",
        "oneway": "yes",
        "parking:lane:right": "parallel",
        "sidewalk": "right",
        "source:hgv": "https://sfplanninggis.org/TIM/?search=3591024#searchbox",
        "surface": "asphalt",
        "tiger:cfcc": "A45",
        "tiger:county": "San Francisco, CA",
        "tiger:name_base": "The Embarcadero"
      },
      "geometry": {
        "type": "LineString",
        "coordinates": [
          [
            -122.393666,
            37.7944973
          ],
          [
            -122.3934545,
            37.7943678
          ]
        ]
      },
      "id": "way/514591280"
    },
    {
      "type": "Feature",
      "properties": {
        "@id": "way/514604867",
        "cycleway:right": "lane",
        "hgv": "designated",
        "highway": "primary",
        "lanes": "2",
        "lcn_ref": "5",
        "maxspeed": "30 mph",
        "name": "The Embarcadero",
        "oneway": "yes",
        "sidewalk:left": "no",
        "sidewalk:right": "separate",
        "source:hgv": "https://sfplanninggis.org/TIM/?search=3591024#searchbox",
        "surface": "asphalt",
        "tiger:cfcc": "A45",
        "tiger:county": "San Francisco, CA",
        "tiger:name_base": "The Embarcadero",
        "turn:lanes": "|through"
      },
      "geometry": {
        "type": "LineString",
        "coordinates": [
          [
            -122.4020251,
            37.8039678
          ],
          [
            -122.401927,
            37.803854
          ],
          [
            -122.4018933,
            37.8038159
          ]
        ]
      },
      "id": "way/514604867"
    },
    {
      "type": "Feature",
      "properties": {
        "@id": "way/514650997",
        "hgv": "designated",
        "highway": "secondary",
        "lanes": "2",
        "lcn_ref": "11",
        "maxspeed": "20 mph",
        "name": "Columbus Avenue",
        "sidewalk:both": "separate",
        "source:hgv": "https://sfplanninggis.org/TIM/?search=3591024#searchbox",
        "surface": "asphalt",
        "tiger:cfcc": "A41",
        "tiger:county": "San Francisco, CA",
        "tiger:name_base": "Columbus",
        "tiger:name_type": "Ave",
        "trolley_wire": "yes"
      },
      "geometry": {
        "type": "LineString",
        "coordinates": [
          [
            -122.4137205,
            37.8027514
          ],
          [
            -122.4138648,
            37.8028504
          ],
          [
            -122.4144515,
            37.8032501
          ],
          [
            -122.4146262,
            37.8033693
          ]
        ]
      },
      "id": "way/514650997"
    },
    {
      "type": "Feature",
      "properties": {
        "@id": "way/514667727",
        "cycleway:right": "shared_lane",
        "hgv": "designated",
        "highway": "primary",
        "lanes": "2",
        "lcn_ref": "210",
        "lit": "yes",
        "name": "Broadway",
        "oneway": "yes",
        "sidewalk:left": "no",
        "sidewalk:right": "separate",
        "source:hgv": "https://sfplanninggis.org/TIM/?search=3591024#searchbox",
        "surface": "asphalt",
        "tiger:cfcc": "A41;A45",
        "tiger:county": "San Francisco, CA",
        "tiger:name_base": "Robert C Levy;Broadway",
        "tiger:name_base_1": "Broadway",
        "tiger:name_type": "Tunl;St"
      },
      "geometry": {
        "type": "LineString",
        "coordinates": [
          [
            -122.4216901,
            37.7959951
          ],
          [
            -122.4217864,
            37.7959543
          ]
        ]
      },
      "id": "way/514667727"
    },
    {
      "type": "Feature",
      "properties": {
        "@id": "way/514667745",
        "cycleway:right": "shared_lane",
        "cycleway:right:lane": "pictogram",
        "hgv": "designated",
        "highway": "primary",
        "lanes": "2",
        "lcn_ref": "210",
        "lit": "yes",
        "name": "Broadway",
        "oneway": "yes",
        "sidewalk:left": "no",
        "sidewalk:right": "separate",
        "source:hgv": "https://sfplanninggis.org/TIM/?search=3591024#searchbox",
        "surface": "asphalt",
        "tiger:cfcc": "A41",
        "tiger:county": "San Francisco, CA",
        "tiger:name_base": "Robert C Levy;Broadway",
        "tiger:name_base_1": "Broadway",
        "tiger:name_type": "Tunl;St"
      },
      "geometry": {
        "type": "LineString",
        "coordinates": [
          [
            -122.4217864,
            37.7959543
          ],
          [
            -122.4216773,
            37.795928
          ]
        ]
      },
      "id": "way/514667745"
    },
    {
      "type": "Feature",
      "properties": {
        "@id": "way/514669003",
        "cycleway:right": "shared_lane",
        "hgv": "designated",
        "highway": "primary",
        "lanes": "2",
        "lcn_ref": "210",
        "name": "Broadway",
        "name_1": "Broadway",
        "oneway": "yes",
        "sidewalk:left": "no",
        "sidewalk:right": "separate",
        "source:hgv": "https://sfplanninggis.org/TIM/?search=3591024#searchbox",
        "tiger:cfcc": "A41",
        "tiger:county": "San Francisco, CA",
        "tiger:name_base": "Robert C Levy;Broadway",
        "tiger:name_base_1": "Broadway",
        "tiger:name_type": "Tunl;St"
      },
      "geometry": {
        "type": "LineString",
        "coordinates": [
          [
            -122.4203043,
            37.79605
          ],
          [
            -122.4202303,
            37.7960546
          ],
          [
            -122.42021,
            37.796056
          ],
          [
            -122.42012,
            37.7960631
          ]
        ]
      },
      "id": "way/514669003"
    },
    {
      "type": "Feature",
      "properties": {
        "@id": "way/514671063",
        "cycleway:both": "shared_lane",
        "cycleway:both:lane": "pictogram",
        "hgv": "designated",
        "highway": "primary",
        "lanes": "4",
        "lcn_ref": "10",
        "lit": "yes",
        "maxspeed": "20 mph",
        "name": "Broadway",
        "sidewalk:both": "separate",
        "source:hgv": "https://sfplanninggis.org/TIM/?search=3591024#searchbox",
        "surface": "asphalt",
        "tiger:cfcc": "A41",
        "tiger:county": "San Francisco, CA",
        "tiger:name_base": "Broadway",
        "tiger:name_base_1": "Broadway",
        "tiger:name_type": "St"
      },
      "geometry": {
        "type": "LineString",
        "coordinates": [
          [
            -122.409723,
            37.7974894
          ],
          [
            -122.4090497,
            37.7975752
          ]
        ]
      },
      "id": "way/514671063"
    },
    {
      "type": "Feature",
      "properties": {
        "@id": "way/514671065",
        "cycleway": "shared_lane",
        "hgv": "designated",
        "highway": "primary",
        "lanes": "4",
        "lcn_ref": "10",
        "lit": "yes",
        "maxspeed": "20 mph",
        "name": "Broadway",
        "sidewalk:both": "separate",
        "source:hgv": "https://sfplanninggis.org/TIM/?search=3591024#searchbox",
        "tiger:cfcc": "A41",
        "tiger:county": "San Francisco, CA",
        "tiger:name_base": "Broadway",
        "tiger:name_base_1": "Broadway",
        "tiger:name_type": "St"
      },
      "geometry": {
        "type": "LineString",
        "coordinates": [
          [
            -122.410275,
            37.7974095
          ],
          [
            -122.4101648,
            37.7974253
          ],
          [
            -122.409723,
            37.7974894
          ]
        ]
      },
      "id": "way/514671065"
    },
    {
      "type": "Feature",
      "properties": {
        "@id": "way/514675663",
        "cycleway:right": "shared_lane",
        "hgv": "designated",
        "highway": "primary",
        "lanes": "4",
        "lcn_ref": "10",
        "maxspeed": "20 mph",
        "name": "Broadway",
        "sidewalk:both": "separate",
        "source:hgv": "https://sfplanninggis.org/TIM/?search=3591024#searchbox",
        "surface": "asphalt",
        "tiger:cfcc": "A41",
        "tiger:county": "San Francisco, CA",
        "tiger:name_base": "Broadway",
        "tiger:name_base_1": "Broadway",
        "tiger:name_type": "St"
      },
      "geometry": {
        "type": "LineString",
        "coordinates": [
          [
            -122.4062538,
            37.7979238
          ],
          [
            -122.4059272,
            37.7979655
          ]
        ]
      },
      "id": "way/514675663"
    },
    {
      "type": "Feature",
      "properties": {
        "@id": "way/516129277",
        "NHS": "STRAHNET",
        "bicycle": "yes",
        "foot": "yes",
        "hgv": "designated",
        "highway": "trunk",
        "lanes": "3",
        "lit": "yes",
        "maxspeed": "30 mph",
        "name": "Richardson Avenue",
        "name:etymology:wikidata": "Q4818023",
        "old_ref": "CA 480",
        "oneway": "yes",
        "ref": "US 101",
        "sidewalk:left": "no",
        "sidewalk:right": "separate",
        "source:hgv": "https://sfplanninggis.org/TIM/?search=3591024#searchbox",
        "surface": "asphalt",
        "turn:lanes": "through|through|through"
      },
      "geometry": {
        "type": "LineString",
        "coordinates": [
          [
            -122.447663,
            37.800801
          ],
          [
            -122.44779,
            37.8008879
          ],
          [
            -122.447811,
            37.8009046
          ],
          [
            -122.447827,
            37.8009152
          ],
          [
            -122.4479569,
            37.8010027
          ]
        ]
      },
      "id": "way/516129277"
    },
    {
      "type": "Feature",
      "properties": {
        "@id": "way/517260065",
        "cycleway": "shared_lane",
        "hgv": "designated",
        "highway": "secondary",
        "lanes": "4",
        "lcn_ref": "11",
        "lit": "yes",
        "maxspeed": "20 mph",
        "name": "Columbus Avenue",
        "sidewalk:both": "separate",
        "source:hgv": "https://sfplanninggis.org/TIM/?search=3591024#searchbox",
        "surface": "asphalt",
        "tiger:cfcc": "A41",
        "tiger:county": "San Francisco, CA",
        "tiger:name_base": "Columbus",
        "tiger:name_type": "Ave",
        "trolley_wire": "yes"
      },
      "geometry": {
        "type": "LineString",
        "coordinates": [
          [
            -122.4072114,
            37.7982286
          ],
          [
            -122.4078073,
            37.7986304
          ],
          [
            -122.4078885,
            37.7986957
          ]
        ]
      },
      "id": "way/517260065"
    },
    {
      "type": "Feature",
      "properties": {
        "@id": "way/527829956",
        "NHS": "STRAHNET",
        "bicycle": "yes",
        "hgv": "designated",
        "highway": "trunk",
        "lanes": "2",
        "lit": "yes",
        "maxspeed": "25 mph",
        "name": "Van Ness Avenue",
        "name:etymology:wikidata": "Q6144602",
        "old_name": "Marlette Street",
        "oneway": "yes",
        "ref": "US 101",
        "sidewalk": "separate",
        "source:hgv": "https://sfplanninggis.org/TIM/?search=3591024#searchbox",
        "tiger:cfcc": "A25",
        "tiger:county": "San Francisco, CA",
        "tiger:name_base": "United States Highway 101",
        "tiger:name_base_1": "Van Ness",
        "tiger:name_type_1": "Ave",
        "trolley_wire": "yes",
        "turn:lanes": "through|"
      },
      "geometry": {
        "type": "LineString",
        "coordinates": [
          [
            -122.4220776,
            37.7884744
          ],
          [
            -122.4220624,
            37.7883956
          ],
          [
            -122.4220242,
            37.7881811
          ],
          [
            -122.4220052,
            37.788008
          ],
          [
            -122.4219272,
            37.7876237
          ],
          [
            -122.4219002,
            37.7875431
          ]
        ]
      },
      "id": "way/527829956"
    },
    {
      "type": "Feature",
      "properties": {
        "@id": "way/527829963",
        "NHS": "STRAHNET",
        "bicycle": "yes",
        "hgv": "designated",
        "highway": "trunk",
        "lanes": "3",
        "lit": "yes",
        "maxspeed": "25 mph",
        "name": "Van Ness Avenue",
        "name:etymology:wikidata": "Q6144602",
        "old_name": "Marlette Street",
        "oneway": "yes",
        "ref": "US 101",
        "sidewalk": "separate",
        "source:hgv": "https://sfplanninggis.org/TIM/?search=3591024#searchbox",
        "tiger:cfcc": "A25",
        "tiger:county": "San Francisco, CA",
        "tiger:name_base": "United States Highway 101",
        "tiger:name_base_1": "Van Ness",
        "tiger:name_type_1": "Ave",
        "trolley_wire": "yes"
      },
      "geometry": {
        "type": "LineString",
        "coordinates": [
          [
            -122.4224452,
            37.7903235
          ],
          [
            -122.4224348,
            37.7902714
          ],
          [
            -122.4223828,
            37.7900121
          ],
          [
            -122.4223263,
            37.7897534
          ],
          [
            -122.4223024,
            37.7896505
          ]
        ]
      },
      "id": "way/527829963"
    },
    {
      "type": "Feature",
      "properties": {
        "@id": "way/527829964",
        "hgv": "designated",
        "highway": "secondary",
        "lanes": "3",
        "lit": "yes",
        "maxspeed": "30 mph",
        "name": "Bush Street",
        "oneway": "yes",
        "sidewalk": "both",
        "source:hgv": "https://sfplanninggis.org/TIM/?search=3591024#searchbox",
        "surface": "asphalt",
        "tiger:cfcc": "A41",
        "tiger:county": "San Francisco, CA",
        "tiger:name_base": "Bush",
        "tiger:name_type": "St"
      },
      "geometry": {
        "type": "LineString",
        "coordinates": [
          [
            -122.4220776,
            37.7884744
          ],
          [
            -122.4219635,
            37.7884891
          ],
          [
            -122.421853,
            37.7885033
          ]
        ]
      },
      "id": "way/527829964"
    },
    {
      "type": "Feature",
      "properties": {
        "@id": "way/527829966",
        "NHS": "STRAHNET",
        "bicycle": "yes",
        "hgv": "designated",
        "highway": "trunk",
        "lanes": "3",
        "lit": "yes",
        "maxspeed": "25 mph",
        "name": "Van Ness Avenue",
        "name:etymology:wikidata": "Q6144602",
        "old_name": "Marlette Street",
        "oneway": "yes",
        "ref": "US 101",
        "shoulder": "both",
        "sidewalk": "separate",
        "source:hgv": "https://sfplanninggis.org/TIM/?search=3591024#searchbox",
        "tiger:cfcc": "A25",
        "tiger:county": "San Francisco, CA",
        "tiger:name_base": "United States Highway 101",
        "tiger:name_base_1": "Van Ness",
        "tiger:name_type_1": "Ave",
        "trolley_wire": "yes"
      },
      "geometry": {
        "type": "LineString",
        "coordinates": [
          [
            -122.422057,
            37.7894331
          ],
          [
            -122.4220752,
            37.7895179
          ],
          [
            -122.422234,
            37.7902972
          ],
          [
            -122.422243,
            37.790343
          ]
        ]
      },
      "id": "way/527829966"
    },
    {
      "type": "Feature",
      "properties": {
        "@id": "way/527829973",
        "NHS": "STRAHNET",
        "bicycle": "yes",
        "hgv": "designated",
        "highway": "trunk",
        "lanes": "2",
        "lit": "yes",
        "maxspeed": "25 mph",
        "name": "Van Ness Avenue",
        "name:etymology:wikidata": "Q6144602",
        "old_name": "Marlette Street",
        "oneway": "yes",
        "ref": "US 101",
        "sidewalk": "separate",
        "source:hgv": "https://sfplanninggis.org/TIM/?search=3591024#searchbox",
        "trolley_wire": "yes"
      },
      "geometry": {
        "type": "LineString",
        "coordinates": [
          [
            -122.4229878,
            37.793049
          ],
          [
            -122.4229745,
            37.792984
          ],
          [
            -122.4228814,
            37.7925451
          ],
          [
            -122.4228234,
            37.7922555
          ],
          [
            -122.4228084,
            37.7921673
          ]
        ]
      },
      "id": "way/527829973"
    },
    {
      "type": "Feature",
      "properties": {
        "@id": "way/527829975",
        "NHS": "STRAHNET",
        "bicycle": "yes",
        "hgv": "designated",
        "highway": "trunk",
        "lanes": "2",
        "lit": "yes",
        "maxspeed": "25 mph",
        "name": "Van Ness Avenue",
        "name:etymology:wikidata": "Q6144602",
        "old_name": "Marlette Street",
        "oneway": "yes",
        "ref": "US 101",
        "sidewalk": "separate",
        "source:hgv": "https://sfplanninggis.org/TIM/?search=3591024#searchbox",
        "trolley_wire": "yes"
      },
      "geometry": {
        "type": "LineString",
        "coordinates": [
          [
            -122.4231794,
            37.7939283
          ],
          [
            -122.4231564,
            37.7938621
          ],
          [
            -122.4230028,
            37.793123
          ],
          [
            -122.4229878,
            37.793049
          ]
        ]
      },
      "id": "way/527829975"
    },
    {
      "type": "Feature",
      "properties": {
        "@id": "way/527829976",
        "NHS": "STRAHNET",
        "bicycle": "yes",
        "hgv": "designated",
        "highway": "trunk",
        "lanes": "2",
        "lit": "yes",
        "maxspeed": "25 mph",
        "name": "Van Ness Avenue",
        "name:etymology:wikidata": "Q6144602",
        "old_name": "Marlette Street",
        "oneway": "yes",
        "ref": "US 101",
        "sidewalk": "separate",
        "source:hgv": "https://sfplanninggis.org/TIM/?search=3591024#searchbox",
        "trolley_wire": "yes",
        "turn:lanes": "through|none"
      },
      "geometry": {
        "type": "LineString",
        "coordinates": [
          [
            -122.4231382,
            37.7948322
          ],
          [
            -122.4231668,
            37.7949085
          ],
          [
            -122.4232355,
            37.7952572
          ],
          [
            -122.4232998,
            37.7956617
          ],
          [
            -122.4233157,
            37.7957601
          ]
        ]
      },
      "id": "way/527829976"
    },
    {
      "type": "Feature",
      "properties": {
        "@id": "way/527829981",
        "NHS": "STRAHNET",
        "bicycle": "yes",
        "hgv": "designated",
        "highway": "trunk",
        "lanes": "2",
        "lit": "yes",
        "maxspeed": "25 mph",
        "name": "Van Ness Avenue",
        "name:etymology:wikidata": "Q6144602",
        "old_name": "Marlette Street",
        "oneway": "yes",
        "ref": "US 101",
        "sidewalk": "separate",
        "source:hgv": "https://sfplanninggis.org/TIM/?search=3591024#searchbox",
        "surface": "asphalt",
        "trolley_wire": "yes"
      },
      "geometry": {
        "type": "LineString",
        "coordinates": [
          [
            -122.4239111,
            37.7976138
          ],
          [
            -122.423896,
            37.7975452
          ],
          [
            -122.4238271,
            37.7972084
          ],
          [
            -122.4238068,
            37.7970308
          ],
          [
            -122.4237548,
            37.7967686
          ],
          [
            -122.4237415,
            37.7966763
          ]
        ]
      },
      "id": "way/527829981"
    },
    {
      "type": "Feature",
      "properties": {
        "@id": "way/527829985",
        "NHS": "STRAHNET",
        "bicycle": "yes",
        "hgv": "designated",
        "highway": "trunk",
        "lanes": "2",
        "lit": "yes",
        "maxspeed": "25 mph",
        "name": "Van Ness Avenue",
        "name:etymology:wikidata": "Q6144602",
        "old_name": "Marlette Street",
        "oneway": "yes",
        "ref": "US 101",
        "sidewalk": "separate",
        "source:hgv": "https://sfplanninggis.org/TIM/?search=3591024#searchbox",
        "surface": "asphalt",
        "trolley_wire": "yes"
      },
      "geometry": {
        "type": "LineString",
        "coordinates": [
          [
            -122.4241059,
            37.798544
          ],
          [
            -122.424083,
            37.7984603
          ],
          [
            -122.4239291,
            37.7976982
          ],
          [
            -122.4239111,
            37.7976138
          ]
        ]
      },
      "id": "way/527829985"
    },
    {
      "type": "Feature",
      "properties": {
        "@id": "way/527829987",
        "NHS": "STRAHNET",
        "bicycle": "yes",
        "hgv": "designated",
        "highway": "trunk",
        "lanes": "2",
        "lit": "yes",
        "maxspeed": "25 mph",
        "name": "Van Ness Avenue",
        "name:etymology:wikidata": "Q6144602",
        "old_name": "Marlette Street",
        "oneway": "yes",
        "ref": "US 101",
        "sidewalk": "separate",
        "source:hgv": "https://sfplanninggis.org/TIM/?search=3591024#searchbox",
        "surface": "asphalt",
        "trolley_wire": "yes"
      },
      "geometry": {
        "type": "LineString",
        "coordinates": [
          [
            -122.4242879,
            37.7994815
          ],
          [
            -122.4242724,
            37.7994064
          ],
          [
            -122.4242491,
            37.7992901
          ],
          [
            -122.4242246,
            37.7991629
          ],
          [
            -122.424204,
            37.7990105
          ],
          [
            -122.4241499,
            37.7987389
          ],
          [
            -122.4241292,
            37.7986353
          ],
          [
            -122.4241059,
            37.798544
          ]
        ]
      },
      "id": "way/527829987"
    },
    {
      "type": "Feature",
      "properties": {
        "@id": "way/527829989",
        "NHS": "STRAHNET",
        "bicycle": "yes",
        "hgv": "designated",
        "highway": "trunk",
        "lanes": "2",
        "lit": "yes",
        "maxspeed": "25 mph",
        "name": "Van Ness Avenue",
        "name:etymology:wikidata": "Q6144602",
        "old_name": "Marlette Street",
        "oneway": "yes",
        "ref": "US 101",
        "sidewalk": "separate",
        "source:hgv": "https://sfplanninggis.org/TIM/?search=3591024#searchbox",
        "surface": "asphalt",
        "trolley_wire": "yes"
      },
      "geometry": {
        "type": "LineString",
        "coordinates": [
          [
            -122.4244841,
            37.8004097
          ],
          [
            -122.4244639,
            37.8003361
          ],
          [
            -122.4243136,
            37.7996057
          ],
          [
            -122.4243043,
            37.7995611
          ],
          [
            -122.4242879,
            37.7994815
          ]
        ]
      },
      "id": "way/527829989"
    },
    {
      "type": "Feature",
      "properties": {
        "@id": "way/527829990",
        "NHS": "STRAHNET",
        "bicycle": "yes",
        "hgv": "designated",
        "highway": "trunk",
        "lanes": "2",
        "lit": "yes",
        "maxspeed": "25 mph",
        "name": "Van Ness Avenue",
        "name:etymology:wikidata": "Q6144602",
        "old_name": "Marlette Street",
        "oneway": "yes",
        "parking:both": "no",
        "ref": "US 101",
        "sidewalk": "separate",
        "source:hgv": "https://sfplanninggis.org/TIM/?search=3591024#searchbox",
        "surface": "asphalt",
        "trolley_wire": "yes"
      },
      "geometry": {
        "type": "LineString",
        "coordinates": [
          [
            -122.4246481,
            37.801261
          ],
          [
            -122.4246365,
            37.8011763
          ],
          [
            -122.4245156,
            37.8005348
          ],
          [
            -122.4245045,
            37.8004834
          ],
          [
            -122.4244841,
            37.8004097
          ]
        ]
      },
      "id": "way/527829990"
    },
    {
      "type": "Feature",
      "properties": {
        "@id": "way/527857388",
        "NHS": "STRAHNET",
        "bicycle": "yes",
        "hgv": "designated",
        "highway": "trunk",
        "lanes": "2",
        "lit": "yes",
        "maxspeed": "25 mph",
        "name": "Van Ness Avenue",
        "name:etymology:wikidata": "Q6144602",
        "old_name": "Marlette Street",
        "oneway": "yes",
        "ref": "US 101",
        "sidewalk": "separate",
        "source:hgv": "https://sfplanninggis.org/TIM/?search=3591024#searchbox",
        "surface": "asphalt",
        "trolley_wire": "yes"
      },
      "geometry": {
        "type": "LineString",
        "coordinates": [
          [
            -122.4238955,
            37.7985711
          ],
          [
            -122.4239258,
            37.7986599
          ],
          [
            -122.4239985,
            37.798978
          ],
          [
            -122.4240749,
            37.7993858
          ],
          [
            -122.424083,
            37.7994274
          ],
          [
            -122.4240986,
            37.7995102
          ]
        ]
      },
      "id": "way/527857388"
    },
    {
      "type": "Feature",
      "properties": {
        "@id": "way/527857390",
        "NHS": "STRAHNET",
        "bicycle": "yes",
        "hgv": "designated",
        "highway": "trunk",
        "lanes": "2",
        "lit": "yes",
        "maxspeed": "25 mph",
        "name": "Van Ness Avenue",
        "name:etymology:wikidata": "Q6144602",
        "old_name": "Marlette Street",
        "oneway": "yes",
        "ref": "US 101",
        "sidewalk": "separate",
        "source:hgv": "https://sfplanninggis.org/TIM/?search=3591024#searchbox",
        "surface": "asphalt",
        "trolley_wire": "yes"
      },
      "geometry": {
        "type": "LineString",
        "coordinates": [
          [
            -122.4237181,
            37.7976382
          ],
          [
            -122.4237364,
            37.7977212
          ],
          [
            -122.4237557,
            37.7978179
          ],
          [
            -122.4237768,
            37.7980151
          ],
          [
            -122.4238528,
            37.7983919
          ],
          [
            -122.4238743,
            37.798491
          ],
          [
            -122.4238955,
            37.7985711
          ]
        ]
      },
      "id": "way/527857390"
    },
    {
      "type": "Feature",
      "properties": {
        "@id": "way/527857392",
        "NHS": "STRAHNET",
        "bicycle": "yes",
        "hgv": "designated",
        "highway": "trunk",
        "lanes": "2",
        "lit": "yes",
        "maxspeed": "25 mph",
        "name": "Van Ness Avenue",
        "name:etymology:wikidata": "Q6144602",
        "old_name": "Marlette Street",
        "oneway": "yes",
        "ref": "US 101",
        "sidewalk": "separate",
        "source:hgv": "https://sfplanninggis.org/TIM/?search=3591024#searchbox",
        "surface": "asphalt",
        "trolley_wire": "yes"
      },
      "geometry": {
        "type": "LineString",
        "coordinates": [
          [
            -122.4235077,
            37.7967069
          ],
          [
            -122.4235234,
            37.7967963
          ],
          [
            -122.4236253,
            37.7972782
          ],
          [
            -122.4236816,
            37.7974596
          ],
          [
            -122.4237032,
            37.7975685
          ],
          [
            -122.4237181,
            37.7976382
          ]
        ]
      },
      "id": "way/527857392"
    },
    {
      "type": "Feature",
      "properties": {
        "@id": "way/527857393",
        "NHS": "STRAHNET",
        "bicycle": "yes",
        "hgv": "designated",
        "highway": "trunk",
        "lanes": "2",
        "maxspeed": "25 mph",
        "name": "Van Ness Avenue",
        "name:etymology:wikidata": "Q6144602",
        "old_name": "Marlette Street",
        "oneway": "yes",
        "ref": "US 101",
        "sidewalk": "separate",
        "source:hgv": "https://sfplanninggis.org/TIM/?search=3591024#searchbox",
        "surface": "asphalt",
        "trolley_wire": "yes"
      },
      "geometry": {
        "type": "LineString",
        "coordinates": [
          [
            -122.4233157,
            37.7957601
          ],
          [
            -122.4233343,
            37.7958557
          ],
          [
            -122.4234143,
            37.7962526
          ],
          [
            -122.4234212,
            37.7962914
          ],
          [
            -122.4234954,
            37.7966374
          ],
          [
            -122.4235077,
            37.7967069
          ]
        ]
      },
      "id": "way/527857393"
    },
    {
      "type": "Feature",
      "properties": {
        "@id": "way/527857394",
        "NHS": "STRAHNET",
        "bicycle": "yes",
        "hgv": "designated",
        "highway": "trunk",
        "lanes": "2",
        "lit": "yes",
        "maxspeed": "25 mph",
        "name": "Van Ness Avenue",
        "name:etymology:wikidata": "Q6144602",
        "old_name": "Marlette Street",
        "oneway": "yes",
        "ref": "US 101",
        "sidewalk": "separate",
        "source:hgv": "https://sfplanninggis.org/TIM/?search=3591024#searchbox",
        "trolley_wire": "yes"
      },
      "geometry": {
        "type": "LineString",
        "coordinates": [
          [
            -122.4235533,
            37.7957299
          ],
          [
            -122.4235284,
            37.7956334
          ],
          [
            -122.4234819,
            37.7954913
          ],
          [
            -122.4234481,
            37.7953098
          ],
          [
            -122.4233608,
            37.7948845
          ],
          [
            -122.4233435,
            37.7948053
          ]
        ]
      },
      "id": "way/527857394"
    },
    {
      "type": "Feature",
      "properties": {
        "@id": "way/527857397",
        "NHS": "STRAHNET",
        "bicycle": "yes",
        "hgv": "designated",
        "highway": "trunk",
        "lanes": "2",
        "lit": "yes",
        "maxspeed": "25 mph",
        "name": "Van Ness Avenue",
        "name:etymology:wikidata": "Q6144602",
        "old_name": "Marlette Street",
        "oneway": "yes",
        "ref": "US 101",
        "sidewalk": "separate",
        "source:hgv": "https://sfplanninggis.org/TIM/?search=3591024#searchbox",
        "trolley_wire": "yes"
      },
      "geometry": {
        "type": "LineString",
        "coordinates": [
          [
            -122.422974,
            37.7939531
          ],
          [
            -122.4229892,
            37.7940238
          ],
          [
            -122.423015,
            37.7942715
          ],
          [
            -122.4231154,
            37.7947688
          ],
          [
            -122.4231382,
            37.7948322
          ]
        ]
      },
      "id": "way/527857397"
    },
    {
      "type": "Feature",
      "properties": {
        "@id": "way/527857399",
        "NHS": "STRAHNET",
        "bicycle": "yes",
        "hgv": "designated",
        "highway": "trunk",
        "lanes": "2",
        "lit": "yes",
        "maxspeed": "25 mph",
        "name": "Van Ness Avenue",
        "name:etymology:wikidata": "Q6144602",
        "old_name": "Marlette Street",
        "oneway": "yes",
        "ref": "US 101",
        "sidewalk": "separate",
        "source:hgv": "https://sfplanninggis.org/TIM/?search=3591024#searchbox",
        "trolley_wire": "yes"
      },
      "geometry": {
        "type": "LineString",
        "coordinates": [
          [
            -122.4227954,
            37.7930728
          ],
          [
            -122.4228103,
            37.7931473
          ],
          [
            -122.4229591,
            37.7938867
          ],
          [
            -122.422974,
            37.7939531
          ]
        ]
      },
      "id": "way/527857399"
    },
    {
      "type": "Feature",
      "properties": {
        "@id": "way/527857404",
        "NHS": "STRAHNET",
        "bicycle": "yes",
        "hgv": "designated",
        "highway": "trunk",
        "lanes": "3",
        "lit": "yes",
        "maxspeed": "25 mph",
        "name": "Van Ness Avenue",
        "name:etymology:wikidata": "Q6144602",
        "old_name": "Marlette Street",
        "oneway": "yes",
        "ref": "US 101",
        "sidewalk": "separate",
        "source:hgv": "https://sfplanninggis.org/TIM/?search=3591024#searchbox",
        "tiger:cfcc": "A25",
        "tiger:county": "San Francisco, CA",
        "tiger:name_base": "United States Highway 101",
        "tiger:name_base_1": "Van Ness",
        "tiger:name_type_1": "Ave",
        "trolley_wire": "yes"
      },
      "geometry": {
        "type": "LineString",
        "coordinates": [
          [
            -122.421678,
            37.7875714
          ],
          [
            -122.4216933,
            37.7876536
          ],
          [
            -122.421731,
            37.7878568
          ],
          [
            -122.4217517,
            37.7880378
          ],
          [
            -122.4218303,
            37.7884253
          ],
          [
            -122.421853,
            37.7885033
          ]
        ]
      },
      "id": "way/527857404"
    },
    {
      "type": "Feature",
      "properties": {
        "@id": "way/529547987",
        "bicycle": "no",
        "destination": "San Francisco",
        "destination:ref": "US 101 South Toll",
        "highway": "motorway_link",
        "lanes": "1",
        "lit": "yes",
        "maxspeed": "55 mph",
        "oneway": "yes",
        "surface": "asphalt",
        "toll": "no"
      },
      "geometry": {
        "type": "LineString",
        "coordinates": [
          [
            -122.483883,
            37.8356521
          ],
          [
            -122.4838462,
            37.8358235
          ],
          [
            -122.4838411,
            37.8358545
          ],
          [
            -122.4838408,
            37.8358815
          ],
          [
            -122.4838464,
            37.8359052
          ],
          [
            -122.4838555,
            37.83593
          ],
          [
            -122.4838685,
            37.835953
          ],
          [
            -122.483888,
            37.8359763
          ],
          [
            -122.4839099,
            37.8360004
          ],
          [
            -122.4839279,
            37.8360169
          ],
          [
            -122.4839489,
            37.8360295
          ],
          [
            -122.4839782,
            37.8360403
          ]
        ]
      },
      "id": "way/529547987"
    },
    {
      "type": "Feature",
      "properties": {
        "@id": "way/537838948",
        "NHS": "STRAHNET",
        "bicycle": "no",
        "bridge": "yes",
        "bridge:name": "Golden Gate",
        "bridge:structure": "suspension",
        "colour": "orange",
        "cycleway": "no",
        "foot": "no",
        "hgv": "designated",
        "highway": "motorway",
        "historic": "yes",
        "lanes": "3",
        "lanes:conditional": "2 @ (Tu-Fr 15:30-17:00)",
        "layer": "1",
        "lit": "yes",
        "maxspeed": "45 mph",
        "name": "Golden Gate Bridge",
        "oneway": "yes",
        "ref": "US 101;CA 1",
        "sidewalk": "separate",
        "source": "Bing",
        "source:hgv": "https://sfplanninggis.org/TIM/?search=3591024#searchbox",
        "start_date": "1937-05-27",
        "surface": "asphalt",
        "tiger:cfcc": "A25;A11;A29",
        "tiger:name_base": "United States Highway 101;Redwood;Golden Gate",
        "tiger:name_base_1": "Golden Gate",
        "tiger:name_type": "Hwy;Brg",
        "tiger:name_type_1": "Brg",
        "toll": "yes",
        "wikidata": "Q44440",
        "wikipedia": "en:Golden Gate Bridge"
      },
      "geometry": {
        "type": "LineString",
        "coordinates": [
          [
            -122.4806519,
            37.8321173
          ],
          [
            -122.4806112,
            37.8320766
          ],
          [
            -122.4805139,
            37.8319687
          ],
          [
            -122.4804276,
            37.8318619
          ],
          [
            -122.4803387,
            37.8317434
          ],
          [
            -122.4802487,
            37.8316098
          ],
          [
            -122.4801782,
            37.8314908
          ],
          [
            -122.4801126,
            37.8313618
          ],
          [
            -122.4800577,
            37.8312368
          ],
          [
            -122.4800075,
            37.831107
          ],
          [
            -122.4799646,
            37.8309799
          ],
          [
            -122.4799297,
            37.8308434
          ],
          [
            -122.4799027,
            37.8307154
          ],
          [
            -122.4798827,
            37.8305807
          ],
          [
            -122.4798626,
            37.8304218
          ],
          [
            -122.4798443,
            37.8302731
          ],
          [
            -122.4774289,
            37.8096313
          ],
          [
            -122.4774127,
            37.8095254
          ],
          [
            -122.4773906,
            37.8094171
          ],
          [
            -122.4773633,
            37.8093078
          ],
          [
            -122.4773309,
            37.8092064
          ],
          [
            -122.4772933,
            37.8091026
          ],
          [
            -122.4772423,
            37.8089881
          ],
          [
            -122.4771793,
            37.8088631
          ],
          [
            -122.477115,
            37.8087486
          ],
          [
            -122.4770418,
            37.808634
          ],
          [
            -122.4769644,
            37.808527
          ],
          [
            -122.4768802,
            37.8084201
          ],
          [
            -122.4767787,
            37.8083033
          ],
          [
            -122.4766829,
            37.8081894
          ],
          [
            -122.4765748,
            37.8080612
          ]
        ]
      },
      "id": "way/537838948"
    },
    {
      "type": "Feature",
      "properties": {
        "@id": "way/542267274",
        "bicycle": "yes",
        "foot": "yes",
        "highway": "primary",
        "lanes": "1",
        "lit": "yes",
        "maxspeed": "30 mph",
        "name": "Lombard Street",
        "name:etymology:wikidata": "Q15242635",
        "old_ref": "CA 480",
        "oneway": "yes",
        "sidewalk": "right",
        "surface": "asphalt"
      },
      "geometry": {
        "type": "LineString",
        "coordinates": [
          [
            -122.4246481,
            37.801261
          ],
          [
            -122.4244883,
            37.8013485
          ]
        ]
      },
      "id": "way/542267274"
    },
    {
      "type": "Feature",
      "properties": {
        "@id": "way/543637222",
        "bicycle": "no",
        "destination": "View Area",
        "destination:symbol": "parking",
        "highway": "motorway_link",
        "lanes": "1",
        "lit": "yes",
        "maxspeed": "35 mph",
        "oneway": "yes",
        "placement": "right_of:1",
        "tiger:cfcc": "A41",
        "tiger:name_base": "Hwt 101 N Off",
        "tiger:name_type": "Ramp",
        "toll": "no",
        "turn": "left"
      },
      "geometry": {
        "type": "LineString",
        "coordinates": [
          [
            -122.474211,
            37.8069999
          ],
          [
            -122.4740013,
            37.8071024
          ],
          [
            -122.4739785,
            37.8071486
          ]
        ]
      },
      "id": "way/543637222"
    },
    {
      "type": "Feature",
      "properties": {
        "@id": "way/546027230",
        "destination:ref": "US 101 North",
        "highway": "motorway_link",
        "lanes": "1",
        "lit": "yes",
        "maxspeed": "35 mph",
        "oneway": "yes",
        "surface": "asphalt"
      },
      "geometry": {
        "type": "LineString",
        "coordinates": [
          [
            -122.4513581,
            37.8035871
          ],
          [
            -122.4514023,
            37.8035822
          ],
          [
            -122.4514436,
            37.8035801
          ],
          [
            -122.4515003,
            37.8035806
          ],
          [
            -122.4515645,
            37.8035832
          ],
          [
            -122.4516196,
            37.8035874
          ]
        ]
      },
      "id": "way/546027230"
    },
    {
      "type": "Feature",
      "properties": {
        "@id": "way/546027231",
        "bridge": "yes",
        "destination:ref": "US 101 North",
        "highway": "motorway_link",
        "lanes": "2",
        "layer": "1",
        "lit": "yes",
        "maxspeed": "35 mph",
        "oneway": "yes",
        "source": "Presidio Parkway project website;guesswork",
        "surface": "concrete",
        "turn:lanes": "|merge_to_left"
      },
      "geometry": {
        "type": "LineString",
        "coordinates": [
          [
            -122.4517344,
            37.8036051
          ],
          [
            -122.4519517,
            37.80363
          ],
          [
            -122.452033,
            37.8036369
          ],
          [
            -122.4521014,
            37.8036413
          ],
          [
            -122.4521834,
            37.803644
          ],
          [
            -122.4522158,
            37.8036446
          ]
        ]
      },
      "id": "way/546027231"
    },
    {
      "type": "Feature",
      "properties": {
        "@id": "way/546027235",
        "bicycle": "designated",
        "change:lanes": "no|no",
        "cycleway:left": "no",
        "cycleway:right": "lane",
        "destination:lanes": "|Golden Gate Bridge",
        "destination:ref:lanes": "|US 101 North",
        "highway": "secondary",
        "lanes": "2",
        "lit": "yes",
        "maxspeed": "25 mph",
        "name": "Girard Road",
        "oneway": "yes",
        "overtaking": "no",
        "sidewalk:left": "no",
        "sidewalk:right": "separate",
        "source": "Presidio Parkway project website;guesswork",
        "surface": "asphalt",
        "turn:lanes": "|right"
      },
      "geometry": {
        "type": "LineString",
        "coordinates": [
          [
            -122.4502067,
            37.8040105
          ],
          [
            -122.4504182,
            37.8039328
          ],
          [
            -122.4505954,
            37.8038658
          ],
          [
            -122.4507887,
            37.8037857
          ],
          [
            -122.4509739,
            37.8036924
          ]
        ]
      },
      "id": "way/546027235"
    },
    {
      "type": "Feature",
      "properties": {
        "@id": "way/546027240",
        "bicycle": "designated",
        "cycleway:left": "no",
        "cycleway:right": "lane",
        "highway": "secondary",
        "lanes": "2",
        "lit": "yes",
        "maxspeed": "25 mph",
        "name": "Girard Road",
        "oneway": "yes",
        "sidewalk": "right",
        "source": "Presidio Parkway project website;guesswork",
        "surface": "asphalt"
      },
      "geometry": {
        "type": "LineString",
        "coordinates": [
          [
            -122.4514369,
            37.8032934
          ],
          [
            -122.45132,
            37.8033668
          ],
          [
            -122.4512252,
            37.803423
          ],
          [
            -122.4512083,
            37.8034329
          ],
          [
            -122.4511818,
            37.8034461
          ]
        ]
      },
      "id": "way/546027240"
    },
    {
      "type": "Feature",
      "properties": {
        "@id": "way/552616119",
        "destination": "Beach Street",
        "highway": "secondary_link",
        "lit": "yes",
        "name": "Beach Street",
        "oneway": "yes",
        "sidewalk": "right",
        "surface": "asphalt",
        "tiger:cfcc": "A41",
        "tiger:county": "San Francisco, CA",
        "tiger:name_base": "Beach",
        "tiger:name_type": "St"
      },
      "geometry": {
        "type": "LineString",
        "coordinates": [
          [
            -122.4339267,
            37.8050969
          ],
          [
            -122.433994,
            37.8050127
          ],
          [
            -122.4340182,
            37.8049735
          ],
          [
            -122.4340497,
            37.8049464
          ],
          [
            -122.4340882,
            37.8049236
          ]
        ]
      },
      "id": "way/552616119"
    },
    {
      "type": "Feature",
      "properties": {
        "@id": "way/562765692",
        "destination": "Presidio",
        "foot": "yes",
        "highway": "motorway_link",
        "lanes": "1",
        "lit": "yes",
        "maxspeed": "45 mph",
        "maxspeed:advisory": "25 mph",
        "oneway": "yes",
        "sidewalk": "right",
        "surface": "asphalt",
        "turn": "right"
      },
      "geometry": {
        "type": "LineString",
        "coordinates": [
          [
            -122.4525041,
            37.8027159
          ],
          [
            -122.4524985,
            37.8026937
          ],
          [
            -122.4524965,
            37.8026687
          ],
          [
            -122.4524992,
            37.8026384
          ],
          [
            -122.4525065,
            37.8026117
          ],
          [
            -122.4525159,
            37.802589
          ],
          [
            -122.4525279,
            37.8025673
          ]
        ]
      },
      "id": "way/562765692"
    },
    {
      "type": "Feature",
      "properties": {
        "@id": "way/573421353",
        "cycleway:left": "lane",
        "cycleway:right": "shared_lane",
        "highway": "secondary",
        "lanes": "2",
        "lcn_ref": "95",
        "maxspeed": "30 mph",
        "name": "Lincoln Boulevard",
        "name:etymology:wikidata": "Q91",
        "surface": "asphalt",
        "tiger:cfcc": "A41",
        "tiger:county": "San Francisco, CA",
        "tiger:name_base": "Lincoln",
        "tiger:name_type": "Blvd"
      },
      "geometry": {
        "type": "LineString",
        "coordinates": [
          [
            -122.4786831,
            37.7988123
          ],
          [
            -122.4787047,
            37.7987655
          ],
          [
            -122.4788819,
            37.798402
          ],
          [
            -122.4788973,
            37.7983701
          ],
          [
            -122.4789109,
            37.7983409
          ],
          [
            -122.4789229,
            37.7983086
          ],
          [
            -122.4789322,
            37.7982769
          ],
          [
            -122.4789366,
            37.7982461
          ],
          [
            -122.4789374,
            37.7982142
          ],
          [
            -122.4789335,
            37.7981815
          ],
          [
            -122.4789244,
            37.7981499
          ],
          [
            -122.4789144,
            37.7981192
          ],
          [
            -122.4789028,
            37.798086
          ],
          [
            -122.4788826,
            37.7980323
          ],
          [
            -122.4788289,
            37.7978977
          ],
          [
            -122.4788037,
            37.7978359
          ],
          [
            -122.4787768,
            37.7977724
          ],
          [
            -122.4787632,
            37.797742
          ],
          [
            -122.478748,
            37.7977109
          ],
          [
            -122.4787325,
            37.7976809
          ],
          [
            -122.4787161,
            37.7976513
          ],
          [
            -122.4786836,
            37.7975914
          ],
          [
            -122.4786516,
            37.7975305
          ],
          [
            -122.4786361,
            37.797498
          ],
          [
            -122.4786213,
            37.7974624
          ],
          [
            -122.4786104,
            37.797424
          ],
          [
            -122.4786049,
            37.7973805
          ],
          [
            -122.4786062,
            37.7973427
          ],
          [
            -122.4786122,
            37.7973052
          ],
          [
            -122.4786207,
            37.7972734
          ],
          [
            -122.4786326,
            37.7972408
          ],
          [
            -122.4786511,
            37.7972092
          ],
          [
            -122.4786738,
            37.7971805
          ],
          [
            -122.4787017,
            37.797152
          ],
          [
            -122.4787329,
            37.7971273
          ],
          [
            -122.4787707,
            37.7971039
          ],
          [
            -122.4788051,
            37.797086
          ],
          [
            -122.4788393,
            37.7970689
          ],
          [
            -122.4789098,
            37.797036
          ],
          [
            -122.4789834,
            37.7970023
          ],
          [
            -122.4790534,
            37.7969692
          ],
          [
            -122.4790906,
            37.7969516
          ],
          [
            -122.4791248,
            37.7969334
          ],
          [
            -122.4791593,
            37.7969136
          ],
          [
            -122.4791912,
            37.796893
          ],
          [
            -122.4792203,
            37.7968708
          ],
          [
            -122.4792475,
            37.7968462
          ],
          [
            -122.4792724,
            37.7968212
          ],
          [
            -122.4792943,
            37.7967952
          ],
          [
            -122.4793154,
            37.7967669
          ],
          [
            -122.4793225,
            37.796756
          ],
          [
            -122.4793334,
            37.7967389
          ],
          [
            -122.4793693,
            37.7966796
          ],
          [
            -122.4794029,
            37.7966193
          ],
          [
            -122.4794346,
            37.7965601
          ],
          [
            -122.4794639,
            37.7965037
          ],
          [
            -122.4795011,
            37.7964284
          ],
          [
            -122.4795246,
            37.7963786
          ],
          [
            -122.4795535,
            37.7963166
          ],
          [
            -122.4795799,
            37.7962548
          ],
          [
            -122.4796039,
            37.7961914
          ],
          [
            -122.4796253,
            37.7961263
          ],
          [
            -122.4796411,
            37.7960638
          ],
          [
            -122.4796555,
            37.7959991
          ],
          [
            -122.4796696,
            37.7959321
          ],
          [
            -122.479685,
            37.795868
          ],
          [
            -122.479695,
            37.7958362
          ],
          [
            -122.4797068,
            37.7958041
          ],
          [
            -122.4797237,
            37.7957718
          ],
          [
            -122.4797421,
            37.7957442
          ],
          [
            -122.4797618,
            37.7957213
          ],
          [
            -122.4797894,
            37.7956935
          ],
          [
            -122.4798254,
            37.7956664
          ],
          [
            -122.4798642,
            37.795643
          ],
          [
            -122.4799271,
            37.7956094
          ],
          [
            -122.479996,
            37.7955725
          ],
          [
            -122.4800652,
            37.7955355
          ],
          [
            -122.4802022,
            37.7954611
          ],
          [
            -122.4802688,
            37.7954239
          ],
          [
            -122.480305,
            37.7954035
          ],
          [
            -122.4803355,
            37.7953848
          ],
          [
            -122.4803663,
            37.7953635
          ],
          [
            -122.4803944,
            37.7953407
          ],
          [
            -122.4804207,
            37.7953154
          ],
          [
            -122.4804445,
            37.7952883
          ],
          [
            -122.4804646,
            37.79526
          ],
          [
            -122.48048,
            37.7952307
          ],
          [
            -122.4804923,
            37.7951995
          ],
          [
            -122.4805007,
            37.7951687
          ],
          [
            -122.4805085,
            37.795136
          ],
          [
            -122.4805133,
            37.7951041
          ],
          [
            -122.4805158,
            37.79507
          ],
          [
            -122.4805165,
            37.7950378
          ],
          [
            -122.4805162,
            37.7950042
          ],
          [
            -122.4805146,
            37.7949722
          ],
          [
            -122.4805117,
            37.7949399
          ],
          [
            -122.4805066,
            37.7949073
          ],
          [
            -122.4804976,
            37.7948428
          ],
          [
            -122.480488,
            37.7947773
          ],
          [
            -122.4804369,
            37.7944483
          ],
          [
            -122.4804241,
            37.7943745
          ],
          [
            -122.4804106,
            37.7942998
          ],
          [
            -122.4804054,
            37.7942675
          ],
          [
            -122.4804012,
            37.7942297
          ],
          [
            -122.4803992,
            37.7941941
          ],
          [
            -122.4804,
            37.7941599
          ],
          [
            -122.4804026,
            37.7941261
          ],
          [
            -122.4804063,
            37.7940947
          ],
          [
            -122.4804113,
            37.7940603
          ],
          [
            -122.4804168,
            37.7940279
          ],
          [
            -122.4804229,
            37.7939957
          ],
          [
            -122.4804311,
            37.793962
          ],
          [
            -122.48044,
            37.7939293
          ],
          [
            -122.4804496,
            37.7938966
          ],
          [
            -122.4804591,
            37.7938664
          ],
          [
            -122.4804705,
            37.7938342
          ],
          [
            -122.4804831,
            37.7938018
          ],
          [
            -122.4804971,
            37.7937707
          ],
          [
            -122.4805134,
            37.7937401
          ],
          [
            -122.4805307,
            37.7937102
          ],
          [
            -122.4806742,
            37.7934717
          ],
          [
            -122.4807149,
            37.7934059
          ]
        ]
      },
      "id": "way/573421353"
    },
    {
      "type": "Feature",
      "properties": {
        "@id": "way/587388483",
        "cycleway:right": "shared_lane",
        "foot": "yes",
        "hgv": "designated",
        "highway": "secondary",
        "lanes": "2",
        "lcn_ref": "11",
        "maxspeed": "20 mph",
        "name": "Columbus Avenue",
        "oneway": "yes",
        "sidewalk": "right",
        "source:hgv": "https://sfplanninggis.org/TIM/?search=3591024#searchbox",
        "surface": "asphalt",
        "tiger:cfcc": "A41",
        "tiger:county": "San Francisco, CA",
        "tiger:name_base": "Columbus",
        "tiger:name_type": "Ave",
        "trolley_wire": "yes"
      },
      "geometry": {
        "type": "LineString",
        "coordinates": [
          [
            -122.409217,
            37.7996734
          ],
          [
            -122.410059,
            37.8002624
          ],
          [
            -122.4101505,
            37.8003261
          ]
        ]
      },
      "id": "way/587388483"
    },
    {
      "type": "Feature",
      "properties": {
        "@id": "way/588724745",
        "cycleway:both": "shared_lane",
        "cycleway:both:lane": "pictogram",
        "hgv": "designated",
        "highway": "primary",
        "lanes": "4",
        "lcn_ref": "10",
        "lit": "yes",
        "maxspeed": "20 mph",
        "name": "Broadway",
        "sidewalk:both": "separate",
        "source:hgv": "https://sfplanninggis.org/TIM/?search=3591024#searchbox",
        "surface": "asphalt",
        "tiger:cfcc": "A41",
        "tiger:county": "San Francisco, CA",
        "tiger:name_base": "Broadway",
        "tiger:name_base_1": "Broadway",
        "tiger:name_type": "St"
      },
      "geometry": {
        "type": "LineString",
        "coordinates": [
          [
            -122.4086323,
            37.7976269
          ],
          [
            -122.4085322,
            37.7976393
          ],
          [
            -122.4083208,
            37.7976655
          ],
          [
            -122.407867,
            37.7977217
          ]
        ]
      },
      "id": "way/588724745"
    },
    {
      "type": "Feature",
      "properties": {
        "@id": "way/595194543",
        "NHS": "STRAHNET",
        "bicycle": "no",
        "bridge": "yes",
        "bridge:name": "Golden Gate",
        "bridge:structure": "suspension",
        "colour": "orange",
        "cycleway": "no",
        "foot": "no",
        "hgv": "designated",
        "highway": "motorway",
        "historic": "yes",
        "lanes": "3",
        "lanes:conditional": "4 @ (Tu-Fr 15:30-17:00)",
        "layer": "1",
        "lit": "yes",
        "maxspeed": "45 mph",
        "name": "Golden Gate Bridge",
        "oneway": "yes",
        "ref": "US 101;CA 1",
        "sidewalk": "separate",
        "source": "Bing",
        "source:hgv": "https://sfplanninggis.org/TIM/?search=3591024#searchbox",
        "start_date": "1937-05-27",
        "surface": "asphalt",
        "tiger:cfcc": "A25;A11;A29",
        "tiger:name_base": "United States Highway 101;Redwood;Golden Gate",
        "tiger:name_base_1": "Golden Gate",
        "tiger:name_type": "Hwy;Brg",
        "tiger:name_type_1": "Brg",
        "toll": "no",
        "wikidata": "Q44440",
        "wikipedia": "en:Golden Gate Bridge"
      },
      "geometry": {
        "type": "LineString",
        "coordinates": [
          [
            -122.4764734,
            37.8081298
          ],
          [
            -122.4765844,
            37.8082433
          ],
          [
            -122.476684,
            37.8083516
          ],
          [
            -122.4767855,
            37.8084684
          ],
          [
            -122.4768697,
            37.8085753
          ],
          [
            -122.4769471,
            37.8086823
          ],
          [
            -122.4770203,
            37.8087969
          ],
          [
            -122.4770846,
            37.8089114
          ],
          [
            -122.4771476,
            37.8090364
          ],
          [
            -122.4771986,
            37.8091509
          ],
          [
            -122.4772362,
            37.8092547
          ],
          [
            -122.4772686,
            37.8093561
          ],
          [
            -122.4772959,
            37.8094654
          ],
          [
            -122.477318,
            37.8095737
          ],
          [
            -122.4773342,
            37.8096796
          ],
          [
            -122.4797496,
            37.8303213
          ],
          [
            -122.4797679,
            37.83047
          ],
          [
            -122.479788,
            37.8306289
          ],
          [
            -122.479808,
            37.8307636
          ],
          [
            -122.479835,
            37.8308916
          ],
          [
            -122.4798699,
            37.8310281
          ],
          [
            -122.4799128,
            37.8311552
          ],
          [
            -122.479963,
            37.831285
          ],
          [
            -122.4800179,
            37.83141
          ],
          [
            -122.4800835,
            37.831539
          ],
          [
            -122.480154,
            37.831658
          ],
          [
            -122.4802066,
            37.8317361
          ],
          [
            -122.480244,
            37.8317916
          ],
          [
            -122.4803329,
            37.8319101
          ],
          [
            -122.4804192,
            37.8320169
          ],
          [
            -122.4805165,
            37.8321248
          ],
          [
            -122.4806263,
            37.8322348
          ],
          [
            -122.4807209,
            37.8323305
          ]
        ]
      },
      "id": "way/595194543"
    },
    {
      "type": "Feature",
      "properties": {
        "@id": "way/598020852",
        "cycleway:right": "shared_lane",
        "hgv": "designated",
        "highway": "primary",
        "lanes": "4",
        "lcn_ref": "10",
        "name": "Broadway",
        "sidewalk:both": "separate",
        "source:hgv": "https://sfplanninggis.org/TIM/?search=3591024#searchbox",
        "surface": "asphalt",
        "tiger:cfcc": "A41",
        "tiger:county": "San Francisco, CA",
        "tiger:name_base": "Broadway",
        "tiger:name_base_1": "Broadway",
        "tiger:name_type": "St"
      },
      "geometry": {
        "type": "LineString",
        "coordinates": [
          [
            -122.4035376,
            37.7982706
          ],
          [
            -122.4032592,
            37.7983055
          ],
          [
            -122.4030933,
            37.7983264
          ]
        ]
      },
      "id": "way/598020852"
    },
    {
      "type": "Feature",
      "properties": {
        "@id": "way/598020853",
        "cycleway:right": "shared_lane",
        "hgv": "designated",
        "highway": "primary",
        "lanes": "4",
        "lcn_ref": "10",
        "maxspeed": "20 mph",
        "name": "Broadway",
        "sidewalk:both": "separate",
        "source:hgv": "https://sfplanninggis.org/TIM/?search=3591024#searchbox",
        "surface": "asphalt",
        "tiger:cfcc": "A41",
        "tiger:county": "San Francisco, CA",
        "tiger:name_base": "Broadway",
        "tiger:name_base_1": "Broadway",
        "tiger:name_type": "St"
      },
      "geometry": {
        "type": "LineString",
        "coordinates": [
          [
            -122.4054982,
            37.79802
          ],
          [
            -122.4054117,
            37.7980311
          ],
          [
            -122.4050211,
            37.7980811
          ]
        ]
      },
      "id": "way/598020853"
    },
    {
      "type": "Feature",
      "properties": {
        "@id": "way/598020854",
        "cycleway:right": "shared_lane",
        "hgv": "designated",
        "highway": "primary",
        "lanes": "4",
        "lcn_ref": "10",
        "maxspeed": "20 mph",
        "name": "Broadway",
        "sidewalk:both": "separate",
        "source:hgv": "https://sfplanninggis.org/TIM/?search=3591024#searchbox",
        "surface": "asphalt",
        "tiger:cfcc": "A41",
        "tiger:county": "San Francisco, CA",
        "tiger:name_base": "Broadway",
        "tiger:name_base_1": "Broadway",
        "tiger:name_type": "St"
      },
      "geometry": {
        "type": "LineString",
        "coordinates": [
          [
            -122.4043368,
            37.7981686
          ],
          [
            -122.4040123,
            37.7982105
          ],
          [
            -122.4039551,
            37.7982179
          ],
          [
            -122.4038778,
            37.7982279
          ]
        ]
      },
      "id": "way/598020854"
    },
    {
      "type": "Feature",
      "properties": {
        "@id": "way/598020855",
        "cycleway:right": "shared_lane",
        "hgv": "designated",
        "highway": "primary",
        "lanes": "4",
        "lcn_ref": "10",
        "name": "Broadway",
        "sidewalk:both": "separate",
        "source:hgv": "https://sfplanninggis.org/TIM/?search=3591024#searchbox",
        "surface": "asphalt",
        "tiger:cfcc": "A41",
        "tiger:county": "San Francisco, CA",
        "tiger:name_base": "Broadway",
        "tiger:name_base_1": "Broadway",
        "tiger:name_type": "St"
      },
      "geometry": {
        "type": "LineString",
        "coordinates": [
          [
            -122.4038778,
            37.7982279
          ],
          [
            -122.4037933,
            37.7982385
          ],
          [
            -122.4035376,
            37.7982706
          ]
        ]
      },
      "id": "way/598020855"
    },
    {
      "type": "Feature",
      "properties": {
        "@id": "way/619378849",
        "highway": "secondary",
        "lanes": "3",
        "level": "0",
        "maxspeed": "20 mph",
        "name": "Fremont Street",
        "name:etymology:wikidata": "Q169011",
        "note": "center lane closed for emergency shoring",
        "oneway": "yes",
        "surface": "asphalt",
        "tiger:cfcc": "A41",
        "tiger:county": "San Francisco, CA",
        "tiger:name_base": "Fremont",
        "tiger:name_type": "St",
        "trolley_wire": "yes",
        "tunnel": "building_passage"
      },
      "geometry": {
        "type": "LineString",
        "coordinates": [
          [
            -122.396008,
            37.7899152
          ],
          [
            -122.3961013,
            37.7899925
          ]
        ]
      },
      "id": "way/619378849"
    },
    {
      "type": "Feature",
      "properties": {
        "@id": "way/619378856",
        "highway": "secondary",
        "lanes": "3",
        "level": "0",
        "maxspeed": "20 mph",
        "name": "Fremont Street",
        "name:etymology:wikidata": "Q169011",
        "note": "center lane closed for emergency shoring",
        "oneway": "yes",
        "surface": "asphalt",
        "tiger:cfcc": "A41",
        "tiger:county": "San Francisco, CA",
        "tiger:name_base": "Fremont",
        "tiger:name_type": "St",
        "trolley_wire": "yes",
        "tunnel": "building_passage"
      },
      "geometry": {
        "type": "LineString",
        "coordinates": [
          [
            -122.3957806,
            37.7897349
          ],
          [
            -122.3958702,
            37.7898057
          ]
        ]
      },
      "id": "way/619378856"
    },
    {
      "type": "Feature",
      "properties": {
        "@id": "way/619378862",
        "highway": "secondary",
        "lanes": "3",
        "level": "0",
        "maxspeed": "20 mph",
        "name": "Fremont Street",
        "name:etymology:wikidata": "Q169011",
        "note": "center lane closed for emergency shoring",
        "oneway": "yes",
        "surface": "asphalt",
        "tiger:cfcc": "A41",
        "tiger:county": "San Francisco, CA",
        "tiger:name_base": "Fremont",
        "tiger:name_type": "St",
        "trolley_wire": "yes",
        "tunnel": "building_passage"
      },
      "geometry": {
        "type": "LineString",
        "coordinates": [
          [
            -122.3961013,
            37.7899925
          ],
          [
            -122.3961491,
            37.7900313
          ]
        ]
      },
      "id": "way/619378862"
    },
    {
      "type": "Feature",
      "properties": {
        "@id": "way/619378863",
        "access": "yes",
        "highway": "secondary",
        "lanes": "3",
        "level": "0",
        "maxspeed": "20 mph",
        "name": "Fremont Street",
        "name:etymology:wikidata": "Q169011",
        "note": "center lane closed for emergency shoring",
        "oneway": "yes",
        "surface": "asphalt",
        "tiger:cfcc": "A41",
        "tiger:county": "San Francisco, CA",
        "tiger:name_base": "Fremont",
        "tiger:name_type": "St",
        "trolley_wire": "yes",
        "tunnel": "building_passage"
      },
      "geometry": {
        "type": "LineString",
        "coordinates": [
          [
            -122.3958702,
            37.7898057
          ],
          [
            -122.3959384,
            37.7898599
          ],
          [
            -122.396008,
            37.7899152
          ]
        ]
      },
      "id": "way/619378863"
    },
    {
      "type": "Feature",
      "properties": {
        "@id": "way/619568399",
        "NHS": "STRAHNET",
        "alt_name": "Doyle Drive",
        "bicycle": "no",
        "bridge": "yes",
        "hgv": "designated",
        "highway": "motorway",
        "lanes": "4",
        "layer": "1",
        "maxspeed": "45 mph",
        "name": "Presidio Parkway",
        "old_ref": "CA 480",
        "oneway": "yes",
        "ref": "US 101",
        "source:hgv": "https://sfplanninggis.org/TIM/?search=3591024#searchbox",
        "surface": "concrete"
      },
      "geometry": {
        "type": "LineString",
        "coordinates": [
          [
            -122.4657077,
            37.8021443
          ],
          [
            -122.4652718,
            37.8020598
          ]
        ]
      },
      "id": "way/619568399"
    },
    {
      "type": "Feature",
      "properties": {
        "@id": "way/619568400",
        "alt_name": "Doyle Drive",
        "bicycle": "no",
        "hgv": "designated",
        "highway": "motorway",
        "lanes": "3",
        "layer": "1",
        "lit": "yes",
        "maxspeed": "45 mph",
        "name": "Presidio Parkway",
        "old_ref": "CA 480",
        "oneway": "yes",
        "ref": "US 101",
        "source:hgv": "https://sfplanninggis.org/TIM/?search=3591024#searchbox",
        "surface": "concrete:plates"
      },
      "geometry": {
        "type": "LineString",
        "coordinates": [
          [
            -122.4641329,
            37.8020036
          ],
          [
            -122.4642766,
            37.8020318
          ],
          [
            -122.4651765,
            37.8022176
          ]
        ]
      },
      "id": "way/619568400"
    },
    {
      "type": "Feature",
      "properties": {
        "@id": "way/620169743",
        "hgv": "designated",
        "highway": "secondary",
        "lanes": "4",
        "lcn_ref": "2",
        "maxspeed": "25 mph",
        "maxweight:hgv": "3 st",
        "name": "Marina Boulevard",
        "sidewalk:both": "separate",
        "source:hgv": "https://sfplanninggis.org/TIM/?search=3591024#searchbox",
        "surface": "asphalt",
        "tiger:cfcc": "A45",
        "tiger:county": "San Francisco, CA",
        "tiger:name_base": "Marina",
        "tiger:name_type": "Blvd"
      },
      "geometry": {
        "type": "LineString",
        "coordinates": [
          [
            -122.4422282,
            37.8058127
          ],
          [
            -122.4424015,
            37.8057907
          ],
          [
            -122.4424432,
            37.8057854
          ],
          [
            -122.4439037,
            37.8055991
          ],
          [
            -122.4440017,
            37.8055868
          ]
        ]
      },
      "id": "way/620169743"
    },
    {
      "type": "Feature",
      "properties": {
        "@id": "way/620169771",
        "cycleway:right": "no",
        "hgv": "designated",
        "highway": "secondary",
        "lanes": "4",
        "lanes:bus": "1",
        "lit": "yes",
        "maxspeed": "20 mph",
        "name": "Pine Street",
        "oneway": "yes",
        "sidewalk:both": "separate",
        "source:hgv": "https://sfplanninggis.org/TIM/?search=3591024#searchbox",
        "surface": "asphalt",
        "tiger:cfcc": "A41",
        "tiger:county": "San Francisco, CA",
        "tiger:name_base": "Pine",
        "tiger:name_type": "St"
      },
      "geometry": {
        "type": "LineString",
        "coordinates": [
          [
            -122.3986103,
            37.7924133
          ],
          [
            -122.398719,
            37.7923991
          ],
          [
            -122.3992226,
            37.7923335
          ],
          [
            -122.3994447,
            37.792305
          ],
          [
            -122.3996548,
            37.7922779
          ],
          [
            -122.3996859,
            37.7922739
          ],
          [
            -122.3997849,
            37.7922611
          ],
          [
            -122.3998882,
            37.7922479
          ],
          [
            -122.4001147,
            37.7922188
          ],
          [
            -122.4008686,
            37.7921272
          ],
          [
            -122.4009593,
            37.7921162
          ]
        ]
      },
      "id": "way/620169771"
    },
    {
      "type": "Feature",
      "properties": {
        "@id": "way/620169773",
        "cycleway:right": "lane",
        "foot": "no",
        "hgv": "designated",
        "highway": "primary",
        "lanes": "3",
        "lcn_ref": "5",
        "maxspeed": "30 mph",
        "name": "The Embarcadero",
        "oneway": "yes",
        "sidewalk:left": "no",
        "sidewalk:right": "separate",
        "source:hgv": "https://sfplanninggis.org/TIM/?search=3591024#searchbox",
        "surface": "asphalt",
        "tiger:cfcc": "A45",
        "tiger:county": "San Francisco, CA",
        "tiger:name_base": "The Embarcadero"
      },
      "geometry": {
        "type": "LineString",
        "coordinates": [
          [
            -122.4032577,
            37.8051991
          ],
          [
            -122.4033196,
            37.8052418
          ]
        ]
      },
      "id": "way/620169773"
    },
    {
      "type": "Feature",
      "properties": {
        "@id": "way/620247384",
        "NHS": "STRAHNET",
        "bicycle": "no",
        "bus_bay": "right",
        "hgv": "designated",
        "highway": "motorway",
        "hov:minimum": "3",
        "lanes": "1",
        "lit": "yes",
        "maxspeed": "25 mph",
        "name": "Presidio Parkway",
        "oneway": "yes",
        "ref": "US 101;CA 1",
        "source:hgv": "https://sfplanninggis.org/TIM/?search=3591024#searchbox",
        "surface": "concrete",
        "tiger:cfcc": "A25",
        "tiger:name_base": "Richardson",
        "tiger:name_type": "Ave",
        "toll": "yes"
      },
      "geometry": {
        "type": "LineString",
        "coordinates": [
          [
            -122.4758254,
            37.8073307
          ],
          [
            -122.4757214,
            37.8072305
          ],
          [
            -122.475654,
            37.8071685
          ],
          [
            -122.4756022,
            37.8071209
          ],
          [
            -122.4755129,
            37.8070395
          ]
        ]
      },
      "id": "way/620247384"
    },
    {
      "type": "Feature",
      "properties": {
        "@id": "way/620247385",
        "NHS": "STRAHNET",
        "access:lanes": "yes|yes|yes|yes|no",
        "bicycle": "no",
        "bus:lanes": "yes|yes|yes|yes|designated",
        "bus_bay": "right",
        "hgv": "designated",
        "highway": "motorway",
        "lanes": "5",
        "lit": "yes",
        "maxspeed": "35 mph",
        "name": "Presidio Parkway",
        "oneway": "yes",
        "placement": "right_of:2",
        "ref": "US 101;CA 1",
        "sidewalk": "separate",
        "source:hgv": "https://sfplanninggis.org/TIM/?search=3591024#searchbox",
        "surface": "concrete",
        "tiger:name_base": "Richardson",
        "tiger:name_type": "Ave",
        "toll": "no",
        "turn:lanes": "|||merge_to_left|"
      },
      "geometry": {
        "type": "LineString",
        "coordinates": [
          [
            -122.4752739,
            37.807208
          ],
          [
            -122.4754017,
            37.8073262
          ],
          [
            -122.4754756,
            37.8073935
          ],
          [
            -122.475578,
            37.8074835
          ],
          [
            -122.4755875,
            37.8074918
          ]
        ]
      },
      "id": "way/620247385"
    },
    {
      "type": "Feature",
      "properties": {
        "@id": "way/620728101",
        "cycleway:left": "lane",
        "cycleway:right": "shared_lane",
        "highway": "secondary",
        "lanes": "2",
        "lcn_ref": "95",
        "lit": "yes",
        "maxspeed": "30 mph",
        "name": "Lincoln Boulevard",
        "name:etymology:wikidata": "Q91",
        "surface": "asphalt",
        "tiger:cfcc": "A41",
        "tiger:county": "San Francisco, CA",
        "tiger:name_base": "Lincoln",
        "tiger:name_type": "Blvd"
      },
      "geometry": {
        "type": "LineString",
        "coordinates": [
          [
            -122.4782672,
            37.8000794
          ],
          [
            -122.4782795,
            37.8000312
          ],
          [
            -122.4782881,
            37.7999783
          ],
          [
            -122.4782923,
            37.7999284
          ],
          [
            -122.4782952,
            37.7998761
          ],
          [
            -122.4782982,
            37.7998113
          ],
          [
            -122.4783041,
            37.7997403
          ],
          [
            -122.4783116,
            37.7996866
          ],
          [
            -122.4783198,
            37.7996308
          ],
          [
            -122.4783331,
            37.7995735
          ],
          [
            -122.4783505,
            37.7995141
          ],
          [
            -122.4783697,
            37.7994556
          ],
          [
            -122.4783916,
            37.7993954
          ],
          [
            -122.4784219,
            37.7993199
          ],
          [
            -122.4784594,
            37.7992449
          ],
          [
            -122.4786246,
            37.7989379
          ],
          [
            -122.4786505,
            37.7988854
          ],
          [
            -122.4786831,
            37.7988123
          ]
        ]
      },
      "id": "way/620728101"
    },
    {
      "type": "Feature",
      "properties": {
        "@id": "way/622297792",
        "cycleway:right": "lane",
        "hgv": "designated",
        "highway": "primary",
        "lanes": "3",
        "lcn_ref": "5",
        "lit": "yes",
        "maxspeed": "30 mph",
        "name": "The Embarcadero",
        "oneway": "yes",
        "sidewalk": "right",
        "source:hgv": "https://sfplanninggis.org/TIM/?search=3591024#searchbox",
        "surface": "asphalt",
        "tiger:cfcc": "A45",
        "tiger:county": "San Francisco, CA",
        "tiger:name_base": "The Embarcadero"
      },
      "geometry": {
        "type": "LineString",
        "coordinates": [
          [
            -122.3934545,
            37.7943678
          ],
          [
            -122.3933952,
            37.7943319
          ],
          [
            -122.3933011,
            37.794277
          ],
          [
            -122.3932799,
            37.7942648
          ],
          [
            -122.3932709,
            37.7942594
          ]
        ]
      },
      "id": "way/622297792"
    },
    {
      "type": "Feature",
      "properties": {
        "@id": "way/648873170",
        "highway": "motorway_link",
        "lanes": "1",
        "layer": "-1",
        "maxspeed": "45 mph",
        "maxspeed:advisory": "20 mph",
        "oneway": "yes",
        "tunnel": "yes"
      },
      "geometry": {
        "type": "LineString",
        "coordinates": [
          [
            -122.4708312,
            37.8035753
          ],
          [
            -122.4708416,
            37.8035371
          ],
          [
            -122.4708473,
            37.8034983
          ],
          [
            -122.4708483,
            37.8034529
          ],
          [
            -122.4708429,
            37.803411
          ],
          [
            -122.4708314,
            37.8033698
          ],
          [
            -122.4708153,
            37.8033287
          ],
          [
            -122.4707938,
            37.8032847
          ],
          [
            -122.4707642,
            37.8032403
          ],
          [
            -122.4707308,
            37.8031992
          ],
          [
            -122.4706966,
            37.8031657
          ],
          [
            -122.470657,
            37.8031326
          ],
          [
            -122.4706174,
            37.8031038
          ]
        ]
      },
      "id": "way/648873170"
    },
    {
      "type": "Feature",
      "properties": {
        "@id": "way/648873171",
        "highway": "motorway_link",
        "lanes": "1",
        "maxspeed": "45 mph",
        "maxspeed:advisory": "20 mph",
        "oneway": "yes"
      },
      "geometry": {
        "type": "LineString",
        "coordinates": [
          [
            -122.4707978,
            37.8036443
          ],
          [
            -122.4708084,
            37.8036262
          ],
          [
            -122.4708174,
            37.8036085
          ],
          [
            -122.4708248,
            37.8035923
          ],
          [
            -122.4708312,
            37.8035753
          ]
        ]
      },
      "id": "way/648873171"
    },
    {
      "type": "Feature",
      "properties": {
        "@id": "way/661905446",
        "alt_name": "Willie L. Brown Junior Bridge",
        "bicycle": "no",
        "bridge": "yes",
        "bridge:name": "San Francisco–Oakland Bay Bridge",
        "hazmat:1.1": "no",
        "hazmat:1.2": "no",
        "hazmat:1.3": "no",
        "hazmat:2.1": "no",
        "hazmat:3": "no",
        "hazmat:4": "no",
        "hazmat:5.2": "no",
        "hgv": "yes",
        "highway": "motorway",
        "lanes": "5",
        "layer": "1",
        "lit": "yes",
        "maxheight": "5",
        "maxspeed": "50 mph",
        "name": "Dwight D. Eisenhower Highway",
        "oneway": "yes",
        "ref": "I 80",
        "source:imagery": "Bing",
        "surface": "concrete",
        "tiger:cfcc": "A15",
        "tiger:county": "San Francisco, CA",
        "tiger:name_base_1": "I-80"
      },
      "geometry": {
        "type": "LineString",
        "coordinates": [
          [
            -122.3903709,
            37.7864781
          ],
          [
            -122.3672612,
            37.8080581
          ]
        ]
      },
      "id": "way/661905446"
    },
    {
      "type": "Feature",
      "properties": {
        "@id": "way/667824727",
        "bicycle": "no",
        "destination": "Fremont Street",
        "highway": "motorway_link",
        "lanes": "2",
        "maxspeed": "50 mph",
        "oneway": "yes",
        "sidewalk": "no",
        "surface": "asphalt",
        "turn:lanes": "left|left"
      },
      "geometry": {
        "type": "LineString",
        "coordinates": [
          [
            -122.3944115,
            37.7883797
          ],
          [
            -122.3943834,
            37.7884217
          ],
          [
            -122.394365,
            37.7884581
          ],
          [
            -122.394351,
            37.7884953
          ],
          [
            -122.394348,
            37.788527
          ],
          [
            -122.3943516,
            37.7885587
          ],
          [
            -122.3943627,
            37.788598
          ]
        ]
      },
      "id": "way/667824727"
    },
    {
      "type": "Feature",
      "properties": {
        "@id": "way/673970959",
        "cycleway:right": "track",
        "hgv": "designated",
        "highway": "secondary",
        "lanes": "4",
        "lanes:backward": "2",
        "lanes:forward": "2",
        "lcn_ref": "30",
        "lit": "yes",
        "maxspeed": "25 mph",
        "name": "Howard Street",
        "name:etymology:wikidata": "Q16066217",
        "parking:lane:both": "parallel",
        "sidewalk:both": "separate",
        "source:hgv": "https://sfplanninggis.org/TIM/?search=3591024#searchbox",
        "surface": "asphalt",
        "tiger:cfcc": "A41",
        "tiger:county": "San Francisco, CA",
        "tiger:name_base": "Howard",
        "tiger:name_type": "St",
        "turn:lanes:backward": "|right"
      },
      "geometry": {
        "type": "LineString",
        "coordinates": [
          [
            -122.3925074,
            37.7912945
          ],
          [
            -122.3925998,
            37.7912239
          ],
          [
            -122.3928646,
            37.7910243
          ]
        ]
      },
      "id": "way/673970959"
    },
    {
      "type": "Feature",
      "properties": {
        "@id": "way/673985340",
        "cycleway": "track",
        "hgv": "designated",
        "highway": "secondary",
        "lanes": "2",
        "lanes:backward": "1",
        "lanes:forward": "1",
        "lcn_ref": "30",
        "maxspeed": "20 mph",
        "name": "Folsom Street",
        "name:etymology:wikidata": "Q3185252",
        "oneway": "no",
        "parking:lane:both": "parallel",
        "sidewalk:both": "separate",
        "source:hgv": "https://sfplanninggis.org/TIM/?search=3591024#searchbox",
        "surface": "asphalt",
        "tiger:cfcc": "A41",
        "tiger:county": "San Francisco, CA",
        "tiger:name_base": "Folsom",
        "tiger:name_type": "St"
      },
      "geometry": {
        "type": "LineString",
        "coordinates": [
          [
            -122.3909887,
            37.7900898
          ],
          [
            -122.3909046,
            37.7901534
          ],
          [
            -122.3903792,
            37.7905685
          ],
          [
            -122.3902302,
            37.7906862
          ]
        ]
      },
      "id": "way/673985340"
    },
    {
      "type": "Feature",
      "properties": {
        "@id": "way/673985341",
        "cycleway": "track",
        "hgv": "designated",
        "highway": "secondary",
        "lanes": "3",
        "lanes:backward": "2",
        "lanes:forward": "1",
        "lcn_ref": "30",
        "maxspeed": "20 mph",
        "name": "Folsom Street",
        "name:etymology:wikidata": "Q3185252",
        "oneway": "no",
        "placement:forward": "left_of:1",
        "sidewalk:both": "separate",
        "source:hgv": "https://sfplanninggis.org/TIM/?search=3591024#searchbox",
        "tiger:cfcc": "A41",
        "tiger:county": "San Francisco, CA",
        "tiger:name_base": "Folsom",
        "tiger:name_type": "St",
        "turn:lanes:backward": "through|right"
      },
      "geometry": {
        "type": "LineString",
        "coordinates": [
          [
            -122.3918607,
            37.7893887
          ],
          [
            -122.3917775,
            37.7894493
          ],
          [
            -122.3916147,
            37.7895821
          ]
        ]
      },
      "id": "way/673985341"
    },
    {
      "type": "Feature",
      "properties": {
        "@id": "way/673997067",
        "cycleway:right": "track",
        "hgv": "designated",
        "highway": "secondary",
        "lanes": "4",
        "lanes:backward": "2",
        "lanes:forward": "2",
        "lcn_ref": "30",
        "maxspeed": "25 mph",
        "name": "Howard Street",
        "name:etymology:wikidata": "Q16066217",
        "parking:lane:both": "parallel",
        "sidewalk:both": "separate",
        "source:hgv": "https://sfplanninggis.org/TIM/?search=3591024#searchbox",
        "surface": "asphalt",
        "tiger:cfcc": "A41",
        "tiger:county": "San Francisco, CA",
        "tiger:name_base": "Howard",
        "tiger:name_type": "St"
      },
      "geometry": {
        "type": "LineString",
        "coordinates": [
          [
            -122.3928646,
            37.7910243
          ],
          [
            -122.3929349,
            37.7909711
          ]
        ]
      },
      "id": "way/673997067"
    },
    {
      "type": "Feature",
      "properties": {
        "@id": "way/674494956",
        "hgv": "designated",
        "highway": "secondary",
        "lanes": "4",
        "lanes:backward": "2",
        "lanes:forward": "2",
        "maxspeed": "25 mph",
        "name": "Harrison Street",
        "oneway": "no",
        "parking:lane:both": "parallel",
        "sidewalk:both": "separate",
        "source:hgv": "https://sfplanninggis.org/TIM/?search=3591024#searchbox",
        "surface": "paved",
        "tiger:cfcc": "A41",
        "tiger:county": "San Francisco, CA",
        "tiger:name_base": "Harrison",
        "tiger:name_type": "St"
      },
      "geometry": {
        "type": "LineString",
        "coordinates": [
          [
            -122.3889767,
            37.7892127
          ],
          [
            -122.3893572,
            37.7889106
          ],
          [
            -122.3894699,
            37.7888206
          ]
        ]
      },
      "id": "way/674494956"
    },
    {
      "type": "Feature",
      "properties": {
        "@id": "way/674757877",
        "hgv": "designated",
        "highway": "secondary",
        "lanes": "2",
        "maxspeed": "30 mph",
        "name": "Pine Street",
        "oneway": "yes",
        "sidewalk": "both",
        "source:hgv": "https://sfplanninggis.org/TIM/?search=3591024#searchbox",
        "surface": "asphalt",
        "tiger:cfcc": "A41",
        "tiger:county": "San Francisco, CA",
        "tiger:name_base": "Pine",
        "tiger:name_type": "St"
      },
      "geometry": {
        "type": "LineString",
        "coordinates": [
          [
            -122.408952,
            37.7910983
          ],
          [
            -122.4089774,
            37.7910951
          ],
          [
            -122.4089965,
            37.7910927
          ],
          [
            -122.4090161,
            37.7910902
          ],
          [
            -122.4090444,
            37.7910866
          ]
        ]
      },
      "id": "way/674757877"
    },
    {
      "type": "Feature",
      "properties": {
        "@id": "way/674757878",
        "cycleway:right": "no",
        "hgv": "designated",
        "highway": "secondary",
        "lanes": "3",
        "lit": "yes",
        "maxspeed": "30 mph",
        "name": "Bush Street",
        "oneway": "yes",
        "sidewalk:both": "separate",
        "smoothness": "intermediate",
        "source:hgv": "https://sfplanninggis.org/TIM/?search=3591024#searchbox",
        "surface": "asphalt",
        "tiger:cfcc": "A41",
        "tiger:county": "San Francisco, CA",
        "tiger:name_base": "Bush",
        "tiger:name_type": "St"
      },
      "geometry": {
        "type": "LineString",
        "coordinates": [
          [
            -122.4088536,
            37.7901561
          ],
          [
            -122.4088199,
            37.7901604
          ],
          [
            -122.4088057,
            37.7901622
          ],
          [
            -122.4087875,
            37.7901645
          ],
          [
            -122.4087612,
            37.7901678
          ]
        ]
      },
      "id": "way/674757878"
    },
    {
      "type": "Feature",
      "properties": {
        "@id": "way/677165866",
        "cycleway:right": "lane",
        "hgv": "designated",
        "highway": "primary",
        "lanes": "3",
        "lcn_ref": "5",
        "maxspeed": "30 mph",
        "name": "The Embarcadero",
        "oneway": "yes",
        "sidewalk": "right",
        "source:hgv": "https://sfplanninggis.org/TIM/?search=3591024#searchbox",
        "surface": "asphalt",
        "tiger:cfcc": "A45",
        "tiger:county": "San Francisco, CA",
        "tiger:name_base": "The Embarcadero",
        "turn:lanes": "||right"
      },
      "geometry": {
        "type": "LineString",
        "coordinates": [
          [
            -122.3915674,
            37.792809
          ],
          [
            -122.3914667,
            37.7927084
          ]
        ]
      },
      "id": "way/677165866"
    },
    {
      "type": "Feature",
      "properties": {
        "@id": "way/677165867",
        "cycleway:right": "lane",
        "hgv": "designated",
        "highway": "primary",
        "lanes": "3",
        "lcn_ref": "5",
        "maxspeed": "30 mph",
        "name": "The Embarcadero",
        "oneway": "yes",
        "sidewalk": "right",
        "source:hgv": "https://sfplanninggis.org/TIM/?search=3591024#searchbox",
        "surface": "asphalt",
        "tiger:cfcc": "A45",
        "tiger:county": "San Francisco, CA",
        "tiger:name_base": "The Embarcadero",
        "turn:lanes": "|through|right"
      },
      "geometry": {
        "type": "LineString",
        "coordinates": [
          [
            -122.3922475,
            37.7933922
          ],
          [
            -122.3917519,
            37.7929707
          ],
          [
            -122.3916862,
            37.7929149
          ],
          [
            -122.3916334,
            37.792871
          ],
          [
            -122.3915674,
            37.792809
          ]
        ]
      },
      "id": "way/677165867"
    },
    {
      "type": "Feature",
      "properties": {
        "@id": "way/681183494",
        "cycleway:right": "shared_lane",
        "foot": "yes",
        "hgv": "designated",
        "highway": "secondary",
        "lanes": "2",
        "lcn_ref": "11",
        "lit": "yes",
        "maxspeed": "20 mph",
        "name": "Columbus Avenue",
        "oneway": "yes",
        "sidewalk": "right",
        "source:hgv": "https://sfplanninggis.org/TIM/?search=3591024#searchbox",
        "surface": "asphalt",
        "tiger:cfcc": "A41",
        "tiger:county": "San Francisco, CA",
        "tiger:name_base": "Columbus",
        "tiger:name_type": "Ave",
        "trolley_wire": "yes"
      },
      "geometry": {
        "type": "LineString",
        "coordinates": [
          [
            -122.4091334,
            37.7996203
          ],
          [
            -122.409217,
            37.7996734
          ]
        ]
      },
      "id": "way/681183494"
    },
    {
      "type": "Feature",
      "properties": {
        "@id": "way/681183500",
        "cycleway:right": "shared_lane",
        "foot": "yes",
        "hgv": "designated",
        "highway": "secondary",
        "lanes": "2",
        "lcn_ref": "11",
        "maxspeed": "20 mph",
        "name": "Columbus Avenue",
        "oneway": "yes",
        "sidewalk": "right",
        "source:hgv": "https://sfplanninggis.org/TIM/?search=3591024#searchbox",
        "surface": "asphalt",
        "tiger:cfcc": "A41",
        "tiger:county": "San Francisco, CA",
        "tiger:name_base": "Columbus",
        "tiger:name_type": "Ave",
        "trolley_wire": "yes"
      },
      "geometry": {
        "type": "LineString",
        "coordinates": [
          [
            -122.4102863,
            37.8003139
          ],
          [
            -122.410189,
            37.8002471
          ],
          [
            -122.409276,
            37.7996209
          ]
        ]
      },
      "id": "way/681183500"
    },
    {
      "type": "Feature",
      "properties": {
        "@id": "way/681289316",
        "cycleway:right": "track",
        "hgv": "designated",
        "highway": "secondary",
        "lanes": "3",
        "lanes:backward": "1",
        "lanes:forward": "2",
        "lcn_ref": "30",
        "maxspeed": "25 mph",
        "name": "Howard Street",
        "name:etymology:wikidata": "Q16066217",
        "parking:lane:both": "parallel",
        "sidewalk:both": "separate",
        "source:hgv": "https://sfplanninggis.org/TIM/?search=3591024#searchbox",
        "surface": "asphalt",
        "tiger:cfcc": "A41",
        "tiger:county": "San Francisco, CA",
        "tiger:name_base": "Howard",
        "tiger:name_type": "St"
      },
      "geometry": {
        "type": "LineString",
        "coordinates": [
          [
            -122.3922786,
            37.7914824
          ],
          [
            -122.3924251,
            37.7913625
          ],
          [
            -122.3925074,
            37.7912945
          ]
        ]
      },
      "id": "way/681289316"
    },
    {
      "type": "Feature",
      "properties": {
        "@id": "way/681479565",
        "cycleway:right": "no",
        "hgv": "designated",
        "highway": "secondary",
        "lanes": "3",
        "lanes:bus": "1",
        "maxspeed": "30 mph",
        "name": "Bush Street",
        "oneway": "yes",
        "sidewalk:both": "separate",
        "source:hgv": "https://sfplanninggis.org/TIM/?search=3591024#searchbox",
        "surface": "asphalt",
        "tiger:cfcc": "A41",
        "tiger:county": "San Francisco, CA",
        "tiger:name_base": "Bush",
        "tiger:name_type": "St",
        "trolley_wire": "yes"
      },
      "geometry": {
        "type": "LineString",
        "coordinates": [
          [
            -122.4024099,
            37.7909791
          ],
          [
            -122.4023209,
            37.7909902
          ],
          [
            -122.4020306,
            37.7910261
          ]
        ]
      },
      "id": "way/681479565"
    },
    {
      "type": "Feature",
      "properties": {
        "@id": "way/681687034",
        "cycleway:right": "no",
        "highway": "secondary",
        "lanes": "3",
        "maxspeed": "20 mph",
        "name": "Fremont Street",
        "name:etymology:wikidata": "Q169011",
        "oneway": "yes",
        "sidewalk:both": "separate",
        "surface": "asphalt",
        "tiger:cfcc": "A41",
        "tiger:county": "San Francisco, CA",
        "tiger:name_base": "Fremont",
        "tiger:name_type": "St",
        "trolley_wire": "yes",
        "turn:lanes": "left|through|through;right"
      },
      "geometry": {
        "type": "LineString",
        "coordinates": [
          [
            -122.3963394,
            37.79018
          ],
          [
            -122.3965718,
            37.7903664
          ]
        ]
      },
      "id": "way/681687034"
    },
    {
      "type": "Feature",
      "properties": {
        "@id": "way/681719690",
        "cycleway:right": "lane",
        "hgv": "designated",
        "highway": "primary",
        "lanes": "2",
        "lcn_ref": "5",
        "maxspeed": "30 mph",
        "name": "The Embarcadero",
        "oneway": "yes",
        "sidewalk": "right",
        "source:hgv": "https://sfplanninggis.org/TIM/?search=3591024#searchbox",
        "surface": "asphalt",
        "tiger:cfcc": "A45",
        "tiger:county": "San Francisco, CA",
        "tiger:name_base": "The Embarcadero"
      },
      "geometry": {
        "type": "LineString",
        "coordinates": [
          [
            -122.3906117,
            37.791153
          ],
          [
            -122.3905148,
            37.7910527
          ],
          [
            -122.3904512,
            37.7909973
          ],
          [
            -122.3903063,
            37.7908696
          ],
          [
            -122.3902545,
            37.7908284
          ],
          [
            -122.3901483,
            37.7907482
          ]
        ]
      },
      "id": "way/681719690"
    },
    {
      "type": "Feature",
      "properties": {
        "@id": "way/682030988",
        "cycleway:left": "shared_lane",
        "cycleway:right": "lane",
        "hgv": "designated",
        "highway": "primary",
        "lanes": "4",
        "lcn_ref": "10",
        "name": "Broadway",
        "name_1": "Broadway",
        "sidewalk:both": "separate",
        "source:hgv": "https://sfplanninggis.org/TIM/?search=3591024#searchbox",
        "tiger:cfcc": "A41",
        "tiger:county": "San Francisco, CA",
        "tiger:name_base": "Broadway",
        "tiger:name_base_1": "Broadway",
        "tiger:name_type": "St"
      },
      "geometry": {
        "type": "LineString",
        "coordinates": [
          [
            -122.3984392,
            37.7989192
          ],
          [
            -122.3986216,
            37.798896
          ],
          [
            -122.3987149,
            37.7988841
          ]
        ]
      },
      "id": "way/682030988"
    },
    {
      "type": "Feature",
      "properties": {
        "@id": "way/682030991",
        "cycleway": "lane",
        "highway": "secondary",
        "lanes": "2",
        "lcn_ref": "95",
        "name": "El Camino del Mar",
        "tiger:cfcc": "A45",
        "tiger:county": "San Francisco, CA",
        "tiger:name_base": "El Camino del Mar"
      },
      "geometry": {
        "type": "LineString",
        "coordinates": [
          [
            -122.4822765,
            37.7887542
          ],
          [
            -122.4823041,
            37.7887123
          ],
          [
            -122.482335,
            37.788669
          ]
        ]
      },
      "id": "way/682030991"
    },
    {
      "type": "Feature",
      "properties": {
        "@id": "way/684030185",
        "cycleway:right": "track",
        "hgv": "designated",
        "highway": "secondary",
        "lanes": "5",
        "lanes:backward": "3",
        "lanes:forward": "2",
        "lcn_ref": "30",
        "lit": "yes",
        "maxspeed": "25 mph",
        "name": "Howard Street",
        "name:etymology:wikidata": "Q16066217",
        "parking:lane:both": "no",
        "placement:backward": "left_of:1",
        "sidewalk:both": "separate",
        "source:hgv": "https://sfplanninggis.org/TIM/?search=3591024#searchbox",
        "surface": "asphalt",
        "tiger:cfcc": "A41",
        "tiger:county": "San Francisco, CA",
        "tiger:name_base": "Howard",
        "tiger:name_type": "St",
        "trolley_wire": "yes",
        "turn:lanes:backward": "left;through||left"
      },
      "geometry": {
        "type": "LineString",
        "coordinates": [
          [
            -122.3935658,
            37.7904894
          ],
          [
            -122.393671,
            37.7904051
          ]
        ]
      },
      "id": "way/684030185"
    },
    {
      "type": "Feature",
      "properties": {
        "@id": "way/686246698",
        "cycleway:right": "no",
        "hgv": "designated",
        "highway": "secondary",
        "lanes": "3",
        "lit": "yes",
        "maxspeed": "20 mph",
        "name": "Pine Street",
        "oneway": "yes",
        "sidewalk": "both",
        "source:hgv": "https://sfplanninggis.org/TIM/?search=3591024#searchbox",
        "surface": "asphalt",
        "tiger:cfcc": "A41",
        "tiger:county": "San Francisco, CA",
        "tiger:name_base": "Pine",
        "tiger:name_type": "St"
      },
      "geometry": {
        "type": "LineString",
        "coordinates": [
          [
            -122.4205089,
            37.7896296
          ],
          [
            -122.4205935,
            37.7896193
          ],
          [
            -122.4210266,
            37.7895638
          ],
          [
            -122.4219732,
            37.7894435
          ],
          [
            -122.422057,
            37.7894331
          ]
        ]
      },
      "id": "way/686246698"
    },
    {
      "type": "Feature",
      "properties": {
        "@id": "way/706534246",
        "cycleway:right": "lane",
        "hgv": "designated",
        "highway": "secondary",
        "lanes": "2",
        "lcn_ref": "5",
        "maxspeed": "30 mph",
        "name": "The Embarcadero",
        "oneway": "yes",
        "sidewalk": "right",
        "source:hgv": "https://sfplanninggis.org/TIM/?search=3591024#searchbox",
        "source:maxspeed": "sign",
        "surface": "asphalt",
        "tiger:cfcc": "A45",
        "tiger:county": "San Francisco, CA",
        "tiger:name_base": "The Embarcadero"
      },
      "geometry": {
        "type": "LineString",
        "coordinates": [
          [
            -122.407126,
            37.8072057
          ],
          [
            -122.4070801,
            37.8071807
          ],
          [
            -122.406203,
            37.8067452
          ],
          [
            -122.4061466,
            37.8067172
          ],
          [
            -122.4061413,
            37.8067145
          ],
          [
            -122.4059603,
            37.8066266
          ]
        ]
      },
      "id": "way/706534246"
    },
    {
      "type": "Feature",
      "properties": {
        "@id": "way/706543478",
        "cycleway:both": "no",
        "highway": "secondary",
        "lanes": "2",
        "level": "0",
        "maxspeed": "20 mph",
        "name": "Montgomery Street",
        "name:etymology:wikidata": "Q6220059",
        "oneway": "yes",
        "sidewalk": "separate",
        "surface": "asphalt",
        "tiger:cfcc": "A41",
        "tiger:county": "San Francisco, CA",
        "tiger:name_base": "Montgomery",
        "tiger:name_type": "St",
        "wikidata": "Q3322721"
      },
      "geometry": {
        "type": "LineString",
        "coordinates": [
          [
            -122.4022209,
            37.7900432
          ],
          [
            -122.4022059,
            37.7899729
          ],
          [
            -122.4021049,
            37.7894683
          ]
        ]
      },
      "id": "way/706543478"
    },
    {
      "type": "Feature",
      "properties": {
        "@id": "way/706543479",
        "cycleway:right": "no",
        "hgv": "designated",
        "highway": "secondary",
        "lanes": "4",
        "name": "Montgomery Street",
        "name:etymology:wikidata": "Q6220059",
        "oneway": "yes",
        "sidewalk:both": "separate",
        "source:hgv": "https://sfplanninggis.org/TIM/?search=3591024#searchbox",
        "surface": "asphalt",
        "tiger:cfcc": "A41",
        "tiger:county": "San Francisco, CA",
        "tiger:name_base": "Montgomery",
        "tiger:name_type": "St",
        "turn:lanes": "left|left;through|none|none",
        "wikidata": "Q3322721"
      },
      "geometry": {
        "type": "LineString",
        "coordinates": [
          [
            -122.4024481,
            37.7911677
          ],
          [
            -122.4024273,
            37.7910652
          ],
          [
            -122.4024099,
            37.7909791
          ]
        ]
      },
      "id": "way/706543479"
    },
    {
      "type": "Feature",
      "properties": {
        "@id": "way/706549348",
        "hgv": "designated",
        "highway": "primary",
        "lanes": "4",
        "lanes:backward": "2",
        "lanes:forward": "2",
        "lit": "yes",
        "maxspeed": "25 mph",
        "maxweight:hgv": "3 st",
        "name": "Bay Street",
        "placement:backward": "left_of:1",
        "sidewalk:both": "separate",
        "source:hgv": "https://sfplanninggis.org/TIM/?search=3591024#searchbox",
        "surface": "asphalt",
        "tiger:cfcc": "A41",
        "tiger:county": "San Francisco, CA",
        "tiger:name_base": "Bay",
        "tiger:name_type": "St",
        "turn:lanes:forward": "left|"
      },
      "geometry": {
        "type": "LineString",
        "coordinates": [
          [
            -122.4178455,
            37.8050982
          ],
          [
            -122.4184483,
            37.8050217
          ],
          [
            -122.4185489,
            37.8050084
          ]
        ]
      },
      "id": "way/706549348"
    },
    {
      "type": "Feature",
      "properties": {
        "@id": "way/706549350",
        "cycleway:right": "shared_lane",
        "hgv": "designated",
        "highway": "secondary",
        "lanes": "2",
        "lcn_ref": "11",
        "maxspeed": "20 mph",
        "name": "Columbus Avenue",
        "oneway": "yes",
        "source:hgv": "https://sfplanninggis.org/TIM/?search=3591024#searchbox",
        "tiger:cfcc": "A41",
        "tiger:county": "San Francisco, CA",
        "tiger:name_base": "Columbus",
        "tiger:name_type": "Ave",
        "trolley_wire": "yes"
      },
      "geometry": {
        "type": "LineString",
        "coordinates": [
          [
            -122.4168174,
            37.8048312
          ],
          [
            -122.4162257,
            37.8044233
          ],
          [
            -122.4161159,
            37.8043531
          ],
          [
            -122.4160446,
            37.8043011
          ],
          [
            -122.4158579,
            37.8041533
          ],
          [
            -122.4155532,
            37.8039511
          ],
          [
            -122.4151204,
            37.8036663
          ],
          [
            -122.41488,
            37.8035415
          ]
        ]
      },
      "id": "way/706549350"
    },
    {
      "type": "Feature",
      "properties": {
        "@id": "way/706550133",
        "hgv": "designated",
        "highway": "primary",
        "lanes": "4",
        "lanes:backward": "2",
        "lanes:forward": "2",
        "maxspeed": "25 mph",
        "name": "Bay Street",
        "sidewalk:both": "separate",
        "source:hgv": "https://sfplanninggis.org/TIM/?search=3591024#searchbox",
        "tiger:cfcc": "A41",
        "tiger:county": "San Francisco, CA",
        "tiger:name_base": "Bay",
        "tiger:name_type": "St"
      },
      "geometry": {
        "type": "LineString",
        "coordinates": [
          [
            -122.4164634,
            37.8052724
          ],
          [
            -122.4168076,
            37.80523
          ],
          [
            -122.4169069,
            37.8052173
          ]
        ]
      },
      "id": "way/706550133"
    },
    {
      "type": "Feature",
      "properties": {
        "@id": "way/712900326",
        "bicycle": "no",
        "destination": "San Francisco;Alexander Avenue",
        "destination:lanes": "San Francisco|Alexander Avenue",
        "highway": "motorway_link",
        "lanes": "2",
        "lit": "yes",
        "maxspeed": "55 mph",
        "oneway": "yes",
        "surface": "asphalt",
        "toll": "no",
        "turn:lanes": "slight_left|through"
      },
      "geometry": {
        "type": "LineString",
        "coordinates": [
          [
            -122.4839031,
            37.8356084
          ],
          [
            -122.483883,
            37.8356521
          ]
        ]
      },
      "id": "way/712900326"
    },
    {
      "type": "Feature",
      "properties": {
        "@id": "way/712900328",
        "bicycle": "no",
        "destination": "Alexander Avenue",
        "highway": "motorway_link",
        "junction:ref": "442",
        "lanes": "1",
        "lit": "yes",
        "maxspeed": "55 mph",
        "oneway": "yes",
        "surface": "asphalt",
        "toll": "no"
      },
      "geometry": {
        "type": "LineString",
        "coordinates": [
          [
            -122.483074,
            37.8337609
          ],
          [
            -122.4835089,
            37.8342234
          ],
          [
            -122.4835575,
            37.8342775
          ],
          [
            -122.4836013,
            37.8343286
          ],
          [
            -122.4836477,
            37.8343857
          ],
          [
            -122.4836903,
            37.8344422
          ],
          [
            -122.4837325,
            37.8344994
          ],
          [
            -122.4837717,
            37.8345575
          ],
          [
            -122.4838068,
            37.8346117
          ],
          [
            -122.4838423,
            37.8346697
          ],
          [
            -122.4838754,
            37.8347285
          ],
          [
            -122.4839048,
            37.8347844
          ],
          [
            -122.4839311,
            37.8348411
          ],
          [
            -122.4839506,
            37.8348852
          ]
        ]
      },
      "id": "way/712900328"
    },
    {
      "type": "Feature",
      "properties": {
        "@id": "way/713758728",
        "hgv": "designated",
        "highway": "secondary",
        "horse": "no",
        "lanes": "3",
        "maxspeed": "25 mph",
        "maxweight:hgv": "3 st",
        "name": "Franklin Street",
        "name:etymology:wikidata": "Q34969",
        "oneway": "yes",
        "parking:lane:both": "parallel",
        "sidewalk": "both",
        "source:hgv": "https://sfplanninggis.org/TIM/?search=3591024#searchbox",
        "surface": "asphalt"
      },
      "geometry": {
        "type": "LineString",
        "coordinates": [
          [
            -122.4250766,
            37.7955355
          ],
          [
            -122.4250959,
            37.7956333
          ],
          [
            -122.4252449,
            37.7963647
          ],
          [
            -122.425256,
            37.7964158
          ],
          [
            -122.4252704,
            37.7964821
          ],
          [
            -122.4252863,
            37.7965621
          ],
          [
            -122.4254418,
            37.7973467
          ],
          [
            -122.4254559,
            37.7974163
          ],
          [
            -122.4254716,
            37.7974943
          ],
          [
            -122.425489,
            37.7975819
          ],
          [
            -122.4255891,
            37.7980783
          ],
          [
            -122.4256295,
            37.7982754
          ],
          [
            -122.4256444,
            37.7983492
          ]
        ]
      },
      "id": "way/713758728"
    },
    {
      "type": "Feature",
      "properties": {
        "@id": "way/713758735",
        "hgv": "designated",
        "highway": "secondary",
        "horse": "no",
        "lanes": "3",
        "lit": "yes",
        "maxspeed": "25 mph",
        "maxweight:hgv": "3 st",
        "name": "Franklin Street",
        "name:etymology:wikidata": "Q34969",
        "oneway": "yes",
        "parking:lane:both": "parallel",
        "sidewalk": "both",
        "source:hgv": "https://sfplanninggis.org/TIM/?search=3591024#searchbox",
        "surface": "asphalt",
        "tiger:cfcc": "A41",
        "tiger:county": "San Francisco, CA",
        "tiger:name_base": "Franklin",
        "tiger:name_type": "St"
      },
      "geometry": {
        "type": "LineString",
        "coordinates": [
          [
            -122.4241848,
            37.7910959
          ],
          [
            -122.4241998,
            37.7911714
          ],
          [
            -122.4243436,
            37.7918942
          ],
          [
            -122.4243593,
            37.7919736
          ],
          [
            -122.4243709,
            37.792047
          ],
          [
            -122.4245193,
            37.7927876
          ],
          [
            -122.4245323,
            37.7928525
          ]
        ]
      },
      "id": "way/713758735"
    },
    {
      "type": "Feature",
      "properties": {
        "@id": "way/717319386",
        "cycleway:right": "no",
        "hgv": "designated",
        "highway": "secondary",
        "lanes": "3",
        "lit": "yes",
        "maxspeed": "25 mph",
        "name": "Pine Street",
        "oneway": "yes",
        "parking:lane:both": "parallel",
        "sidewalk": "both",
        "source:hgv": "https://sfplanninggis.org/TIM/?search=3591024#searchbox",
        "surface": "asphalt",
        "tiger:cfcc": "A41",
        "tiger:county": "San Francisco, CA",
        "tiger:name_base": "Pine",
        "tiger:name_type": "St"
      },
      "geometry": {
        "type": "LineString",
        "coordinates": [
          [
            -122.423798,
            37.7892115
          ],
          [
            -122.4239036,
            37.7891981
          ],
          [
            -122.4247775,
            37.7890861
          ]
        ]
      },
      "id": "way/717319386"
    },
    {
      "type": "Feature",
      "properties": {
        "@id": "way/717319387",
        "hgv": "designated",
        "highway": "secondary",
        "lanes": "3",
        "maxspeed": "20 mph",
        "name": "Pine Street",
        "oneway": "yes",
        "parking:both": "yes",
        "parking:both:orientation": "parallel",
        "sidewalk": "both",
        "source:hgv": "https://sfplanninggis.org/TIM/?search=3591024#searchbox",
        "surface": "asphalt",
        "tiger:cfcc": "A41",
        "tiger:county": "San Francisco, CA",
        "tiger:name_base": "Pine",
        "tiger:name_type": "St"
      },
      "geometry": {
        "type": "LineString",
        "coordinates": [
          [
            -122.4222577,
            37.7894074
          ],
          [
            -122.4223506,
            37.7893955
          ],
          [
            -122.4223968,
            37.7893896
          ]
        ]
      },
      "id": "way/717319387"
    },
    {
      "type": "Feature",
      "properties": {
        "@id": "way/717320099",
        "cycleway:right": "no",
        "hgv": "designated",
        "highway": "secondary",
        "lanes": "4",
        "lit": "yes",
        "maxspeed": "25 mph",
        "name": "Pine Street",
        "oneway": "yes",
        "parking:lane:both": "parallel",
        "sidewalk": "both",
        "source:hgv": "https://sfplanninggis.org/TIM/?search=3591024#searchbox",
        "surface": "asphalt",
        "tiger:cfcc": "A41",
        "tiger:county": "San Francisco, CA",
        "tiger:name_base": "Pine",
        "tiger:name_type": "St",
        "turn:lanes": "left|||"
      },
      "geometry": {
        "type": "LineString",
        "coordinates": [
          [
            -122.4247775,
            37.7890861
          ],
          [
            -122.4253384,
            37.7890158
          ],
          [
            -122.4254412,
            37.7890027
          ]
        ]
      },
      "id": "way/717320099"
    },
    {
      "type": "Feature",
      "properties": {
        "@id": "way/717666829",
        "hgv": "designated",
        "highway": "secondary",
        "lanes": "3",
        "maxspeed": "25 mph",
        "name": "Pine Street",
        "oneway": "yes",
        "parking:lane:both": "parallel",
        "sidewalk": "both",
        "source:hgv": "https://sfplanninggis.org/TIM/?search=3591024#searchbox",
        "surface": "asphalt",
        "tiger:cfcc": "A41",
        "tiger:county": "San Francisco, CA",
        "tiger:name_base": "Pine",
        "tiger:name_type": "St"
      },
      "geometry": {
        "type": "LineString",
        "coordinates": [
          [
            -122.4254412,
            37.7890027
          ],
          [
            -122.4255478,
            37.7889891
          ],
          [
            -122.4269965,
            37.7888042
          ],
          [
            -122.4270878,
            37.7887934
          ],
          [
            -122.4271752,
            37.7887823
          ],
          [
            -122.4276912,
            37.7887167
          ],
          [
            -122.4286259,
            37.788598
          ],
          [
            -122.4287315,
            37.7885845
          ]
        ]
      },
      "id": "way/717666829"
    },
    {
      "type": "Feature",
      "properties": {
        "@id": "way/717765727",
        "hgv": "designated",
        "highway": "secondary",
        "lanes": "3",
        "lit": "yes",
        "maxspeed": "25 mph",
        "name": "Pine Street",
        "oneway": "yes",
        "parking:lane:both": "parallel",
        "sidewalk": "both",
        "source:hgv": "https://sfplanninggis.org/TIM/?search=3591024#searchbox",
        "surface": "asphalt",
        "tiger:cfcc": "A41",
        "tiger:county": "San Francisco, CA",
        "tiger:name_base": "Pine",
        "tiger:name_type": "St"
      },
      "geometry": {
        "type": "LineString",
        "coordinates": [
          [
            -122.4291628,
            37.7885295
          ],
          [
            -122.4302788,
            37.7883879
          ],
          [
            -122.4303739,
            37.7883758
          ],
          [
            -122.4304696,
            37.7883636
          ],
          [
            -122.431935,
            37.7881774
          ],
          [
            -122.4320179,
            37.7881668
          ],
          [
            -122.4321169,
            37.7881537
          ],
          [
            -122.4328479,
            37.7880608
          ]
        ]
      },
      "id": "way/717765727"
    },
    {
      "type": "Feature",
      "properties": {
        "@id": "way/717765728",
        "hgv": "designated",
        "highway": "secondary",
        "lanes": "3",
        "maxspeed": "25 mph",
        "name": "Pine Street",
        "oneway": "yes",
        "parking:lane:left": "parallel",
        "sidewalk": "both",
        "source:hgv": "https://sfplanninggis.org/TIM/?search=3591024#searchbox",
        "surface": "asphalt",
        "tiger:cfcc": "A41",
        "tiger:county": "San Francisco, CA",
        "tiger:name_base": "Pine",
        "tiger:name_type": "St"
      },
      "geometry": {
        "type": "LineString",
        "coordinates": [
          [
            -122.4287315,
            37.7885845
          ],
          [
            -122.4288159,
            37.7885735
          ],
          [
            -122.4291628,
            37.7885295
          ]
        ]
      },
      "id": "way/717765728"
    },
    {
      "type": "Feature",
      "properties": {
        "@id": "way/717919506",
        "NHS": "STRAHNET",
        "bicycle": "no",
        "cycleway:both": "no",
        "hgv": "designated",
        "hgv:state_network": "yes",
        "highway": "motorway",
        "lanes": "3",
        "lanes:conditional": "4 @ (Tu-Fr 15:30-17:00)",
        "lit": "yes",
        "maxspeed": "55 mph",
        "name": "Redwood Highway",
        "oneway": "yes",
        "ref": "US 101;CA 1",
        "source": "Yahoo,TIGER",
        "source:hgv:state_network": "Caltrans http://www.dot.ca.gov/hq/traffops/trucks/truckmap/",
        "surface": "asphalt",
        "toll": "no"
      },
      "geometry": {
        "type": "LineString",
        "coordinates": [
          [
            -122.483074,
            37.8337609
          ],
          [
            -122.4831762,
            37.8338381
          ],
          [
            -122.4832713,
            37.8339132
          ],
          [
            -122.4833805,
            37.8340035
          ],
          [
            -122.4834866,
            37.8340958
          ],
          [
            -122.4835927,
            37.8341942
          ],
          [
            -122.4836937,
            37.834294
          ],
          [
            -122.4837886,
            37.8343972
          ],
          [
            -122.4838783,
            37.8344988
          ],
          [
            -122.4839647,
            37.8346046
          ],
          [
            -122.4840528,
            37.8347189
          ],
          [
            -122.4841297,
            37.8348278
          ],
          [
            -122.484202,
            37.8349383
          ],
          [
            -122.4842733,
            37.8350518
          ]
        ]
      },
      "id": "way/717919506"
    },
    {
      "type": "Feature",
      "properties": {
        "@id": "way/717919507",
        "NHS": "STRAHNET",
        "bicycle": "no",
        "destination:lanes": "none|none|Alexander Avenue;Vista Point",
        "hgv": "designated",
        "hgv:state_network": "yes",
        "highway": "motorway",
        "lanes": "3",
        "lanes:conditional": "4 @ (Tu-Fr 15:30-17:00)",
        "lit": "yes",
        "maxspeed": "55 mph",
        "name": "Redwood Highway",
        "oneway": "yes",
        "ref": "US 101;CA 1",
        "source": "Yahoo,TIGER",
        "source:hgv": "https://sfplanninggis.org/TIM/?search=3591024#searchbox",
        "surface": "asphalt",
        "turn:lanes": "through|through|through;slight_right",
        "turn:lanes:conditional": "(through|through|through|through; right) @ (Tu-Fr 15:30-17:00)"
      },
      "geometry": {
        "type": "LineString",
        "coordinates": [
          [
            -122.4807209,
            37.8323305
          ],
          [
            -122.4808522,
            37.8324458
          ],
          [
            -122.4809568,
            37.8325302
          ]
        ]
      },
      "id": "way/717919507"
    },
    {
      "type": "Feature",
      "properties": {
        "@id": "way/717919508",
        "NHS": "STRAHNET",
        "bicycle": "no",
        "bus_bay": "right",
        "hgv": "designated",
        "highway": "motorway",
        "lanes": "4",
        "lit": "yes",
        "maxspeed": "35 mph",
        "name": "Presidio Parkway",
        "oneway": "yes",
        "ref": "US 101;CA 1",
        "sidewalk": "separate",
        "source:hgv": "https://sfplanninggis.org/TIM/?search=3591024#searchbox",
        "surface": "asphalt",
        "tiger:name_base": "Richardson",
        "tiger:name_type": "Ave",
        "toll": "no"
      },
      "geometry": {
        "type": "LineString",
        "coordinates": [
          [
            -122.4755875,
            37.8074918
          ],
          [
            -122.4756955,
            37.8075756
          ],
          [
            -122.4757009,
            37.8075798
          ]
        ]
      },
      "id": "way/717919508"
    },
    {
      "type": "Feature",
      "properties": {
        "@id": "way/730868014",
        "bicycle": "no",
        "hgv": "designated",
        "hgv:state_network": "yes",
        "highway": "motorway",
        "lanes": "2",
        "lit": "yes",
        "maxspeed": "45 mph",
        "name": "Veterans Boulevard",
        "oneway": "yes",
        "ref": "CA 1",
        "source:hgv:state_network": "Caltrans http://www.dot.ca.gov/hq/traffops/trucks/truckmap/",
        "surface": "asphalt",
        "tiger:cfcc": "A35",
        "tiger:county": "San Francisco, CA",
        "tiger:name_base": "State Highway 1"
      },
      "geometry": {
        "type": "LineString",
        "coordinates": [
          [
            -122.4722909,
            37.7874305
          ],
          [
            -122.4722708,
            37.7874818
          ],
          [
            -122.4722208,
            37.7876075
          ],
          [
            -122.4721671,
            37.7877321
          ],
          [
            -122.4721111,
            37.7878546
          ],
          [
            -122.4720733,
            37.7879278
          ],
          [
            -122.4720062,
            37.7880463
          ],
          [
            -122.4719413,
            37.7881569
          ],
          [
            -122.4718607,
            37.7882817
          ],
          [
            -122.4717827,
            37.7883949
          ],
          [
            -122.4717029,
            37.788508
          ],
          [
            -122.4716211,
            37.788618
          ],
          [
            -122.471535,
            37.7887323
          ],
          [
            -122.4711611,
            37.7892307
          ],
          [
            -122.4708651,
            37.7896275
          ],
          [
            -122.4705779,
            37.7900165
          ],
          [
            -122.4703045,
            37.7903918
          ]
        ]
      },
      "id": "way/730868014"
    },
    {
      "type": "Feature",
      "properties": {
        "@id": "way/737703221",
        "hgv": "designated",
        "highway": "secondary",
        "lanes": "3",
        "lanes:bus": "1",
        "lit": "yes",
        "maxspeed": "30 mph",
        "name": "Bush Street",
        "oneway": "yes",
        "sidewalk:both": "separate",
        "source:hgv": "https://sfplanninggis.org/TIM/?search=3591024#searchbox",
        "surface": "asphalt",
        "tiger:cfcc": "A41",
        "tiger:county": "San Francisco, CA",
        "tiger:name_base": "Bush",
        "tiger:name_type": "St"
      },
      "geometry": {
        "type": "LineString",
        "coordinates": [
          [
            -122.4007726,
            37.7911821
          ],
          [
            -122.4006832,
            37.7911928
          ],
          [
            -122.4001553,
            37.7912559
          ]
        ]
      },
      "id": "way/737703221"
    },
    {
      "type": "Feature",
      "properties": {
        "@id": "way/738956070",
        "cycleway": "lane",
        "highway": "secondary",
        "lanes": "2",
        "lcn_ref": "95",
        "name": "Lincoln Boulevard",
        "name:etymology:wikidata": "Q91",
        "tiger:cfcc": "A41",
        "tiger:county": "San Francisco, CA",
        "tiger:name_base": "Lincoln",
        "tiger:name_type": "Blvd"
      },
      "geometry": {
        "type": "LineString",
        "coordinates": [
          [
            -122.4810115,
            37.7923518
          ],
          [
            -122.4810177,
            37.7923238
          ],
          [
            -122.481027,
            37.7922838
          ],
          [
            -122.4810431,
            37.792223
          ],
          [
            -122.4810609,
            37.7921627
          ]
        ]
      },
      "id": "way/738956070"
    },
    {
      "type": "Feature",
      "properties": {
        "@id": "way/742702369",
        "highway": "secondary",
        "lanes": "3",
        "level": "0",
        "maxspeed": "20 mph",
        "name": "Fremont Street",
        "name:etymology:wikidata": "Q169011",
        "note": "center lane closed for emergency shoring",
        "oneway": "yes",
        "surface": "asphalt",
        "tiger:cfcc": "A41",
        "tiger:county": "San Francisco, CA",
        "tiger:name_base": "Fremont",
        "tiger:name_type": "St",
        "trolley_wire": "yes",
        "tunnel": "building_passage"
      },
      "geometry": {
        "type": "LineString",
        "coordinates": [
          [
            -122.3957322,
            37.7896955
          ],
          [
            -122.3957806,
            37.7897349
          ]
        ]
      },
      "id": "way/742702369"
    },
    {
      "type": "Feature",
      "properties": {
        "@id": "way/742702372",
        "highway": "secondary",
        "lanes": "3",
        "level": "0",
        "maxspeed": "20 mph",
        "name": "Fremont Street",
        "name:etymology:wikidata": "Q169011",
        "note": "center lane closed for emergency shoring",
        "oneway": "yes",
        "sidewalk:both": "separate",
        "surface": "asphalt",
        "tiger:cfcc": "A41",
        "tiger:county": "San Francisco, CA",
        "tiger:name_base": "Fremont",
        "tiger:name_type": "St",
        "trolley_wire": "yes"
      },
      "geometry": {
        "type": "LineString",
        "coordinates": [
          [
            -122.3961491,
            37.7900313
          ],
          [
            -122.3961934,
            37.7900668
          ]
        ]
      },
      "id": "way/742702372"
    },
    {
      "type": "Feature",
      "properties": {
        "@id": "way/742702373",
        "hgv": "designated",
        "highway": "secondary",
        "lanes": "4",
        "level": "0",
        "name": "1st Street",
        "oneway": "yes",
        "source:hgv": "https://sfplanninggis.org/TIM/?search=3591024#searchbox",
        "tiger:cfcc": "A41",
        "tiger:county": "San Francisco, CA",
        "tiger:name_base": "1st",
        "tiger:name_type": "St",
        "trolley_wire": "yes",
        "turn:lanes": "through|through|through|"
      },
      "geometry": {
        "type": "LineString",
        "coordinates": [
          [
            -122.3966072,
            37.789004
          ],
          [
            -122.3965831,
            37.7889844
          ]
        ]
      },
      "id": "way/742702373"
    },
    {
      "type": "Feature",
      "properties": {
        "@id": "way/762196510",
        "cycleway:right": "track",
        "hgv": "designated",
        "highway": "primary",
        "lanes": "2",
        "maxspeed": "30 mph",
        "name": "The Embarcadero",
        "oneway": "yes",
        "oneway:bicycle": "no",
        "sidewalk": "separate",
        "source:hgv": "https://sfplanninggis.org/TIM/?search=3591024#searchbox",
        "surface": "asphalt",
        "tiger:cfcc": "A45",
        "tiger:county": "San Francisco, CA",
        "tiger:name_base": "The Embarcadero"
      },
      "geometry": {
        "type": "LineString",
        "coordinates": [
          [
            -122.3921913,
            37.7935989
          ],
          [
            -122.3923141,
            37.793712
          ],
          [
            -122.3923547,
            37.7937524
          ],
          [
            -122.3924473,
            37.7938324
          ]
        ]
      },
      "id": "way/762196510"
    },
    {
      "type": "Feature",
      "properties": {
        "@id": "way/766116624",
        "cycleway:right": "shared_lane",
        "cycleway:right:lane": "pictogram",
        "highway": "secondary",
        "lanes": "2",
        "lcn_ref": "16",
        "level": "0",
        "maxspeed": "20 mph",
        "name": "Post Street",
        "oneway": "yes",
        "sidewalk": "both",
        "surface": "asphalt",
        "tiger:cfcc": "A41",
        "tiger:county": "San Francisco, CA",
        "tiger:name_type": "St",
        "trolley_wire": "yes",
        "turn:lanes": "right|right"
      },
      "geometry": {
        "type": "LineString",
        "coordinates": [
          [
            -122.4023821,
            37.7890624
          ],
          [
            -122.402136,
            37.7890924
          ],
          [
            -122.4020317,
            37.7891058
          ]
        ]
      },
      "id": "way/766116624"
    },
    {
      "type": "Feature",
      "properties": {
        "@id": "way/766116625",
        "highway": "secondary",
        "lanes": "2",
        "lcn_ref": "16",
        "level": "0",
        "maxspeed": "20 mph",
        "name": "Montgomery Street",
        "name:etymology:wikidata": "Q6220059",
        "oneway": "yes",
        "sidewalk": "separate",
        "surface": "asphalt",
        "tiger:cfcc": "A41",
        "tiger:county": "San Francisco, CA",
        "tiger:name_base": "Montgomery",
        "tiger:name_type": "St",
        "trolley_wire": "yes",
        "turn:lanes": "through|through",
        "wikidata": "Q3322721"
      },
      "geometry": {
        "type": "LineString",
        "coordinates": [
          [
            -122.4020079,
            37.7890095
          ],
          [
            -122.4020003,
            37.7889845
          ],
          [
            -122.4019939,
            37.7889582
          ],
          [
            -122.401987,
            37.7888962
          ],
          [
            -122.4019865,
            37.7888455
          ],
          [
            -122.4019881,
            37.7888178
          ]
        ]
      },
      "id": "way/766116625"
    },
    {
      "type": "Feature",
      "properties": {
        "@id": "way/766116626",
        "highway": "secondary",
        "lanes": "2",
        "level": "0",
        "maxspeed": "20 mph",
        "name": "Montgomery Street",
        "name:etymology:wikidata": "Q6220059",
        "oneway": "yes",
        "sidewalk": "separate",
        "surface": "asphalt",
        "tiger:cfcc": "A41",
        "tiger:county": "San Francisco, CA",
        "tiger:name_base": "Montgomery",
        "tiger:name_type": "St",
        "turn:lanes": "through|through",
        "wikidata": "Q3322721"
      },
      "geometry": {
        "type": "LineString",
        "coordinates": [
          [
            -122.4020923,
            37.7894058
          ],
          [
            -122.4020467,
            37.7891801
          ],
          [
            -122.4020317,
            37.7891058
          ]
        ]
      },
      "id": "way/766116626"
    },
    {
      "type": "Feature",
      "properties": {
        "@id": "way/769778927",
        "cycleway:right": "lane",
        "foot": "no",
        "hgv": "designated",
        "highway": "primary",
        "lanes": "2",
        "lcn_ref": "5",
        "lit": "yes",
        "maxspeed": "30 mph",
        "name": "The Embarcadero",
        "oneway": "yes",
        "sidewalk:left": "no",
        "sidewalk:right": "separate",
        "source:hgv": "https://sfplanninggis.org/TIM/?search=3591024#searchbox",
        "surface": "asphalt",
        "tiger:cfcc": "A45",
        "tiger:county": "San Francisco, CA",
        "tiger:name_base": "The Embarcadero"
      },
      "geometry": {
        "type": "LineString",
        "coordinates": [
          [
            -122.4008298,
            37.8029766
          ],
          [
            -122.400902,
            37.8030578
          ],
          [
            -122.401236,
            37.80342
          ],
          [
            -122.4014167,
            37.8036287
          ]
        ]
      },
      "id": "way/769778927"
    },
    {
      "type": "Feature",
      "properties": {
        "@id": "way/769778928",
        "cycleway:right": "lane",
        "hgv": "designated",
        "highway": "primary",
        "lanes": "2",
        "lcn_ref": "5",
        "maxspeed": "30 mph",
        "name": "The Embarcadero",
        "oneway": "yes",
        "sidewalk:left": "no",
        "sidewalk:right": "separate",
        "source:hgv": "https://sfplanninggis.org/TIM/?search=3591024#searchbox",
        "surface": "asphalt",
        "tiger:cfcc": "A45",
        "tiger:county": "San Francisco, CA",
        "tiger:name_base": "The Embarcadero"
      },
      "geometry": {
        "type": "LineString",
        "coordinates": [
          [
            -122.4008668,
            37.8026744
          ],
          [
            -122.3999847,
            37.8016681
          ],
          [
            -122.3993427,
            37.8009388
          ],
          [
            -122.3992608,
            37.8008478
          ]
        ]
      },
      "id": "way/769778928"
    },
    {
      "type": "Feature",
      "properties": {
        "@id": "way/770023605",
        "cycleway:right": "no",
        "hgv": "designated",
        "highway": "secondary",
        "lanes": "4",
        "maxspeed": "20 mph",
        "name": "Kearny Street",
        "name:etymology:wikidata": "Q518351",
        "oneway": "yes",
        "sidewalk:both": "separate",
        "source:hgv": "https://sfplanninggis.org/TIM/?search=3591024#searchbox",
        "surface": "asphalt",
        "tiger:cfcc": "A41",
        "tiger:county": "San Francisco, CA",
        "tiger:name_base": "Kearny",
        "tiger:name_type": "St",
        "trolley_wire": "yes"
      },
      "geometry": {
        "type": "LineString",
        "coordinates": [
          [
            -122.4035912,
            37.7884358
          ],
          [
            -122.4036682,
            37.7888211
          ],
          [
            -122.4036842,
            37.788901
          ]
        ]
      },
      "id": "way/770023605"
    },
    {
      "type": "Feature",
      "properties": {
        "@id": "way/771410424",
        "NHS": "STRAHNET",
        "bicycle": "yes",
        "hgv": "designated",
        "highway": "trunk",
        "lanes": "3",
        "lit": "yes",
        "maxspeed": "25 mph",
        "name": "Van Ness Avenue",
        "name:etymology:wikidata": "Q6144602",
        "old_name": "Marlette Street",
        "oneway": "yes",
        "ref": "US 101",
        "sidewalk": "separate",
        "source:hgv": "https://sfplanninggis.org/TIM/?search=3591024#searchbox",
        "tiger:cfcc": "A25",
        "tiger:county": "San Francisco, CA",
        "tiger:name_base": "United States Highway 101",
        "tiger:name_base_1": "Van Ness",
        "tiger:name_type_1": "Ave",
        "trolley_wire": "yes"
      },
      "geometry": {
        "type": "LineString",
        "coordinates": [
          [
            -122.421853,
            37.7885033
          ],
          [
            -122.4218781,
            37.7885873
          ],
          [
            -122.4219084,
            37.7887095
          ],
          [
            -122.4219592,
            37.7889677
          ],
          [
            -122.4220402,
            37.7893557
          ],
          [
            -122.422057,
            37.7894331
          ]
        ]
      },
      "id": "way/771410424"
    },
    {
      "type": "Feature",
      "properties": {
        "@id": "way/771449105",
        "NHS": "STRAHNET",
        "bicycle": "yes",
        "hgv": "designated",
        "highway": "trunk",
        "lanes": "2",
        "lit": "yes",
        "maxspeed": "25 mph",
        "name": "Van Ness Avenue",
        "name:etymology:wikidata": "Q6144602",
        "old_name": "Marlette Street",
        "oneway": "yes",
        "ref": "US 101",
        "sidewalk": "separate",
        "source:hgv": "https://sfplanninggis.org/TIM/?search=3591024#searchbox",
        "tiger:cfcc": "A25",
        "tiger:county": "San Francisco, CA",
        "tiger:name_base": "United States Highway 101",
        "tiger:name_base_1": "Van Ness",
        "tiger:name_type_1": "Ave",
        "trolley_wire": "yes"
      },
      "geometry": {
        "type": "LineString",
        "coordinates": [
          [
            -122.4222577,
            37.7894074
          ],
          [
            -122.4222462,
            37.7893296
          ],
          [
            -122.4221708,
            37.7889484
          ]
        ]
      },
      "id": "way/771449105"
    },
    {
      "type": "Feature",
      "properties": {
        "@id": "way/771449106",
        "cycleway:right": "no",
        "hgv": "designated",
        "highway": "secondary",
        "lanes": "3",
        "lit": "yes",
        "maxspeed": "25 mph",
        "name": "Pine Street",
        "oneway": "yes",
        "parking:both": "yes",
        "parking:both:orientation": "parallel",
        "sidewalk": "both",
        "source:hgv": "https://sfplanninggis.org/TIM/?search=3591024#searchbox",
        "surface": "asphalt",
        "tiger:cfcc": "A41",
        "tiger:county": "San Francisco, CA",
        "tiger:name_base": "Pine",
        "tiger:name_type": "St"
      },
      "geometry": {
        "type": "LineString",
        "coordinates": [
          [
            -122.4223968,
            37.7893896
          ],
          [
            -122.4224381,
            37.7893842
          ],
          [
            -122.4227255,
            37.7893477
          ],
          [
            -122.4236941,
            37.7892247
          ],
          [
            -122.423798,
            37.7892115
          ]
        ]
      },
      "id": "way/771449106"
    },
    {
      "type": "Feature",
      "properties": {
        "@id": "way/772536172",
        "cycleway:both": "no",
        "highway": "secondary",
        "lanes": "3",
        "name": "Montgomery Street",
        "name:etymology:wikidata": "Q6220059",
        "oneway": "yes",
        "sidewalk:both": "separate",
        "surface": "asphalt",
        "tiger:cfcc": "A41",
        "tiger:county": "San Francisco, CA",
        "tiger:name_base": "Montgomery",
        "tiger:name_type": "St",
        "wikidata": "Q3322721"
      },
      "geometry": {
        "type": "LineString",
        "coordinates": [
          [
            -122.4023676,
            37.7907696
          ],
          [
            -122.4023096,
            37.7904823
          ]
        ]
      },
      "id": "way/772536172"
    },
    {
      "type": "Feature",
      "properties": {
        "@id": "way/775083029",
        "hgv": "designated",
        "highway": "primary",
        "lanes": "6",
        "lanes:backward": "3",
        "lanes:forward": "3",
        "lit": "yes",
        "maxspeed": "25 mph",
        "name": "Bay Street",
        "placement:backward": "left_of:1",
        "sidewalk:both": "separate",
        "source:hgv": "https://sfplanninggis.org/TIM/?search=3591024#searchbox",
        "surface": "asphalt",
        "tiger:cfcc": "A41",
        "tiger:county": "San Francisco, CA",
        "tiger:name_base": "Bay",
        "tiger:name_type": "St",
        "turn:lanes:backward": "||right"
      },
      "geometry": {
        "type": "LineString",
        "coordinates": [
          [
            -122.4171628,
            37.8051849
          ],
          [
            -122.4172795,
            37.8051714
          ]
        ]
      },
      "id": "way/775083029"
    },
    {
      "type": "Feature",
      "properties": {
        "@id": "way/775393065",
        "cycleway:left": "track",
        "cycleway:left:oneway": "no",
        "cycleway:right": "no",
        "highway": "secondary",
        "lanes": "3",
        "maxspeed": "25 mph",
        "name": "Battery Street",
        "oneway": "yes",
        "oneway:bicycle": "no",
        "parking:lane:right": "parallel",
        "sidewalk:both": "separate",
        "surface": "asphalt",
        "tiger:cfcc": "A41",
        "tiger:county": "San Francisco, CA",
        "tiger:name_base": "Battery",
        "tiger:name_type": "St",
        "turn:lanes": "left;through|none|none"
      },
      "geometry": {
        "type": "LineString",
        "coordinates": [
          [
            -122.4003708,
            37.7951946
          ],
          [
            -122.400348,
            37.7950902
          ],
          [
            -122.4003318,
            37.7949983
          ]
        ]
      },
      "id": "way/775393065"
    },
    {
      "type": "Feature",
      "properties": {
        "@id": "way/777349734",
        "check_date:surface": "2021-05-28",
        "cycleway": "shared_lane",
        "hgv": "designated",
        "highway": "primary",
        "lanes": "4",
        "lcn_ref": "10",
        "lit": "yes",
        "name": "Broadway",
        "name_1": "Broadway",
        "sidewalk:both": "separate",
        "source:hgv": "https://sfplanninggis.org/TIM/?search=3591024#searchbox",
        "surface": "asphalt",
        "tiger:cfcc": "A41",
        "tiger:county": "San Francisco, CA",
        "tiger:name_base": "Broadway",
        "tiger:name_base_1": "Broadway",
        "tiger:name_type": "St"
      },
      "geometry": {
        "type": "LineString",
        "coordinates": [
          [
            -122.3998726,
            37.7987366
          ],
          [
            -122.4000051,
            37.7987198
          ],
          [
            -122.400963,
            37.7985977
          ],
          [
            -122.401068,
            37.7985851
          ]
        ]
      },
      "id": "way/777349734"
    },
    {
      "type": "Feature",
      "properties": {
        "@id": "way/778988051",
        "NHS": "STRAHNET",
        "alt_name": "Doyle Drive",
        "bicycle": "no",
        "bridge": "yes",
        "hgv": "designated",
        "highway": "motorway",
        "lanes": "3",
        "layer": "1",
        "maxspeed": "45 mph",
        "name": "Presidio Parkway",
        "old_ref": "CA 480",
        "oneway": "yes",
        "ref": "US 101",
        "source:hgv": "https://sfplanninggis.org/TIM/?search=3591024#searchbox"
      },
      "geometry": {
        "type": "LineString",
        "coordinates": [
          [
            -122.4679086,
            37.80258
          ],
          [
            -122.4678734,
            37.8025734
          ]
        ]
      },
      "id": "way/778988051"
    },
    {
      "type": "Feature",
      "properties": {
        "@id": "way/778988052",
        "highway": "motorway_link",
        "lanes": "2",
        "maxspeed": "45 mph",
        "maxspeed:advisory": "25 mph",
        "oneway": "yes",
        "surface": "concrete:plates"
      },
      "geometry": {
        "type": "LineString",
        "coordinates": [
          [
            -122.4541267,
            37.8029541
          ],
          [
            -122.4536995,
            37.8029423
          ]
        ]
      },
      "id": "way/778988052"
    },
    {
      "type": "Feature",
      "properties": {
        "@id": "way/778988053",
        "alt_name": "Doyle Drive",
        "bicycle": "no",
        "bridge": "yes",
        "destination:lanes": "||none;19th Avenue",
        "hgv": "designated",
        "highway": "motorway",
        "lanes": "3",
        "layer": "1",
        "maxspeed": "45 mph",
        "name": "Presidio Parkway",
        "old_ref": "CA 480",
        "oneway": "yes",
        "ref": "US 101",
        "source:hgv": "https://sfplanninggis.org/TIM/?search=3591024#searchbox",
        "surface": "concrete",
        "turn:lanes": "||through;slight_right"
      },
      "geometry": {
        "type": "LineString",
        "coordinates": [
          [
            -122.4651765,
            37.8022176
          ],
          [
            -122.467108,
            37.8026165
          ]
        ]
      },
      "id": "way/778988053"
    },
    {
      "type": "Feature",
      "properties": {
        "@id": "way/778988054",
        "alt_name": "Doyle Drive",
        "bicycle": "no",
        "bridge": "yes",
        "hgv": "designated",
        "highway": "motorway",
        "lanes": "3",
        "layer": "1",
        "maxspeed": "45 mph",
        "name": "Presidio Parkway",
        "old_ref": "CA 480",
        "oneway": "yes",
        "ref": "US 101",
        "source:hgv": "https://sfplanninggis.org/TIM/?search=3591024#searchbox",
        "surface": "concrete"
      },
      "geometry": {
        "type": "LineString",
        "coordinates": [
          [
            -122.4678072,
            37.8027599
          ],
          [
            -122.4679643,
            37.802792
          ],
          [
            -122.4681231,
            37.8028265
          ],
          [
            -122.4682394,
            37.8028528
          ],
          [
            -122.4683463,
            37.802878
          ],
          [
            -122.4684623,
            37.8029057
          ],
          [
            -122.4685737,
            37.8029343
          ],
          [
            -122.4686725,
            37.8029594
          ],
          [
            -122.468767,
            37.8029848
          ],
          [
            -122.4688523,
            37.803008
          ],
          [
            -122.4689368,
            37.8030323
          ],
          [
            -122.4690348,
            37.8030606
          ],
          [
            -122.4691224,
            37.8030863
          ],
          [
            -122.4692289,
            37.8031183
          ],
          [
            -122.4693341,
            37.8031518
          ],
          [
            -122.4694384,
            37.8031858
          ],
          [
            -122.469547,
            37.8032215
          ],
          [
            -122.4696558,
            37.803259
          ],
          [
            -122.4697733,
            37.8032998
          ]
        ]
      },
      "id": "way/778988054"
    },
    {
      "type": "Feature",
      "properties": {
        "@id": "way/778988055",
        "alt_name": "Doyle Drive",
        "hgv": "designated",
        "highway": "motorway",
        "lanes": "3",
        "lit": "yes",
        "maxspeed": "45 mph",
        "name": "Presidio Parkway",
        "old_ref": "CA 480",
        "oneway": "yes",
        "ref": "US 101",
        "source:hgv": "https://sfplanninggis.org/TIM/?search=3591024#searchbox",
        "surface": "asphalt"
      },
      "geometry": {
        "type": "LineString",
        "coordinates": [
          [
            -122.4511097,
            37.8031346
          ],
          [
            -122.4510513,
            37.8031128
          ],
          [
            -122.4509762,
            37.8030831
          ],
          [
            -122.4509001,
            37.8030505
          ],
          [
            -122.4508297,
            37.8030175
          ],
          [
            -122.450764,
            37.8029837
          ],
          [
            -122.4506989,
            37.8029485
          ],
          [
            -122.4506284,
            37.8029079
          ],
          [
            -122.4505655,
            37.8028683
          ],
          [
            -122.4505015,
            37.8028253
          ],
          [
            -122.4504424,
            37.8027831
          ],
          [
            -122.4503864,
            37.8027405
          ],
          [
            -122.4503308,
            37.8026951
          ],
          [
            -122.4502733,
            37.8026471
          ],
          [
            -122.4499464,
            37.8023632
          ],
          [
            -122.4496688,
            37.8021208
          ],
          [
            -122.4495609,
            37.8020274
          ],
          [
            -122.4494521,
            37.8019382
          ],
          [
            -122.4493357,
            37.8018448
          ],
          [
            -122.44922,
            37.8017572
          ],
          [
            -122.4491004,
            37.8016718
          ],
          [
            -122.4483619,
            37.8011623
          ]
        ]
      },
      "id": "way/778988055"
    },
    {
      "type": "Feature",
      "properties": {
        "@id": "way/778988056",
        "alt_name": "Doyle Drive",
        "hgv": "designated",
        "highway": "motorway",
        "lanes": "2",
        "maxspeed": "35 mph",
        "name": "Presidio Parkway",
        "old_ref": "CA 480",
        "oneway": "yes",
        "ref": "US 101",
        "source:hgv": "https://sfplanninggis.org/TIM/?search=3591024#searchbox",
        "surface": "concrete"
      },
      "geometry": {
        "type": "LineString",
        "coordinates": [
          [
            -122.4509896,
            37.803238
          ],
          [
            -122.4510427,
            37.8032573
          ],
          [
            -122.4510853,
            37.8032721
          ]
        ]
      },
      "id": "way/778988056"
    },
    {
      "type": "Feature",
      "properties": {
        "@id": "way/778988057",
        "bicycle": "no",
        "highway": "motorway_link",
        "lanes": "1",
        "layer": "1",
        "maxspeed": "35 mph",
        "oneway": "yes"
      },
      "geometry": {
        "type": "LineString",
        "coordinates": [
          [
            -122.4693016,
            37.8012474
          ],
          [
            -122.469279,
            37.8014447
          ],
          [
            -122.4692561,
            37.8016091
          ],
          [
            -122.4692387,
            37.8017257
          ]
        ]
      },
      "id": "way/778988057"
    },
    {
      "type": "Feature",
      "properties": {
        "@id": "way/778988058",
        "alt_name": "Doyle Drive",
        "hgv": "designated",
        "highway": "motorway",
        "lanes": "2",
        "maxspeed": "35 mph",
        "name": "Presidio Parkway",
        "oneway": "yes",
        "ref": "US 101",
        "source:hgv": "https://sfplanninggis.org/TIM/?search=3591024#searchbox",
        "surface": "concrete"
      },
      "geometry": {
        "type": "LineString",
        "coordinates": [
          [
            -122.4540572,
            37.8033436
          ],
          [
            -122.4542059,
            37.8033354
          ]
        ]
      },
      "id": "way/778988058"
    },
    {
      "type": "Feature",
      "properties": {
        "@id": "way/778988059",
        "alt_name": "Doyle Drive",
        "hgv": "designated",
        "highway": "motorway",
        "lanes": "3",
        "maxspeed": "45 mph",
        "name": "Presidio Parkway",
        "old_ref": "CA 480",
        "oneway": "yes",
        "ref": "US 101",
        "source:hgv": "https://sfplanninggis.org/TIM/?search=3591024#searchbox",
        "surface": "concrete:plates"
      },
      "geometry": {
        "type": "LineString",
        "coordinates": [
          [
            -122.4541317,
            37.8030853
          ],
          [
            -122.4540682,
            37.803087
          ],
          [
            -122.453986,
            37.8030895
          ],
          [
            -122.4539051,
            37.8030934
          ],
          [
            -122.4538336,
            37.8030973
          ],
          [
            -122.4537586,
            37.8031028
          ],
          [
            -122.4536712,
            37.8031108
          ],
          [
            -122.453584,
            37.8031202
          ],
          [
            -122.4535206,
            37.8031278
          ],
          [
            -122.4534509,
            37.8031372
          ]
        ]
      },
      "id": "way/778988059"
    },
    {
      "type": "Feature",
      "properties": {
        "@id": "way/778988061",
        "NHS": "STRAHNET",
        "alt_name": "Doyle Drive",
        "bicycle": "no",
        "hgv": "designated",
        "highway": "motorway",
        "lanes": "4",
        "lit": "yes",
        "maxspeed": "35 mph",
        "name": "Presidio Parkway",
        "old_ref": "CA 480",
        "oneway": "yes",
        "ref": "US 101",
        "source:hgv": "https://sfplanninggis.org/TIM/?search=3591024#searchbox",
        "surface": "concrete:plates"
      },
      "geometry": {
        "type": "LineString",
        "coordinates": [
          [
            -122.4613392,
            37.8015189
          ],
          [
            -122.4612519,
            37.8015266
          ],
          [
            -122.4610885,
            37.8015441
          ],
          [
            -122.4609285,
            37.8015651
          ],
          [
            -122.4607654,
            37.8015904
          ],
          [
            -122.4606089,
            37.80162
          ],
          [
            -122.4604478,
            37.8016539
          ],
          [
            -122.4603173,
            37.8016856
          ],
          [
            -122.460194,
            37.8017187
          ],
          [
            -122.4600422,
            37.8017639
          ],
          [
            -122.4598935,
            37.8018107
          ],
          [
            -122.4597372,
            37.8018618
          ],
          [
            -122.4585458,
            37.8022582
          ],
          [
            -122.4581807,
            37.8023802
          ],
          [
            -122.4578121,
            37.8025029
          ]
        ]
      },
      "id": "way/778988061"
    },
    {
      "type": "Feature",
      "properties": {
        "@id": "way/778988062",
        "alt_name": "Doyle Drive",
        "bicycle": "no",
        "bridge": "yes",
        "hgv": "designated",
        "highway": "motorway",
        "lanes": "3",
        "layer": "1",
        "maxspeed": "45 mph",
        "name": "Presidio Parkway",
        "old_ref": "CA 480",
        "oneway": "yes",
        "ref": "US 101",
        "source:hgv": "https://sfplanninggis.org/TIM/?search=3591024#searchbox"
      },
      "geometry": {
        "type": "LineString",
        "coordinates": [
          [
            -122.4677649,
            37.8027508
          ],
          [
            -122.4678072,
            37.8027599
          ]
        ]
      },
      "id": "way/778988062"
    },
    {
      "type": "Feature",
      "properties": {
        "@id": "way/778988063",
        "NHS": "STRAHNET",
        "alt_name": "Doyle Drive",
        "bicycle": "no",
        "bridge": "yes",
        "hgv": "designated",
        "highway": "motorway",
        "lanes": "4",
        "layer": "1",
        "lit": "yes",
        "maxspeed": "45 mph",
        "name": "Presidio Parkway",
        "old_ref": "CA 480",
        "oneway": "yes",
        "ref": "US 101",
        "source:hgv": "https://sfplanninggis.org/TIM/?search=3591024#searchbox",
        "surface": "concrete"
      },
      "geometry": {
        "type": "LineString",
        "coordinates": [
          [
            -122.4678734,
            37.8025734
          ],
          [
            -122.466176,
            37.8022472
          ],
          [
            -122.4660452,
            37.8022199
          ],
          [
            -122.4657077,
            37.8021443
          ]
        ]
      },
      "id": "way/778988063"
    },
    {
      "type": "Feature",
      "properties": {
        "@id": "way/778988064",
        "NHS": "STRAHNET",
        "alt_name": "Doyle Drive",
        "bicycle": "no",
        "hgv": "designated",
        "highway": "motorway",
        "lanes": "3",
        "lit": "yes",
        "maxspeed": "45 mph",
        "name": "Presidio Parkway",
        "old_ref": "CA 480",
        "oneway": "yes",
        "ref": "US 101",
        "source:hgv": "https://sfplanninggis.org/TIM/?search=3591024#searchbox",
        "surface": "concrete:plates"
      },
      "geometry": {
        "type": "LineString",
        "coordinates": [
          [
            -122.4574394,
            37.8027717
          ],
          [
            -122.4576111,
            37.8027229
          ],
          [
            -122.4577649,
            37.8026783
          ],
          [
            -122.4600455,
            37.8020097
          ],
          [
            -122.4601965,
            37.8019668
          ],
          [
            -122.4603555,
            37.8019243
          ],
          [
            -122.4605099,
            37.8018873
          ],
          [
            -122.4606698,
            37.8018532
          ],
          [
            -122.4608195,
            37.8018249
          ],
          [
            -122.4609876,
            37.8017975
          ],
          [
            -122.4611481,
            37.801775
          ],
          [
            -122.4613015,
            37.8017569
          ],
          [
            -122.461393,
            37.8017477
          ]
        ]
      },
      "id": "way/778988064"
    },
    {
      "type": "Feature",
      "properties": {
        "@id": "way/778988065",
        "alt_name": "Doyle Drive",
        "hgv": "designated",
        "highway": "motorway",
        "lanes": "3",
        "maxspeed": "45 mph",
        "name": "Presidio Parkway",
        "old_ref": "CA 480",
        "oneway": "yes",
        "ref": "US 101",
        "source:hgv": "https://sfplanninggis.org/TIM/?search=3591024#searchbox",
        "surface": "paved"
      },
      "geometry": {
        "type": "LineString",
        "coordinates": [
          [
            -122.4511332,
            37.803143
          ],
          [
            -122.4511097,
            37.8031346
          ]
        ]
      },
      "id": "way/778988065"
    },
    {
      "type": "Feature",
      "properties": {
        "@id": "way/778988066",
        "bicycle": "no",
        "bridge": "yes",
        "highway": "motorway_link",
        "lanes": "1",
        "layer": "1",
        "lit": "yes",
        "maxspeed": "35 mph",
        "oneway": "yes",
        "surface": "concrete"
      },
      "geometry": {
        "type": "LineString",
        "coordinates": [
          [
            -122.4679102,
            37.8024436
          ],
          [
            -122.4675857,
            37.8023966
          ],
          [
            -122.4670683,
            37.8023223
          ],
          [
            -122.466921,
            37.8023014
          ],
          [
            -122.4667945,
            37.802282
          ],
          [
            -122.4666629,
            37.8022616
          ],
          [
            -122.4665448,
            37.8022437
          ],
          [
            -122.4664126,
            37.8022226
          ],
          [
            -122.466278,
            37.8022009
          ],
          [
            -122.4661902,
            37.8021863
          ],
          [
            -122.4660855,
            37.8021724
          ],
          [
            -122.4659759,
            37.8021622
          ],
          [
            -122.4657077,
            37.8021443
          ]
        ]
      },
      "id": "way/778988066"
    },
    {
      "type": "Feature",
      "properties": {
        "@id": "way/778988067",
        "alt_name": "Doyle Drive",
        "hgv": "designated",
        "highway": "motorway",
        "lanes": "2",
        "maxspeed": "35 mph",
        "name": "Presidio Parkway",
        "old_ref": "CA 480",
        "oneway": "yes",
        "ref": "US 101",
        "source:hgv": "https://sfplanninggis.org/TIM/?search=3591024#searchbox",
        "surface": "paved"
      },
      "geometry": {
        "type": "LineString",
        "coordinates": [
          [
            -122.4509686,
            37.8032299
          ],
          [
            -122.4509896,
            37.803238
          ]
        ]
      },
      "id": "way/778988067"
    },
    {
      "type": "Feature",
      "properties": {
        "@id": "way/778988068",
        "bridge": "yes",
        "highway": "motorway_link",
        "junction:ref": "438",
        "lanes": "1",
        "layer": "1",
        "lit": "yes",
        "maxspeed": "45 mph",
        "maxspeed:advisory": "25 mph",
        "oneway": "yes",
        "surface": "concrete"
      },
      "geometry": {
        "type": "LineString",
        "coordinates": [
          [
            -122.4691195,
            37.8032141
          ],
          [
            -122.4691758,
            37.8032341
          ],
          [
            -122.4692278,
            37.8032526
          ],
          [
            -122.4692828,
            37.8032731
          ],
          [
            -122.4693286,
            37.8032918
          ],
          [
            -122.4693731,
            37.8033111
          ],
          [
            -122.4694161,
            37.8033306
          ],
          [
            -122.4694601,
            37.8033524
          ],
          [
            -122.4695015,
            37.8033738
          ],
          [
            -122.4695421,
            37.8033962
          ],
          [
            -122.4695788,
            37.8034174
          ],
          [
            -122.4696186,
            37.8034418
          ],
          [
            -122.4696568,
            37.8034671
          ],
          [
            -122.4696953,
            37.8034948
          ],
          [
            -122.4697334,
            37.8035236
          ],
          [
            -122.4697727,
            37.803555
          ],
          [
            -122.46981,
            37.8035856
          ]
        ]
      },
      "id": "way/778988068"
    },
    {
      "type": "Feature",
      "properties": {
        "@id": "way/778988069",
        "NHS": "STRAHNET",
        "alt_name": "Doyle Drive",
        "bicycle": "no",
        "hgv": "designated",
        "highway": "motorway",
        "lanes": "4",
        "maxspeed": "45 mph",
        "name": "Presidio Parkway",
        "old_ref": "CA 480",
        "oneway": "yes",
        "ref": "US 101",
        "source:hgv": "https://sfplanninggis.org/TIM/?search=3591024#searchbox",
        "surface": "concrete"
      },
      "geometry": {
        "type": "LineString",
        "coordinates": [
          [
            -122.4578121,
            37.8025029
          ],
          [
            -122.4576719,
            37.8025469
          ]
        ]
      },
      "id": "way/778988069"
    },
    {
      "type": "Feature",
      "properties": {
        "@id": "way/778988071",
        "NHS": "STRAHNET",
        "alt_name": "Doyle Drive",
        "bicycle": "no",
        "hgv": "designated",
        "highway": "motorway",
        "lanes": "3",
        "lit": "yes",
        "maxspeed": "35 mph",
        "name": "Presidio Parkway",
        "old_ref": "CA 480",
        "oneway": "yes",
        "ref": "US 101",
        "source:hgv": "https://sfplanninggis.org/TIM/?search=3591024#searchbox",
        "surface": "asphalt",
        "tiger:cfcc": "A25",
        "tiger:name_base": "Richardson",
        "tiger:name_type": "Ave",
        "turn:lanes": "merge_to_right||"
      },
      "geometry": {
        "type": "LineString",
        "coordinates": [
          [
            -122.4721199,
            37.8044141
          ],
          [
            -122.4722486,
            37.8044942
          ],
          [
            -122.4723747,
            37.8045751
          ],
          [
            -122.4725005,
            37.8046567
          ],
          [
            -122.4726238,
            37.8047393
          ],
          [
            -122.4727465,
            37.8048237
          ],
          [
            -122.4728698,
            37.8049105
          ],
          [
            -122.4729912,
            37.8049971
          ],
          [
            -122.4731028,
            37.8050808
          ],
          [
            -122.4732377,
            37.8051926
          ],
          [
            -122.4733514,
            37.8052951
          ],
          [
            -122.4734525,
            37.805394
          ],
          [
            -122.4736824,
            37.8056358
          ]
        ]
      },
      "id": "way/778988071"
    },
    {
      "type": "Feature",
      "properties": {
        "@id": "way/778988072",
        "bridge": "yes",
        "highway": "motorway_link",
        "junction:ref": "438",
        "lanes": "1",
        "layer": "1",
        "lit": "yes",
        "maxspeed": "45 mph",
        "oneway": "yes"
      },
      "geometry": {
        "type": "LineString",
        "coordinates": [
          [
            -122.4677463,
            37.8028044
          ],
          [
            -122.4678543,
            37.8028345
          ]
        ]
      },
      "id": "way/778988072"
    },
    {
      "type": "Feature",
      "properties": {
        "@id": "way/778988073",
        "bicycle": "no",
        "bridge": "yes",
        "highway": "motorway_link",
        "lanes": "1",
        "layer": "1",
        "maxspeed": "35 mph",
        "maxspeed:advisory": "25 mph",
        "oneway": "yes"
      },
      "geometry": {
        "type": "LineString",
        "coordinates": [
          [
            -122.4679432,
            37.8024485
          ],
          [
            -122.4679102,
            37.8024436
          ]
        ]
      },
      "id": "way/778988073"
    },
    {
      "type": "Feature",
      "properties": {
        "@id": "way/778988074",
        "NHS": "STRAHNET",
        "alt_name": "Doyle Drive",
        "bicycle": "no",
        "hgv": "designated",
        "highway": "motorway",
        "lanes": "3",
        "maxspeed": "35 mph",
        "name": "Presidio Parkway",
        "old_ref": "CA 480",
        "oneway": "yes",
        "ref": "US 101",
        "source:hgv": "https://sfplanninggis.org/TIM/?search=3591024#searchbox",
        "surface": "concrete"
      },
      "geometry": {
        "type": "LineString",
        "coordinates": [
          [
            -122.461393,
            37.8017477
          ],
          [
            -122.4615533,
            37.8017336
          ]
        ]
      },
      "id": "way/778988074"
    },
    {
      "type": "Feature",
      "properties": {
        "@id": "way/778988075",
        "bicycle": "no",
        "bridge": "yes",
        "highway": "motorway_link",
        "lanes": "1",
        "layer": "1",
        "maxspeed": "35 mph",
        "maxspeed:advisory": "25 mph",
        "oneway": "yes",
        "surface": "concrete"
      },
      "geometry": {
        "type": "LineString",
        "coordinates": [
          [
            -122.4692387,
            37.8017257
          ],
          [
            -122.4692293,
            37.8017764
          ],
          [
            -122.4692147,
            37.8018441
          ],
          [
            -122.4692063,
            37.8018742
          ],
          [
            -122.4691946,
            37.8019092
          ],
          [
            -122.4691831,
            37.8019404
          ],
          [
            -122.4691687,
            37.8019727
          ],
          [
            -122.4691537,
            37.8020031
          ],
          [
            -122.4691352,
            37.8020367
          ],
          [
            -122.4691169,
            37.8020647
          ],
          [
            -122.4690954,
            37.8020952
          ],
          [
            -122.469072,
            37.8021247
          ],
          [
            -122.4690481,
            37.8021524
          ],
          [
            -122.4690239,
            37.8021777
          ],
          [
            -122.4689958,
            37.8022054
          ],
          [
            -122.4689701,
            37.8022286
          ],
          [
            -122.4689421,
            37.8022523
          ],
          [
            -122.4689107,
            37.8022761
          ],
          [
            -122.4688765,
            37.8022996
          ],
          [
            -122.4688431,
            37.8023205
          ],
          [
            -122.4688079,
            37.8023405
          ],
          [
            -122.468774,
            37.8023583
          ],
          [
            -122.4687364,
            37.8023766
          ],
          [
            -122.4687,
            37.8023927
          ],
          [
            -122.4686597,
            37.8024087
          ],
          [
            -122.4686224,
            37.8024215
          ],
          [
            -122.4685821,
            37.8024336
          ],
          [
            -122.4685431,
            37.8024436
          ],
          [
            -122.468501,
            37.8024538
          ],
          [
            -122.4684582,
            37.8024625
          ],
          [
            -122.4684153,
            37.8024696
          ],
          [
            -122.468379,
            37.8024737
          ],
          [
            -122.4683427,
            37.8024766
          ],
          [
            -122.4682975,
            37.8024788
          ],
          [
            -122.4682507,
            37.8024801
          ],
          [
            -122.468209,
            37.8024803
          ],
          [
            -122.4681668,
            37.8024787
          ],
          [
            -122.4681231,
            37.8024752
          ],
          [
            -122.4680784,
            37.8024695
          ],
          [
            -122.4680393,
            37.8024639
          ],
          [
            -122.468,
            37.8024575
          ],
          [
            -122.4679432,
            37.8024485
          ]
        ]
      },
      "id": "way/778988075"
    },
    {
      "type": "Feature",
      "properties": {
        "@id": "way/778988076",
        "highway": "motorway_link",
        "lanes": "1",
        "maxspeed": "35 mph",
        "oneway": "yes",
        "source": "Presidio Parkway project website;guesswork",
        "surface": "concrete"
      },
      "geometry": {
        "type": "LineString",
        "coordinates": [
          [
            -122.4540661,
            37.8033841
          ],
          [
            -122.4542059,
            37.8033354
          ]
        ]
      },
      "id": "way/778988076"
    },
    {
      "type": "Feature",
      "properties": {
        "@id": "way/779123575",
        "highway": "secondary",
        "lanes": "3",
        "name": "Montgomery Street",
        "name:etymology:wikidata": "Q6220059",
        "oneway": "yes",
        "sidewalk:both": "separate",
        "surface": "asphalt",
        "tiger:cfcc": "A41",
        "tiger:county": "San Francisco, CA",
        "tiger:name_base": "Montgomery",
        "tiger:name_type": "St",
        "turn:lanes": "none|through;right|right",
        "wikidata": "Q3322721"
      },
      "geometry": {
        "type": "LineString",
        "coordinates": [
          [
            -122.4023096,
            37.7904823
          ],
          [
            -122.4022371,
            37.7901233
          ],
          [
            -122.4022209,
            37.7900432
          ]
        ]
      },
      "id": "way/779123575"
    },
    {
      "type": "Feature",
      "properties": {
        "@id": "way/779123577",
        "cycleway:right": "no",
        "hgv": "designated",
        "highway": "secondary",
        "lanes": "4",
        "lanes:bus": "1",
        "maxspeed": "30 mph",
        "name": "Bush Street",
        "oneway": "yes",
        "sidewalk:both": "separate",
        "source:hgv": "https://sfplanninggis.org/TIM/?search=3591024#searchbox",
        "surface": "asphalt",
        "tiger:cfcc": "A41",
        "tiger:county": "San Francisco, CA",
        "tiger:name_base": "Bush",
        "tiger:name_type": "St",
        "trolley_wire": "yes",
        "turn:lanes": "left|none|none|none"
      },
      "geometry": {
        "type": "LineString",
        "coordinates": [
          [
            -122.4013239,
            37.7911137
          ],
          [
            -122.4011489,
            37.7911354
          ],
          [
            -122.4010166,
            37.7911518
          ]
        ]
      },
      "id": "way/779123577"
    },
    {
      "type": "Feature",
      "properties": {
        "@id": "way/791435098",
        "bicycle": "no",
        "destination:ref": "US 101 North;CA 1 North",
        "highway": "motorway_link",
        "lanes": "1",
        "lit": "yes",
        "maxspeed": "35 mph",
        "oneway": "yes",
        "sidewalk": "separate",
        "tiger:cfcc": "A41",
        "tiger:name_base": "Hwy 101 N on",
        "tiger:name_type": "Ramp",
        "toll": "no"
      },
      "geometry": {
        "type": "LineString",
        "coordinates": [
          [
            -122.4739785,
            37.8071486
          ],
          [
            -122.4740306,
            37.8071376
          ],
          [
            -122.4743306,
            37.8069934
          ]
        ]
      },
      "id": "way/791435098"
    },
    {
      "type": "Feature",
      "properties": {
        "@id": "way/791435099",
        "destination": "View Area",
        "destination:symbol": "parking",
        "fixme": "lcn_ref=295?",
        "highway": "secondary",
        "noname": "yes",
        "oneway": "yes",
        "sidewalk:both": "no"
      },
      "geometry": {
        "type": "LineString",
        "coordinates": [
          [
            -122.4738858,
            37.8072131
          ],
          [
            -122.473934,
            37.8072538
          ]
        ]
      },
      "id": "way/791435099"
    },
    {
      "type": "Feature",
      "properties": {
        "@id": "way/791435102",
        "bicycle": "no",
        "destination:lanes": "View Area|Presidio;Golden Gate National Recreation Area",
        "destination:symbol:lanes": "parking|",
        "highway": "motorway_link",
        "junction:ref": "439",
        "lanes": "2",
        "lit": "yes",
        "maxspeed": "35 mph",
        "oneway": "yes",
        "tiger:cfcc": "A41",
        "tiger:name_base": "Hwt 101 N Off",
        "tiger:name_type": "Ramp",
        "toll": "no",
        "turn:lanes": "left|right"
      },
      "geometry": {
        "type": "LineString",
        "coordinates": [
          [
            -122.4745822,
            37.8067745
          ],
          [
            -122.4745616,
            37.8067987
          ],
          [
            -122.4745361,
            37.8068219
          ],
          [
            -122.4745136,
            37.806841
          ],
          [
            -122.4744875,
            37.8068607
          ],
          [
            -122.4744643,
            37.8068765
          ],
          [
            -122.4744372,
            37.806892
          ],
          [
            -122.474211,
            37.8069999
          ]
        ]
      },
      "id": "way/791435102"
    },
    {
      "type": "Feature",
      "properties": {
        "@id": "way/791435103",
        "NHS": "STRAHNET",
        "alt_name": "Doyle Drive",
        "bicycle": "no",
        "hgv": "designated",
        "highway": "motorway",
        "lanes": "3",
        "lit": "yes",
        "maxspeed": "45 mph",
        "name": "Presidio Parkway",
        "old_ref": "CA 480",
        "oneway": "yes",
        "ref": "US 101",
        "source:hgv": "https://sfplanninggis.org/TIM/?search=3591024#searchbox",
        "surface": "asphalt",
        "tiger:cfcc": "A25",
        "tiger:name_base": "Richardson",
        "tiger:name_type": "Ave"
      },
      "geometry": {
        "type": "LineString",
        "coordinates": [
          [
            -122.4709088,
            37.8037653
          ],
          [
            -122.4710564,
            37.8038359
          ],
          [
            -122.471198,
            37.8039045
          ],
          [
            -122.4713356,
            37.8039739
          ],
          [
            -122.4714714,
            37.8040454
          ],
          [
            -122.4716076,
            37.8041181
          ],
          [
            -122.4717394,
            37.804192
          ],
          [
            -122.4718605,
            37.8042607
          ],
          [
            -122.4719929,
            37.8043375
          ],
          [
            -122.4721199,
            37.8044141
          ]
        ]
      },
      "id": "way/791435103"
    },
    {
      "type": "Feature",
      "properties": {
        "@id": "way/791435104",
        "bicycle": "no",
        "hgv": "designated",
        "hgv:state_network": "yes",
        "highway": "motorway",
        "lanes": "2",
        "lit": "yes",
        "maxspeed": "35 mph",
        "name": "Veterans Boulevard",
        "oneway": "yes",
        "ref": "CA 1",
        "source:hgv:state_network": "Caltrans http://www.dot.ca.gov/hq/traffops/trucks/truckmap/",
        "surface": "asphalt",
        "tiger:cfcc": "A35;A63;A35;A35;A35",
        "tiger:name_base": "State Highway 1"
      },
      "geometry": {
        "type": "LineString",
        "coordinates": [
          [
            -122.4707023,
            37.8041964
          ],
          [
            -122.4707869,
            37.8042136
          ],
          [
            -122.47086,
            37.8042279
          ],
          [
            -122.4709466,
            37.8042449
          ],
          [
            -122.4710243,
            37.8042594
          ],
          [
            -122.4711047,
            37.8042747
          ],
          [
            -122.4711838,
            37.8042894
          ],
          [
            -122.4712636,
            37.804305
          ],
          [
            -122.4713493,
            37.8043235
          ],
          [
            -122.4714231,
            37.8043408
          ],
          [
            -122.4715042,
            37.8043615
          ],
          [
            -122.4715769,
            37.8043816
          ],
          [
            -122.4716514,
            37.8044041
          ],
          [
            -122.4717277,
            37.8044282
          ],
          [
            -122.4718122,
            37.8044564
          ],
          [
            -122.4718833,
            37.8044826
          ],
          [
            -122.4719509,
            37.8045089
          ],
          [
            -122.4720263,
            37.8045399
          ],
          [
            -122.4720965,
            37.8045707
          ],
          [
            -122.4721677,
            37.8046045
          ],
          [
            -122.472236,
            37.8046377
          ],
          [
            -122.4723076,
            37.8046746
          ],
          [
            -122.4723726,
            37.8047093
          ],
          [
            -122.4724369,
            37.8047449
          ],
          [
            -122.4725079,
            37.8047851
          ],
          [
            -122.4725785,
            37.8048267
          ],
          [
            -122.4726418,
            37.8048657
          ],
          [
            -122.4727031,
            37.8049042
          ],
          [
            -122.4727695,
            37.8049476
          ],
          [
            -122.4728325,
            37.8049903
          ],
          [
            -122.4728951,
            37.8050334
          ],
          [
            -122.4729537,
            37.805075
          ],
          [
            -122.473016,
            37.8051213
          ],
          [
            -122.473125,
            37.8052044
          ],
          [
            -122.4732303,
            37.8052866
          ],
          [
            -122.4736824,
            37.8056358
          ]
        ]
      },
      "id": "way/791435104"
    },
    {
      "type": "Feature",
      "properties": {
        "@id": "way/791435106",
        "bicycle": "no",
        "hgv": "designated",
        "hgv:state_network": "yes",
        "highway": "motorway",
        "lanes": "2",
        "maxspeed": "35 mph",
        "name": "Veterans Boulevard",
        "oneway": "yes",
        "ref": "CA 1",
        "source:hgv:state_network": "Caltrans http://www.dot.ca.gov/hq/traffops/trucks/truckmap/",
        "surface": "asphalt",
        "tiger:cfcc": "A35;A63;A35;A35;A35",
        "tiger:county": "San Francisco, CA",
        "tiger:name_base": "State Highway 1"
      },
      "geometry": {
        "type": "LineString",
        "coordinates": [
          [
            -122.4694163,
            37.8012486
          ],
          [
            -122.469405,
            37.8018731
          ],
          [
            -122.4693859,
            37.802761
          ],
          [
            -122.4693848,
            37.8028562
          ]
        ]
      },
      "id": "way/791435106"
    },
    {
      "type": "Feature",
      "properties": {
        "@id": "way/791435107",
        "bridge": "yes",
        "highway": "motorway_link",
        "junction:ref": "438",
        "lanes": "1",
        "layer": "1",
        "lit": "yes",
        "maxspeed": "45 mph",
        "oneway": "yes",
        "surface": "concrete"
      },
      "geometry": {
        "type": "LineString",
        "coordinates": [
          [
            -122.4678543,
            37.8028345
          ],
          [
            -122.468053,
            37.8028873
          ],
          [
            -122.4682336,
            37.8029361
          ],
          [
            -122.4683769,
            37.8029774
          ],
          [
            -122.4685158,
            37.8030179
          ],
          [
            -122.4686587,
            37.803062
          ],
          [
            -122.4688059,
            37.8031091
          ],
          [
            -122.4689479,
            37.803156
          ],
          [
            -122.4691195,
            37.8032141
          ]
        ]
      },
      "id": "way/791435107"
    },
    {
      "type": "Feature",
      "properties": {
        "@id": "way/791476536",
        "bicycle": "no",
        "destination:street": "Lincoln Boulevard",
        "highway": "motorway_link",
        "junction:ref": "439",
        "lanes": "1",
        "lit": "yes",
        "maxspeed": "25 mph",
        "maxspeed:advisory": "15 mph",
        "oneway": "yes",
        "sidewalk": "separate",
        "surface": "asphalt",
        "tiger:cfcc": "A63",
        "toll": "yes",
        "turn": "through;right"
      },
      "geometry": {
        "type": "LineString",
        "coordinates": [
          [
            -122.4753144,
            37.8064634
          ],
          [
            -122.475339,
            37.8064423
          ],
          [
            -122.4753734,
            37.8064149
          ],
          [
            -122.4754205,
            37.8063366
          ]
        ]
      },
      "id": "way/791476536"
    },
    {
      "type": "Feature",
      "properties": {
        "@id": "way/792329687",
        "NHS": "STRAHNET",
        "alt_name": "Doyle Drive",
        "bicycle": "no",
        "hgv": "designated",
        "highway": "motorway",
        "lanes": "4",
        "lit": "yes",
        "maxspeed": "25 mph",
        "name": "Presidio Parkway",
        "old_ref": "CA 480",
        "oneway": "yes",
        "ref": "US 101;CA 1",
        "source:hgv": "https://sfplanninggis.org/TIM/?search=3591024#searchbox",
        "surface": "asphalt",
        "tiger:cfcc": "A25",
        "tiger:name_base": "Richardson",
        "tiger:name_type": "Ave",
        "toll": "no"
      },
      "geometry": {
        "type": "LineString",
        "coordinates": [
          [
            -122.4745041,
            37.806104
          ],
          [
            -122.4744346,
            37.8060384
          ],
          [
            -122.4743332,
            37.80594
          ],
          [
            -122.474245,
            37.8058569
          ],
          [
            -122.4741257,
            37.8057452
          ],
          [
            -122.4740248,
            37.8056522
          ],
          [
            -122.4739674,
            37.8055996
          ]
        ]
      },
      "id": "way/792329687"
    },
    {
      "type": "Feature",
      "properties": {
        "@id": "way/792350776",
        "cycleway:right": "lane",
        "hgv": "designated",
        "highway": "primary",
        "lanes": "3",
        "lcn_ref": "4",
        "lit": "yes",
        "maxspeed": "30 mph",
        "name": "The Embarcadero",
        "oneway": "yes",
        "oneway:bicycle": "no",
        "sidewalk": "separate",
        "source:hgv": "https://sfplanninggis.org/TIM/?search=3591024#searchbox",
        "surface": "asphalt",
        "tiger:cfcc": "A45",
        "tiger:county": "San Francisco, CA",
        "tiger:name_base": "The Embarcadero",
        "turn:lanes": "left||"
      },
      "geometry": {
        "type": "LineString",
        "coordinates": [
          [
            -122.3946192,
            37.7960055
          ],
          [
            -122.3946417,
            37.7960323
          ]
        ]
      },
      "id": "way/792350776"
    },
    {
      "type": "Feature",
      "properties": {
        "@id": "way/792996606",
        "bicycle": "designated",
        "cycleway:left": "no",
        "cycleway:right": "lane",
        "foot": "no",
        "highway": "secondary",
        "lanes": "2",
        "lit": "yes",
        "maxspeed": "25 mph",
        "name": "Girard Road",
        "oneway": "yes",
        "sidewalk": "separate",
        "source": "Presidio Parkway project website;guesswork",
        "surface": "asphalt"
      },
      "geometry": {
        "type": "LineString",
        "coordinates": [
          [
            -122.4511818,
            37.8034461
          ],
          [
            -122.4510606,
            37.8035129
          ],
          [
            -122.4509441,
            37.8035769
          ],
          [
            -122.4508731,
            37.8036125
          ]
        ]
      },
      "id": "way/792996606"
    },
    {
      "type": "Feature",
      "properties": {
        "@id": "way/792996607",
        "destination": "Presidio",
        "foot": "yes",
        "highway": "motorway_link",
        "junction:ref": "437",
        "lanes": "1",
        "maxspeed": "35 mph",
        "maxspeed:advisory": "25 mph",
        "oneway": "yes",
        "sidewalk": "left",
        "source": "Presidio Parkway project website;guesswork",
        "surface": "asphalt",
        "turn": "left"
      },
      "geometry": {
        "type": "LineString",
        "coordinates": [
          [
            -122.4510825,
            37.8034235
          ],
          [
            -122.4511247,
            37.803437
          ],
          [
            -122.4511818,
            37.8034461
          ]
        ]
      },
      "id": "way/792996607"
    },
    {
      "type": "Feature",
      "properties": {
        "@id": "way/792996608",
        "destination": "Marina Boulevard",
        "highway": "motorway_link",
        "junction:ref": "437",
        "lanes": "1",
        "maxspeed": "35 mph",
        "maxspeed:advisory": "25 mph",
        "oneway": "yes",
        "surface": "asphalt",
        "turn": "right"
      },
      "geometry": {
        "type": "LineString",
        "coordinates": [
          [
            -122.4509153,
            37.8033604
          ],
          [
            -122.4509447,
            37.8034103
          ],
          [
            -122.4509538,
            37.8034317
          ],
          [
            -122.4509582,
            37.8034525
          ],
          [
            -122.4509591,
            37.8034744
          ],
          [
            -122.4509562,
            37.8034943
          ],
          [
            -122.4509486,
            37.803518
          ],
          [
            -122.4509364,
            37.8035422
          ],
          [
            -122.4509167,
            37.8035711
          ],
          [
            -122.4508979,
            37.803592
          ],
          [
            -122.4508731,
            37.8036125
          ]
        ]
      },
      "id": "way/792996608"
    },
    {
      "type": "Feature",
      "properties": {
        "@id": "way/792996610",
        "alt_name": "Doyle Drive",
        "destination:lanes": "none|none|none;Presidio;Marina Boulevard",
        "hgv": "designated",
        "highway": "motorway",
        "lanes": "3",
        "lit": "yes",
        "maxspeed": "35 mph",
        "name": "Presidio Parkway",
        "old_ref": "CA 480",
        "oneway": "yes",
        "ref": "US 101",
        "source:hgv": "https://sfplanninggis.org/TIM/?search=3591024#searchbox",
        "surface": "asphalt",
        "turn:lanes": "||through;slight_right"
      },
      "geometry": {
        "type": "LineString",
        "coordinates": [
          [
            -122.4483173,
            37.8012483
          ],
          [
            -122.4490215,
            37.8017335
          ],
          [
            -122.449085,
            37.8017782
          ],
          [
            -122.4491541,
            37.8018282
          ],
          [
            -122.4492321,
            37.8018884
          ],
          [
            -122.4493123,
            37.8019552
          ],
          [
            -122.4496764,
            37.802299
          ]
        ]
      },
      "id": "way/792996610"
    },
    {
      "type": "Feature",
      "properties": {
        "@id": "way/793161110",
        "cycleway:left": "track",
        "cycleway:left:oneway": "no",
        "cycleway:right": "no",
        "destination": "Bay Bridge",
        "destination:ref": "I 80 East;I 280 South;US 101 South",
        "destination:symbol": "motorway",
        "highway": "secondary",
        "lanes": "3",
        "maxspeed": "25 mph",
        "name": "Battery Street",
        "oneway": "yes",
        "oneway:bicycle": "no",
        "parking:lane:left": "parallel",
        "sidewalk:both": "separate",
        "surface": "asphalt",
        "tiger:cfcc": "A41",
        "tiger:county": "San Francisco, CA",
        "tiger:name_base": "Battery",
        "tiger:name_type": "St"
      },
      "geometry": {
        "type": "LineString",
        "coordinates": [
          [
            -122.401068,
            37.7985851
          ],
          [
            -122.4010487,
            37.7984913
          ],
          [
            -122.4010072,
            37.7982867
          ],
          [
            -122.4009943,
            37.7982238
          ]
        ]
      },
      "id": "way/793161110"
    },
    {
      "type": "Feature",
      "properties": {
        "@id": "way/797750843",
        "cycleway:left": "track",
        "cycleway:left:oneway": "no",
        "cycleway:right": "no",
        "highway": "secondary",
        "lanes": "3",
        "maxspeed": "25 mph",
        "name": "Battery Street",
        "oneway": "yes",
        "oneway:bicycle": "no",
        "parking:lane:both": "parallel",
        "sidewalk:both": "separate",
        "surface": "asphalt",
        "tiger:cfcc": "A41",
        "tiger:county": "San Francisco, CA",
        "tiger:name_base": "Battery",
        "tiger:name_type": "St"
      },
      "geometry": {
        "type": "LineString",
        "coordinates": [
          [
            -122.4008803,
            37.7976612
          ],
          [
            -122.4008695,
            37.7976033
          ],
          [
            -122.4007815,
            37.7971743
          ],
          [
            -122.400761,
            37.7970756
          ]
        ]
      },
      "id": "way/797750843"
    },
    {
      "type": "Feature",
      "properties": {
        "@id": "way/850156333",
        "cycleway:left": "track",
        "cycleway:left:oneway": "no",
        "cycleway:right": "no",
        "destination": "Bay Bridge",
        "destination:ref": "I 80 East;I 280 South;US 101 South",
        "destination:symbol": "motorway",
        "highway": "secondary",
        "lanes": "3",
        "maxspeed": "25 mph",
        "name": "Battery Street",
        "oneway": "yes",
        "oneway:bicycle": "no",
        "parking:lane:both": "parallel",
        "sidewalk:both": "separate",
        "surface": "asphalt",
        "tiger:cfcc": "A41",
        "tiger:county": "San Francisco, CA",
        "tiger:name_base": "Battery",
        "tiger:name_type": "St"
      },
      "geometry": {
        "type": "LineString",
        "coordinates": [
          [
            -122.4009943,
            37.7982238
          ],
          [
            -122.4008944,
            37.7977289
          ],
          [
            -122.4008803,
            37.7976612
          ]
        ]
      },
      "id": "way/850156333"
    },
    {
      "type": "Feature",
      "properties": {
        "@id": "way/850156334",
        "cycleway:left": "track",
        "cycleway:left:oneway": "no",
        "cycleway:right": "no",
        "highway": "secondary",
        "lanes": "3",
        "maxspeed": "25 mph",
        "name": "Battery Street",
        "oneway": "yes",
        "oneway:bicycle": "no",
        "parking:lane:left": "parallel",
        "sidewalk:both": "separate",
        "surface": "asphalt",
        "tiger:cfcc": "A41",
        "tiger:county": "San Francisco, CA",
        "tiger:name_base": "Battery",
        "tiger:name_type": "St"
      },
      "geometry": {
        "type": "LineString",
        "coordinates": [
          [
            -122.400761,
            37.7970756
          ],
          [
            -122.4007293,
            37.7969173
          ]
        ]
      },
      "id": "way/850156334"
    },
    {
      "type": "Feature",
      "properties": {
        "@id": "way/850158700",
        "cycleway:left": "track",
        "cycleway:left:oneway": "no",
        "cycleway:right": "no",
        "highway": "secondary",
        "lanes": "3",
        "maxspeed": "25 mph",
        "name": "Battery Street",
        "oneway": "yes",
        "oneway:bicycle": "no",
        "parking:lane:both": "parallel",
        "sidewalk:both": "separate",
        "surface": "asphalt",
        "tiger:cfcc": "A41",
        "tiger:county": "San Francisco, CA",
        "tiger:name_base": "Battery",
        "tiger:name_type": "St"
      },
      "geometry": {
        "type": "LineString",
        "coordinates": [
          [
            -122.4007017,
            37.7967813
          ],
          [
            -122.400691,
            37.7967228
          ],
          [
            -122.4005356,
            37.7959688
          ],
          [
            -122.4005077,
            37.7958741
          ]
        ]
      },
      "id": "way/850158700"
    },
    {
      "type": "Feature",
      "properties": {
        "@id": "way/850162146",
        "cycleway:right": "track",
        "foot": "no",
        "hgv": "designated",
        "highway": "primary",
        "lanes": "2",
        "lcn_ref": "5",
        "lit": "yes",
        "maxspeed": "30 mph",
        "name": "The Embarcadero",
        "oneway": "yes",
        "oneway:bicycle": "no",
        "parking:lane:right": "parallel",
        "sidewalk": "separate",
        "source:hgv": "https://sfplanninggis.org/TIM/?search=3591024#searchbox",
        "surface": "asphalt",
        "tiger:cfcc": "A45",
        "tiger:county": "San Francisco, CA",
        "tiger:name_base": "The Embarcadero"
      },
      "geometry": {
        "type": "LineString",
        "coordinates": [
          [
            -122.3933097,
            37.7946218
          ],
          [
            -122.3934162,
            37.7947195
          ],
          [
            -122.3935614,
            37.7948655
          ],
          [
            -122.3936186,
            37.7949288
          ],
          [
            -122.3937316,
            37.7950514
          ]
        ]
      },
      "id": "way/850162146"
    },
    {
      "type": "Feature",
      "properties": {
        "@id": "way/850162147",
        "cycleway:right": "track",
        "foot": "no",
        "hgv": "designated",
        "highway": "primary",
        "lanes": "3",
        "lcn_ref": "5",
        "lit": "yes",
        "maxspeed": "30 mph",
        "name": "The Embarcadero",
        "oneway": "yes",
        "oneway:bicycle": "no",
        "sidewalk": "separate",
        "source:hgv": "https://sfplanninggis.org/TIM/?search=3591024#searchbox",
        "surface": "asphalt",
        "tiger:cfcc": "A45",
        "tiger:county": "San Francisco, CA",
        "tiger:name_base": "The Embarcadero"
      },
      "geometry": {
        "type": "LineString",
        "coordinates": [
          [
            -122.3937316,
            37.7950514
          ],
          [
            -122.3938135,
            37.7951451
          ],
          [
            -122.3939127,
            37.7952549
          ],
          [
            -122.3940159,
            37.7953637
          ],
          [
            -122.3941184,
            37.7954763
          ]
        ]
      },
      "id": "way/850162147"
    },
    {
      "type": "Feature",
      "properties": {
        "@id": "way/850162148",
        "cycleway:right": "track",
        "foot": "no",
        "hgv": "designated",
        "highway": "primary",
        "lanes": "2",
        "lcn_ref": "5",
        "lit": "yes",
        "maxspeed": "30 mph",
        "name": "The Embarcadero",
        "oneway": "yes",
        "oneway:bicycle": "no",
        "parking:lane:right": "parallel",
        "sidewalk": "separate",
        "source:hgv": "https://sfplanninggis.org/TIM/?search=3591024#searchbox",
        "surface": "asphalt",
        "tiger:cfcc": "A45",
        "tiger:county": "San Francisco, CA",
        "tiger:name_base": "The Embarcadero"
      },
      "geometry": {
        "type": "LineString",
        "coordinates": [
          [
            -122.3941184,
            37.7954763
          ],
          [
            -122.3944748,
            37.795864
          ]
        ]
      },
      "id": "way/850162148"
    },
    {
      "type": "Feature",
      "properties": {
        "@id": "way/850162149",
        "cycleway:right": "track",
        "foot": "no",
        "hgv": "designated",
        "highway": "primary",
        "lanes": "3",
        "lcn_ref": "5",
        "lit": "yes",
        "maxspeed": "30 mph",
        "name": "The Embarcadero",
        "oneway": "yes",
        "oneway:bicycle": "no",
        "parking:lane:right": "parallel",
        "sidewalk": "separate",
        "source:hgv": "https://sfplanninggis.org/TIM/?search=3591024#searchbox",
        "surface": "asphalt",
        "tiger:cfcc": "A45",
        "tiger:county": "San Francisco, CA",
        "tiger:name_base": "The Embarcadero"
      },
      "geometry": {
        "type": "LineString",
        "coordinates": [
          [
            -122.3955615,
            37.7970401
          ],
          [
            -122.3958291,
            37.797333
          ]
        ]
      },
      "id": "way/850162149"
    },
    {
      "type": "Feature",
      "properties": {
        "@id": "way/850162150",
        "cycleway:right": "track",
        "foot": "no",
        "hgv": "designated",
        "highway": "primary",
        "lanes": "2",
        "lcn_ref": "5",
        "lit": "yes",
        "maxspeed": "30 mph",
        "name": "The Embarcadero",
        "oneway": "yes",
        "oneway:bicycle": "no",
        "sidewalk": "separate",
        "source:hgv": "https://sfplanninggis.org/TIM/?search=3591024#searchbox",
        "surface": "asphalt",
        "tiger:cfcc": "A45",
        "tiger:county": "San Francisco, CA",
        "tiger:name_base": "The Embarcadero"
      },
      "geometry": {
        "type": "LineString",
        "coordinates": [
          [
            -122.3958291,
            37.797333
          ],
          [
            -122.395987,
            37.797505
          ],
          [
            -122.3961479,
            37.7976811
          ]
        ]
      },
      "id": "way/850162150"
    },
    {
      "type": "Feature",
      "properties": {
        "@id": "way/850162151",
        "cycleway:right": "track",
        "foot": "no",
        "hgv": "designated",
        "highway": "primary",
        "lanes": "2",
        "lcn_ref": "5",
        "lit": "yes",
        "maxspeed": "30 mph",
        "name": "The Embarcadero",
        "oneway": "yes",
        "oneway:bicycle": "no",
        "parking:lane:right": "parallel",
        "sidewalk": "separate",
        "source:hgv": "https://sfplanninggis.org/TIM/?search=3591024#searchbox",
        "surface": "asphalt",
        "tiger:cfcc": "A45",
        "tiger:county": "San Francisco, CA",
        "tiger:name_base": "The Embarcadero"
      },
      "geometry": {
        "type": "LineString",
        "coordinates": [
          [
            -122.3961479,
            37.7976811
          ],
          [
            -122.396406,
            37.7979648
          ]
        ]
      },
      "id": "way/850162151"
    },
    {
      "type": "Feature",
      "properties": {
        "@id": "way/850162152",
        "cycleway:right": "track",
        "foot": "no",
        "hgv": "designated",
        "highway": "primary",
        "lanes": "2",
        "lcn_ref": "5",
        "lit": "yes",
        "maxspeed": "30 mph",
        "name": "The Embarcadero",
        "oneway": "yes",
        "oneway:bicycle": "no",
        "sidewalk": "separate",
        "source:hgv": "https://sfplanninggis.org/TIM/?search=3591024#searchbox",
        "surface": "asphalt",
        "tiger:cfcc": "A45",
        "tiger:county": "San Francisco, CA",
        "tiger:name_base": "The Embarcadero"
      },
      "geometry": {
        "type": "LineString",
        "coordinates": [
          [
            -122.396406,
            37.7979648
          ],
          [
            -122.3965109,
            37.798082
          ],
          [
            -122.3967984,
            37.7984132
          ]
        ]
      },
      "id": "way/850162152"
    },
    {
      "type": "Feature",
      "properties": {
        "@id": "way/850162153",
        "cycleway:right": "lane",
        "hgv": "designated",
        "highway": "primary",
        "lanes": "2",
        "lcn_ref": "5",
        "lit": "yes",
        "maxspeed": "30 mph",
        "name": "The Embarcadero",
        "oneway": "yes",
        "sidewalk:left": "no",
        "sidewalk:right": "separate",
        "source:hgv": "https://sfplanninggis.org/TIM/?search=3591024#searchbox",
        "surface": "asphalt",
        "tiger:cfcc": "A45",
        "tiger:county": "San Francisco, CA",
        "tiger:name_base": "The Embarcadero"
      },
      "geometry": {
        "type": "LineString",
        "coordinates": [
          [
            -122.3962915,
            37.7975067
          ],
          [
            -122.3959486,
            37.7971074
          ]
        ]
      },
      "id": "way/850162153"
    },
    {
      "type": "Feature",
      "properties": {
        "@id": "way/850162154",
        "cycleway:right": "lane",
        "hgv": "designated",
        "highway": "primary",
        "lanes": "2",
        "lcn_ref": "5",
        "lit": "yes",
        "maxspeed": "30 mph",
        "name": "The Embarcadero",
        "oneway": "yes",
        "parking:lane:right": "parallel",
        "sidewalk": "right",
        "source:hgv": "https://sfplanninggis.org/TIM/?search=3591024#searchbox",
        "surface": "asphalt",
        "tiger:cfcc": "A45",
        "tiger:county": "San Francisco, CA",
        "tiger:name_base": "The Embarcadero"
      },
      "geometry": {
        "type": "LineString",
        "coordinates": [
          [
            -122.3949755,
            37.795955
          ],
          [
            -122.3948815,
            37.7958267
          ],
          [
            -122.3948091,
            37.7957122
          ],
          [
            -122.39474,
            37.7956094
          ]
        ]
      },
      "id": "way/850162154"
    },
    {
      "type": "Feature",
      "properties": {
        "@id": "way/867886310",
        "NHS": "STRAHNET",
        "bicycle": "no",
        "bus_bay": "right",
        "hgv": "designated",
        "highway": "motorway",
        "lanes": "1",
        "lit": "yes",
        "maxspeed": "35 mph",
        "name": "Presidio Parkway",
        "oneway": "yes",
        "ref": "US 101;CA 1",
        "source:hgv": "https://sfplanninggis.org/TIM/?search=3591024#searchbox",
        "surface": "asphalt",
        "tiger:cfcc": "A25",
        "tiger:name_base": "Richardson",
        "tiger:name_type": "Ave",
        "toll": "yes"
      },
      "geometry": {
        "type": "LineString",
        "coordinates": [
          [
            -122.4762678,
            37.8077546
          ],
          [
            -122.4758254,
            37.8073307
          ]
        ]
      },
      "id": "way/867886310"
    },
    {
      "type": "Feature",
      "properties": {
        "@id": "way/867886311",
        "NHS": "STRAHNET",
        "bicycle": "no",
        "hgv": "designated",
        "highway": "motorway",
        "lanes": "3",
        "lit": "yes",
        "maxspeed": "35 mph",
        "name": "Presidio Parkway",
        "oneway": "yes",
        "ref": "US 101;CA 1",
        "sidewalk": "separate",
        "source:hgv": "https://sfplanninggis.org/TIM/?search=3591024#searchbox",
        "surface": "asphalt",
        "tiger:name_base": "Richardson",
        "tiger:name_type": "Ave",
        "toll": "no"
      },
      "geometry": {
        "type": "LineString",
        "coordinates": [
          [
            -122.4758161,
            37.8076614
          ],
          [
            -122.476025,
            37.8078054
          ]
        ]
      },
      "id": "way/867886311"
    },
    {
      "type": "Feature",
      "properties": {
        "@id": "way/920648684",
        "highway": "motorway",
        "lanes": "1",
        "lit": "yes",
        "name": "Presidio Parkway",
        "oneway": "yes",
        "ref": "US 101;CA 1",
        "surface": "concrete",
        "toll": "yes"
      },
      "geometry": {
        "type": "LineString",
        "coordinates": [
          [
            -122.4765748,
            37.8080612
          ],
          [
            -122.4765232,
            37.8079783
          ],
          [
            -122.476393,
            37.8077693
          ],
          [
            -122.4763172,
            37.8076538
          ],
          [
            -122.4762602,
            37.8075702
          ],
          [
            -122.4762056,
            37.8074961
          ],
          [
            -122.476135,
            37.8074104
          ],
          [
            -122.4760697,
            37.8073323
          ],
          [
            -122.476003,
            37.807256
          ],
          [
            -122.4759401,
            37.8071879
          ],
          [
            -122.4758753,
            37.8071231
          ],
          [
            -122.4758099,
            37.8070632
          ],
          [
            -122.4757542,
            37.8070122
          ]
        ]
      },
      "id": "way/920648684"
    },
    {
      "type": "Feature",
      "properties": {
        "@id": "way/920648685",
        "highway": "motorway",
        "lanes": "1",
        "lit": "yes",
        "name": "Presidio Parkway",
        "oneway": "yes",
        "ref": "US 101;CA 1",
        "surface": "asphalt",
        "toll": "yes"
      },
      "geometry": {
        "type": "LineString",
        "coordinates": [
          [
            -122.4765748,
            37.8080612
          ],
          [
            -122.4761759,
            37.8077567
          ],
          [
            -122.4760689,
            37.8076693
          ],
          [
            -122.4759618,
            37.8075779
          ],
          [
            -122.4758514,
            37.8074744
          ],
          [
            -122.4756463,
            37.8072802
          ],
          [
            -122.4755796,
            37.8072187
          ],
          [
            -122.4755277,
            37.8071709
          ],
          [
            -122.4749,
            37.806571
          ],
          [
            -122.4748673,
            37.8065341
          ],
          [
            -122.4748342,
            37.8064919
          ],
          [
            -122.4748069,
            37.806452
          ],
          [
            -122.4747825,
            37.8064116
          ],
          [
            -122.474759,
            37.8063695
          ],
          [
            -122.4747347,
            37.8063224
          ]
        ]
      },
      "id": "way/920648685"
    },
    {
      "type": "Feature",
      "properties": {
        "@id": "way/920648686",
        "cycleway:both": "no",
        "highway": "motorway",
        "lanes": "1",
        "lit": "yes",
        "name": "Presidio Parkway",
        "oneway": "yes",
        "ref": "US 101;CA 1",
        "surface": "concrete",
        "toll": "yes"
      },
      "geometry": {
        "type": "LineString",
        "coordinates": [
          [
            -122.4765748,
            37.8080612
          ],
          [
            -122.4759978,
            37.8075526
          ],
          [
            -122.4758871,
            37.8074497
          ],
          [
            -122.4756838,
            37.8072553
          ],
          [
            -122.4756169,
            37.8071935
          ],
          [
            -122.4755652,
            37.8071458
          ],
          [
            -122.4754748,
            37.8070608
          ],
          [
            -122.4753768,
            37.8069642
          ],
          [
            -122.4751768,
            37.806755
          ]
        ]
      },
      "id": "way/920648686"
    },
    {
      "type": "Feature",
      "properties": {
        "@id": "way/920648687",
        "highway": "motorway",
        "lanes": "1",
        "lit": "yes",
        "name": "Presidio Parkway",
        "oneway": "yes",
        "ref": "US 101;CA 1",
        "surface": "concrete",
        "toll": "yes"
      },
      "geometry": {
        "type": "LineString",
        "coordinates": [
          [
            -122.4762664,
            37.8076864
          ],
          [
            -122.4761341,
            37.8075674
          ],
          [
            -122.4760431,
            37.8074821
          ],
          [
            -122.4758204,
            37.8072671
          ],
          [
            -122.4757591,
            37.8072064
          ],
          [
            -122.4756906,
            37.8071438
          ],
          [
            -122.4756392,
            37.8070969
          ],
          [
            -122.4752267,
            37.8067146
          ]
        ]
      },
      "id": "way/920648687"
    },
    {
      "type": "Feature",
      "properties": {
        "@id": "way/920648689",
        "highway": "motorway",
        "lanes": "1",
        "lit": "yes",
        "name": "Presidio Parkway",
        "oneway": "yes",
        "ref": "US 101;CA 1",
        "surface": "concrete",
        "toll": "yes"
      },
      "geometry": {
        "type": "LineString",
        "coordinates": [
          [
            -122.4765748,
            37.8080612
          ],
          [
            -122.4761577,
            37.8077757
          ],
          [
            -122.4760402,
            37.8076903
          ],
          [
            -122.4759275,
            37.8076008
          ],
          [
            -122.4758079,
            37.807499
          ],
          [
            -122.4756015,
            37.807309
          ],
          [
            -122.4755355,
            37.8072485
          ],
          [
            -122.4754823,
            37.8071997
          ],
          [
            -122.47537,
            37.8070946
          ],
          [
            -122.4752694,
            37.8069974
          ],
          [
            -122.4751724,
            37.8068924
          ],
          [
            -122.4750781,
            37.8067845
          ],
          [
            -122.4749,
            37.806571
          ]
        ]
      },
      "id": "way/920648689"
    },
    {
      "type": "Feature",
      "properties": {
        "@id": "way/920648690",
        "highway": "motorway",
        "lanes": "1",
        "lit": "yes",
        "name": "Presidio Parkway",
        "oneway": "yes",
        "ref": "US 101;CA 1",
        "surface": "asphalt",
        "toll": "yes"
      },
      "geometry": {
        "type": "LineString",
        "coordinates": [
          [
            -122.4765232,
            37.8079783
          ],
          [
            -122.4764798,
            37.8079229
          ],
          [
            -122.4764372,
            37.8078731
          ],
          [
            -122.4763562,
            37.8077836
          ],
          [
            -122.4762664,
            37.8076864
          ],
          [
            -122.4761569,
            37.8075531
          ],
          [
            -122.476075,
            37.8074623
          ],
          [
            -122.4759921,
            37.8073758
          ],
          [
            -122.4759195,
            37.8073039
          ],
          [
            -122.4758562,
            37.8072426
          ],
          [
            -122.4757952,
            37.8071813
          ],
          [
            -122.4757276,
            37.8071188
          ],
          [
            -122.4756765,
            37.8070717
          ],
          [
            -122.4756029,
            37.8070131
          ],
          [
            -122.4755393,
            37.8069604
          ],
          [
            -122.4752267,
            37.8067146
          ],
          [
            -122.474965,
            37.8064906
          ],
          [
            -122.4749007,
            37.8064383
          ],
          [
            -122.4748206,
            37.8063784
          ],
          [
            -122.4747347,
            37.8063224
          ]
        ]
      },
      "id": "way/920648690"
    },
    {
      "type": "Feature",
      "properties": {
        "@id": "way/920648691",
        "highway": "motorway",
        "lanes": "1",
        "lit": "yes",
        "name": "Presidio Parkway",
        "oneway": "yes",
        "ref": "US 101;CA 1",
        "surface": "concrete",
        "toll": "yes"
      },
      "geometry": {
        "type": "LineString",
        "coordinates": [
          [
            -122.4763172,
            37.8076538
          ],
          [
            -122.4761774,
            37.8075129
          ],
          [
            -122.4761085,
            37.8074399
          ],
          [
            -122.4760305,
            37.8073548
          ],
          [
            -122.4759597,
            37.8072799
          ],
          [
            -122.4758951,
            37.8072135
          ],
          [
            -122.4758344,
            37.8071543
          ],
          [
            -122.4757668,
            37.8070923
          ],
          [
            -122.4757155,
            37.8070452
          ],
          [
            -122.4756436,
            37.8069872
          ],
          [
            -122.4755734,
            37.8069291
          ],
          [
            -122.4750057,
            37.8064547
          ]
        ]
      },
      "id": "way/920648691"
    },
    {
      "type": "Feature",
      "properties": {
        "@id": "way/923797388",
        "cycleway:right": "shared_lane",
        "foot": "yes",
        "hgv": "designated",
        "highway": "secondary",
        "lcn_ref": "11",
        "maxspeed": "20 mph",
        "name": "Columbus Avenue",
        "oneway": "yes",
        "sidewalk": "right",
        "source:hgv": "https://sfplanninggis.org/TIM/?search=3591024#searchbox",
        "surface": "asphalt",
        "tiger:cfcc": "A41",
        "tiger:county": "San Francisco, CA",
        "tiger:name_base": "Columbus",
        "tiger:name_type": "Ave",
        "trolley_wire": "yes"
      },
      "geometry": {
        "type": "LineString",
        "coordinates": [
          [
            -122.4091532,
            37.7995429
          ],
          [
            -122.4090826,
            37.7994983
          ],
          [
            -122.4090014,
            37.7994866
          ]
        ]
      },
      "id": "way/923797388"
    },
    {
      "type": "Feature",
      "properties": {
        "@id": "way/926618292",
        "bridge": "yes",
        "highway": "motorway_link",
        "lanes": "1",
        "layer": "1",
        "lit": "yes",
        "maxspeed": "35 mph",
        "oneway": "yes",
        "source": "Presidio Parkway project website;guesswork",
        "surface": "concrete"
      },
      "geometry": {
        "type": "LineString",
        "coordinates": [
          [
            -122.4523817,
            37.8036439
          ],
          [
            -122.4524656,
            37.803639
          ],
          [
            -122.4525513,
            37.8036315
          ],
          [
            -122.4526348,
            37.8036232
          ],
          [
            -122.4527195,
            37.8036128
          ],
          [
            -122.4528075,
            37.8036005
          ],
          [
            -122.4529073,
            37.8035843
          ],
          [
            -122.4531196,
            37.8035481
          ],
          [
            -122.453606,
            37.8034627
          ]
        ]
      },
      "id": "way/926618292"
    },
    {
      "type": "Feature",
      "properties": {
        "@id": "way/926618619",
        "bicycle": "no",
        "destination": "Alexander Avenue",
        "highway": "motorway_link",
        "lanes": "2",
        "lit": "yes",
        "maxspeed": "55 mph",
        "oneway": "yes",
        "surface": "asphalt",
        "toll": "no"
      },
      "geometry": {
        "type": "LineString",
        "coordinates": [
          [
            -122.4839578,
            37.8354816
          ],
          [
            -122.4839426,
            37.835521
          ],
          [
            -122.4839229,
            37.8355659
          ],
          [
            -122.4839031,
            37.8356084
          ]
        ]
      },
      "id": "way/926618619"
    },
    {
      "type": "Feature",
      "properties": {
        "@id": "way/929774209",
        "hgv": "designated",
        "highway": "secondary",
        "horse": "no",
        "lanes": "3",
        "maxspeed": "25 mph",
        "maxweight:hgv": "3 st",
        "name": "Franklin Street",
        "name:etymology:wikidata": "Q34969",
        "oneway": "yes",
        "parking:lane:both": "parallel",
        "sidewalk": "both",
        "source:hgv": "https://sfplanninggis.org/TIM/?search=3591024#searchbox",
        "surface": "asphalt",
        "tiger:cfcc": "A41",
        "tiger:county": "San Francisco, CA",
        "tiger:name_base": "Franklin",
        "tiger:name_type": "St"
      },
      "geometry": {
        "type": "LineString",
        "coordinates": [
          [
            -122.4258342,
            37.7992866
          ],
          [
            -122.4258488,
            37.799361
          ],
          [
            -122.4260082,
            37.8001495
          ],
          [
            -122.4260214,
            37.8002147
          ]
        ]
      },
      "id": "way/929774209"
    },
    {
      "type": "Feature",
      "properties": {
        "@id": "way/932341654",
        "highway": "motorway",
        "lanes": "1",
        "lit": "yes",
        "name": "Presidio Parkway",
        "oneway": "yes",
        "ref": "US 101;CA 1",
        "surface": "concrete",
        "toll": "yes",
        "turn:lanes": "through;right"
      },
      "geometry": {
        "type": "LineString",
        "coordinates": [
          [
            -122.4757542,
            37.8070122
          ],
          [
            -122.4756891,
            37.8069573
          ],
          [
            -122.4756246,
            37.8069055
          ],
          [
            -122.4755496,
            37.8068456
          ],
          [
            -122.4754671,
            37.8067833
          ],
          [
            -122.4753893,
            37.8067261
          ],
          [
            -122.4753016,
            37.8066603
          ]
        ]
      },
      "id": "way/932341654"
    },
    {
      "type": "Feature",
      "properties": {
        "@id": "way/932341655",
        "highway": "motorway",
        "lanes": "1",
        "lit": "yes",
        "name": "Presidio Parkway",
        "oneway": "yes",
        "ref": "US 101;CA 1",
        "surface": "asphalt",
        "toll": "yes",
        "turn:lanes": "merge_to_left"
      },
      "geometry": {
        "type": "LineString",
        "coordinates": [
          [
            -122.4753016,
            37.8066603
          ],
          [
            -122.4752427,
            37.8066167
          ],
          [
            -122.4751837,
            37.806574
          ],
          [
            -122.4750987,
            37.806515
          ],
          [
            -122.4750057,
            37.8064547
          ]
        ]
      },
      "id": "way/932341655"
    },
    {
      "type": "Feature",
      "properties": {
        "@id": "way/932341656",
        "highway": "motorway",
        "lanes": "1",
        "lit": "yes",
        "name": "Presidio Parkway",
        "oneway": "yes",
        "ref": "US 101;CA 1",
        "surface": "asphalt",
        "toll": "yes"
      },
      "geometry": {
        "type": "LineString",
        "coordinates": [
          [
            -122.4750057,
            37.8064547
          ],
          [
            -122.4749636,
            37.8064247
          ],
          [
            -122.4749171,
            37.8063973
          ],
          [
            -122.474875,
            37.8063752
          ],
          [
            -122.4748296,
            37.8063556
          ],
          [
            -122.4747838,
            37.8063388
          ],
          [
            -122.4747347,
            37.8063224
          ]
        ]
      },
      "id": "way/932341656"
    },
    {
      "type": "Feature",
      "properties": {
        "@id": "way/935446073",
        "cycleway:right": "no",
        "hgv": "designated",
        "highway": "secondary",
        "lanes": "3",
        "lit": "yes",
        "maxspeed": "20 mph",
        "name": "Pine Street",
        "oneway": "yes",
        "sidewalk": "both",
        "source:hgv": "https://sfplanninggis.org/TIM/?search=3591024#searchbox",
        "surface": "asphalt",
        "tiger:cfcc": "A41",
        "tiger:county": "San Francisco, CA",
        "tiger:name_base": "Pine",
        "tiger:name_type": "St"
      },
      "geometry": {
        "type": "LineString",
        "coordinates": [
          [
            -122.4139302,
            37.7904657
          ],
          [
            -122.4140195,
            37.7904542
          ],
          [
            -122.4147116,
            37.7903664
          ],
          [
            -122.4154644,
            37.7902714
          ],
          [
            -122.4155747,
            37.7902567
          ],
          [
            -122.4156567,
            37.7902456
          ],
          [
            -122.4159716,
            37.7902062
          ],
          [
            -122.4162732,
            37.7901679
          ],
          [
            -122.4171293,
            37.790059
          ],
          [
            -122.4172205,
            37.7900475
          ],
          [
            -122.4173268,
            37.790034
          ],
          [
            -122.4175072,
            37.7900111
          ],
          [
            -122.4176366,
            37.7899949
          ],
          [
            -122.4177268,
            37.7899828
          ],
          [
            -122.4179217,
            37.7899586
          ],
          [
            -122.4184189,
            37.7898952
          ],
          [
            -122.4187588,
            37.7898514
          ],
          [
            -122.4188637,
            37.7898381
          ],
          [
            -122.4189628,
            37.7898255
          ],
          [
            -122.4203986,
            37.7896426
          ],
          [
            -122.4205089,
            37.7896296
          ]
        ]
      },
      "id": "way/935446073"
    },
    {
      "type": "Feature",
      "properties": {
        "@id": "way/944184384",
        "alt_name": "Doyle Drive",
        "destination:ref": "CA 1",
        "destination:street": "19th Avenue",
        "hgv": "designated",
        "highway": "motorway",
        "lanes": "2",
        "maxspeed": "35 mph",
        "name": "Presidio Parkway",
        "old_ref": "CA 480",
        "oneway": "yes",
        "ref": "US 101",
        "source:hgv": "https://sfplanninggis.org/TIM/?search=3591024#searchbox",
        "surface": "asphalt"
      },
      "geometry": {
        "type": "LineString",
        "coordinates": [
          [
            -122.4502867,
            37.8028529
          ],
          [
            -122.4503585,
            37.8029046
          ],
          [
            -122.4504243,
            37.8029494
          ],
          [
            -122.4505003,
            37.8029978
          ],
          [
            -122.4505763,
            37.8030419
          ],
          [
            -122.4506448,
            37.8030801
          ],
          [
            -122.4507247,
            37.8031218
          ],
          [
            -122.4507913,
            37.8031538
          ],
          [
            -122.4508606,
            37.8031853
          ],
          [
            -122.4509304,
            37.8032146
          ],
          [
            -122.4509686,
            37.8032299
          ]
        ]
      },
      "id": "way/944184384"
    },
    {
      "type": "Feature",
      "properties": {
        "@id": "way/945294682",
        "hgv": "designated",
        "highway": "secondary",
        "lanes": "4",
        "lcn_ref": "2",
        "maxspeed": "25 mph",
        "maxweight:hgv": "3 st",
        "name": "Marina Boulevard",
        "sidewalk:both": "separate",
        "source:hgv": "https://sfplanninggis.org/TIM/?search=3591024#searchbox",
        "surface": "asphalt",
        "tiger:cfcc": "A45",
        "tiger:county": "San Francisco, CA",
        "tiger:name_base": "Marina",
        "tiger:name_type": "Blvd"
      },
      "geometry": {
        "type": "LineString",
        "coordinates": [
          [
            -122.4456648,
            37.8053749
          ],
          [
            -122.4457871,
            37.8053593
          ],
          [
            -122.4471836,
            37.8051813
          ],
          [
            -122.4472182,
            37.8051769
          ],
          [
            -122.4473096,
            37.8051652
          ]
        ]
      },
      "id": "way/945294682"
    },
    {
      "type": "Feature",
      "properties": {
        "@id": "way/945294683",
        "hgv": "designated",
        "highway": "secondary",
        "lanes": "4",
        "lcn_ref": "2",
        "maxspeed": "25 mph",
        "maxweight:hgv": "3 st",
        "name": "Marina Boulevard",
        "sidewalk:both": "separate",
        "source:hgv": "https://sfplanninggis.org/TIM/?search=3591024#searchbox",
        "surface": "asphalt",
        "tiger:cfcc": "A45",
        "tiger:county": "San Francisco, CA",
        "tiger:name_base": "Marina",
        "tiger:name_type": "Blvd"
      },
      "geometry": {
        "type": "LineString",
        "coordinates": [
          [
            -122.4440017,
            37.8055868
          ],
          [
            -122.4455206,
            37.8053932
          ],
          [
            -122.445578,
            37.8053863
          ],
          [
            -122.4456648,
            37.8053749
          ]
        ]
      },
      "id": "way/945294683"
    },
    {
      "type": "Feature",
      "properties": {
        "@id": "way/958186198",
        "highway": "primary_link",
        "oneway": "yes",
        "sidewalk:left": "no",
        "sidewalk:right": "separate",
        "surface": "asphalt"
      },
      "geometry": {
        "type": "LineString",
        "coordinates": [
          [
            -122.4031918,
            37.8048548
          ],
          [
            -122.4032001,
            37.8048124
          ],
          [
            -122.4031679,
            37.8047538
          ],
          [
            -122.4024374,
            37.804238
          ],
          [
            -122.4023469,
            37.8041688
          ],
          [
            -122.402296,
            37.8041318
          ],
          [
            -122.4022469,
            37.8040948
          ],
          [
            -122.4021696,
            37.8040312
          ],
          [
            -122.4021406,
            37.8039854
          ],
          [
            -122.4021017,
            37.8039111
          ]
        ]
      },
      "id": "way/958186198"
    },
    {
      "type": "Feature",
      "properties": {
        "@id": "way/958538680",
        "NHS": "STRAHNET",
        "bicycle": "yes",
        "hgv": "designated",
        "highway": "trunk",
        "lanes": "2",
        "maxspeed": "25 mph",
        "name": "Van Ness Avenue",
        "name:etymology:wikidata": "Q6144602",
        "old_name": "Marlette Street",
        "oneway": "yes",
        "ref": "US 101",
        "sidewalk": "separate",
        "source:hgv": "https://sfplanninggis.org/TIM/?search=3591024#searchbox",
        "trolley_wire": "yes"
      },
      "geometry": {
        "type": "LineString",
        "coordinates": [
          [
            -122.422243,
            37.790343
          ],
          [
            -122.4222636,
            37.790442
          ]
        ]
      },
      "id": "way/958538680"
    },
    {
      "type": "Feature",
      "properties": {
        "@id": "way/968937450",
        "highway": "secondary",
        "lanes": "3",
        "lit": "yes",
        "name": "Jones Street",
        "oneway": "yes",
        "sidewalk:both": "separate",
        "surface": "asphalt",
        "tiger:cfcc": "A41",
        "tiger:county": "San Francisco, CA",
        "tiger:name_base": "Jones",
        "tiger:name_type": "St"
      },
      "geometry": {
        "type": "LineString",
        "coordinates": [
          [
            -122.4137429,
            37.7895358
          ],
          [
            -122.4137255,
            37.7894505
          ],
          [
            -122.4135826,
            37.7887399
          ],
          [
            -122.4135709,
            37.7886797
          ],
          [
            -122.4135549,
            37.7886026
          ]
        ]
      },
      "id": "way/968937450"
    },
    {
      "type": "Feature",
      "properties": {
        "@id": "way/978694795",
        "cycleway:right": "track",
        "hgv": "designated",
        "highway": "primary",
        "lanes": "3",
        "lcn_ref": "5",
        "maxspeed": "30 mph",
        "name": "The Embarcadero",
        "oneway": "yes",
        "oneway:bicycle": "no",
        "parking:lane:right": "parallel",
        "sidewalk": "separate",
        "source:hgv": "https://sfplanninggis.org/TIM/?search=3591024#searchbox",
        "surface": "asphalt",
        "tiger:cfcc": "A45",
        "tiger:county": "San Francisco, CA",
        "tiger:name_base": "The Embarcadero",
        "turn:lanes": "left|none|none"
      },
      "geometry": {
        "type": "LineString",
        "coordinates": [
          [
            -122.3894204,
            37.7905026
          ],
          [
            -122.3898006,
            37.7908072
          ],
          [
            -122.3898335,
            37.790836
          ],
          [
            -122.3899224,
            37.7909191
          ]
        ]
      },
      "id": "way/978694795"
    },
    {
      "type": "Feature",
      "properties": {
        "@id": "way/992135723",
        "bicycle:lanes": "yes|yes|designated",
        "cycleway:right": "lane",
        "destination:street:lanes": "||Battery Street",
        "hgv": "designated",
        "highway": "primary",
        "lanes": "3",
        "lcn_ref": "5",
        "lit": "yes",
        "maxspeed": "30 mph",
        "name": "The Embarcadero",
        "oneway": "yes",
        "placement": "right_of:1",
        "sidewalk:left": "no",
        "sidewalk:right": "separate",
        "source:hgv": "https://sfplanninggis.org/TIM/?search=3591024#searchbox",
        "surface": "asphalt",
        "tiger:cfcc": "A45",
        "tiger:county": "San Francisco, CA",
        "tiger:name_base": "The Embarcadero",
        "turn:lanes": "||right"
      },
      "geometry": {
        "type": "LineString",
        "coordinates": [
          [
            -122.4033339,
            37.8049573
          ],
          [
            -122.4031918,
            37.8048548
          ]
        ]
      },
      "id": "way/992135723"
    },
    {
      "type": "Feature",
      "properties": {
        "@id": "way/997431148",
        "cycleway:right": "lane",
        "foot": "no",
        "hgv": "designated",
        "highway": "primary",
        "lanes": "3",
        "lcn_ref": "5",
        "maxspeed": "30 mph",
        "name": "The Embarcadero",
        "oneway": "yes",
        "sidewalk:left": "no",
        "sidewalk:right": "separate",
        "source:hgv": "https://sfplanninggis.org/TIM/?search=3591024#searchbox",
        "surface": "asphalt",
        "tiger:cfcc": "A45",
        "tiger:county": "San Francisco, CA",
        "tiger:name_base": "The Embarcadero"
      },
      "geometry": {
        "type": "LineString",
        "coordinates": [
          [
            -122.4031749,
            37.8051409
          ],
          [
            -122.4032577,
            37.8051991
          ]
        ]
      },
      "id": "way/997431148"
    },
    {
      "type": "Feature",
      "properties": {
        "@id": "way/997431150",
        "cycleway:right": "lane",
        "foot": "no",
        "hgv": "designated",
        "highway": "primary",
        "lanes": "3",
        "lcn_ref": "5",
        "lit": "yes",
        "maxspeed": "30 mph",
        "name": "The Embarcadero",
        "oneway": "yes",
        "sidewalk:left": "no",
        "sidewalk:right": "separate",
        "source:hgv": "https://sfplanninggis.org/TIM/?search=3591024#searchbox",
        "surface": "asphalt",
        "tiger:cfcc": "A45",
        "tiger:county": "San Francisco, CA",
        "tiger:name_base": "The Embarcadero"
      },
      "geometry": {
        "type": "LineString",
        "coordinates": [
          [
            -122.4033196,
            37.8052418
          ],
          [
            -122.4043368,
            37.8059724
          ],
          [
            -122.4044085,
            37.8060238
          ]
        ]
      },
      "id": "way/997431150"
    },
    {
      "type": "Feature",
      "properties": {
        "@id": "way/997431151",
        "bicycle:lanes": "yes|yes|designated",
        "cycleway:right": "lane",
        "destination:street:lanes": "||Battery Street",
        "hgv": "designated",
        "highway": "primary",
        "lanes": "3",
        "lcn_ref": "5",
        "lit": "yes",
        "maxspeed": "30 mph",
        "name": "The Embarcadero",
        "oneway": "yes",
        "placement": "right_of:1",
        "sidewalk:both": "no",
        "source:hgv": "https://sfplanninggis.org/TIM/?search=3591024#searchbox",
        "surface": "asphalt",
        "tiger:cfcc": "A45",
        "tiger:county": "San Francisco, CA",
        "tiger:name_base": "The Embarcadero",
        "turn:lanes": "||right"
      },
      "geometry": {
        "type": "LineString",
        "coordinates": [
          [
            -122.4031918,
            37.8048548
          ],
          [
            -122.402919,
            37.8046639
          ]
        ]
      },
      "id": "way/997431151"
    },
    {
      "type": "Feature",
      "properties": {
        "@id": "way/1012994252",
        "hgv": "designated",
        "highway": "secondary",
        "lanes": "4",
        "maxspeed": "25 mph",
        "maxweight:hgv": "3 st",
        "name": "Bay Street",
        "sidewalk:both": "separate",
        "source:hgv": "https://sfplanninggis.org/TIM/?search=3591024#searchbox",
        "surface": "asphalt",
        "tiger:cfcc": "A41",
        "tiger:county": "San Francisco, CA",
        "tiger:name_base": "Bay",
        "tiger:name_type": "St"
      },
      "geometry": {
        "type": "LineString",
        "coordinates": [
          [
            -122.4254612,
            37.8041095
          ],
          [
            -122.4266882,
            37.8039547
          ],
          [
            -122.4267758,
            37.8039436
          ]
        ]
      },
      "id": "way/1012994252"
    },
    {
      "type": "Feature",
      "properties": {
        "@id": "way/1030276935",
        "cycleway:left": "track",
        "cycleway:left:oneway": "no",
        "cycleway:right": "no",
        "highway": "secondary",
        "lanes": "3",
        "lcn_ref": "11",
        "maxspeed": "25 mph",
        "name": "Battery Street",
        "oneway": "yes",
        "oneway:bicycle": "no",
        "parking:lane:both": "parallel",
        "sidewalk:both": "separate",
        "surface": "asphalt",
        "tiger:cfcc": "A41",
        "tiger:county": "San Francisco, CA",
        "tiger:name_base": "Battery",
        "tiger:name_type": "St"
      },
      "geometry": {
        "type": "LineString",
        "coordinates": [
          [
            -122.4003318,
            37.7949983
          ],
          [
            -122.4003187,
            37.7949126
          ],
          [
            -122.4003104,
            37.7948759
          ],
          [
            -122.4002492,
            37.7945787
          ],
          [
            -122.400184,
            37.7942482
          ],
          [
            -122.4001763,
            37.7942092
          ],
          [
            -122.4001635,
            37.794144
          ]
        ]
      },
      "id": "way/1030276935"
    },
    {
      "type": "Feature",
      "properties": {
        "@id": "way/1032777735",
        "highway": "secondary",
        "lanes": "3",
        "maxspeed": "20 mph",
        "name": "Jones Street",
        "oneway": "yes",
        "sidewalk": "both",
        "surface": "asphalt",
        "tiger:cfcc": "A41",
        "tiger:county": "San Francisco, CA",
        "tiger:name_base": "Jones",
        "tiger:name_type": "St"
      },
      "geometry": {
        "type": "LineString",
        "coordinates": [
          [
            -122.4135549,
            37.7886026
          ],
          [
            -122.4135387,
            37.7885241
          ],
          [
            -122.4134244,
            37.787955
          ],
          [
            -122.4133905,
            37.7877907
          ],
          [
            -122.4133829,
            37.7877544
          ],
          [
            -122.4133664,
            37.7876672
          ]
        ]
      },
      "id": "way/1032777735"
    },
    {
      "type": "Feature",
      "properties": {
        "@id": "way/1041093693",
        "cycleway:left": "shared_lane",
        "cycleway:right": "lane",
        "hgv": "designated",
        "highway": "primary",
        "lanes": "4",
        "lanes:backward": "2",
        "lanes:forward": "2",
        "lcn_ref": "10",
        "maxspeed": "25 mph",
        "name": "Broadway",
        "name_1": "Broadway",
        "sidewalk:both": "separate",
        "source:hgv": "https://sfplanninggis.org/TIM/?search=3591024#searchbox",
        "source:maxspeed": "sign",
        "surface": "asphalt",
        "tiger:cfcc": "A41",
        "tiger:county": "San Francisco, CA",
        "tiger:name_base": "Broadway",
        "tiger:name_base_1": "Broadway",
        "tiger:name_type": "St",
        "turn:lanes:backward": "left|right"
      },
      "geometry": {
        "type": "LineString",
        "coordinates": [
          [
            -122.3979792,
            37.79907
          ],
          [
            -122.3980679,
            37.7990252
          ]
        ]
      },
      "id": "way/1041093693"
    },
    {
      "type": "Feature",
      "properties": {
        "@id": "way/1041093696",
        "cycleway": "lane",
        "hgv": "designated",
        "highway": "primary",
        "lcn_ref": "10",
        "maxspeed": "25 mph",
        "name": "Broadway",
        "name_1": "Broadway",
        "sidewalk:both": "separate",
        "source:hgv": "https://sfplanninggis.org/TIM/?search=3591024#searchbox",
        "source:maxspeed": "sign",
        "surface": "asphalt",
        "tiger:cfcc": "A41",
        "tiger:county": "San Francisco, CA",
        "tiger:name_base": "Broadway",
        "tiger:name_base_1": "Broadway",
        "tiger:name_type": "St"
      },
      "geometry": {
        "type": "LineString",
        "coordinates": [
          [
            -122.3976846,
            37.7992386
          ],
          [
            -122.3976989,
            37.7992306
          ],
          [
            -122.3977885,
            37.7991793
          ]
        ]
      },
      "id": "way/1041093696"
    },
    {
      "type": "Feature",
      "properties": {
        "@id": "way/1041093698",
        "cycleway:right": "lane",
        "foot": "no",
        "hgv": "designated",
        "highway": "primary",
        "lanes": "2",
        "lcn_ref": "5",
        "lit": "yes",
        "maxspeed": "30 mph",
        "name": "The Embarcadero",
        "oneway": "yes",
        "sidewalk": "separate",
        "source:hgv": "https://sfplanninggis.org/TIM/?search=3591024#searchbox",
        "surface": "asphalt",
        "tiger:cfcc": "A45",
        "tiger:county": "San Francisco, CA",
        "tiger:name_base": "The Embarcadero"
      },
      "geometry": {
        "type": "LineString",
        "coordinates": [
          [
            -122.3977253,
            37.7995115
          ],
          [
            -122.398178,
            37.80002
          ],
          [
            -122.3986869,
            37.8005858
          ],
          [
            -122.3987523,
            37.8006585
          ]
        ]
      },
      "id": "way/1041093698"
    },
    {
      "type": "Feature",
      "properties": {
        "@id": "way/1041351162",
        "hgv": "designated",
        "highway": "secondary",
        "lanes": "2",
        "lit": "yes",
        "maxspeed": "20 mph",
        "name": "Pine Street",
        "oneway": "yes",
        "sidewalk": "both",
        "source:hgv": "https://sfplanninggis.org/TIM/?search=3591024#searchbox",
        "surface": "asphalt",
        "tiger:cfcc": "A41",
        "tiger:county": "San Francisco, CA",
        "tiger:name_base": "Pine",
        "tiger:name_type": "St"
      },
      "geometry": {
        "type": "LineString",
        "coordinates": [
          [
            -122.4054596,
            37.791543
          ],
          [
            -122.4057089,
            37.7915112
          ],
          [
            -122.4057597,
            37.7915047
          ]
        ]
      },
      "id": "way/1041351162"
    },
    {
      "type": "Feature",
      "properties": {
        "@id": "way/1043648247",
        "hgv": "designated",
        "highway": "secondary",
        "horse": "no",
        "lanes": "4",
        "maxspeed": "25 mph",
        "name": "Franklin Street",
        "name:etymology:wikidata": "Q34969",
        "oneway": "yes",
        "parking:lane:both": "parallel",
        "sidewalk": "both",
        "source:hgv": "https://sfplanninggis.org/TIM/?search=3591024#searchbox",
        "surface": "asphalt",
        "tiger:cfcc": "A41",
        "tiger:county": "San Francisco, CA",
        "tiger:name_base": "Franklin",
        "tiger:name_type": "St"
      },
      "geometry": {
        "type": "LineString",
        "coordinates": [
          [
            -122.4236097,
            37.7882794
          ],
          [
            -122.4236261,
            37.7883607
          ],
          [
            -122.4237035,
            37.788744
          ],
          [
            -122.4237822,
            37.7891334
          ],
          [
            -122.423798,
            37.7892115
          ],
          [
            -122.4238147,
            37.789294
          ],
          [
            -122.4239501,
            37.7899644
          ],
          [
            -122.4239715,
            37.7900691
          ],
          [
            -122.4239912,
            37.7901653
          ]
        ]
      },
      "id": "way/1043648247"
    },
    {
      "type": "Feature",
      "properties": {
        "@id": "way/1046480747",
        "cycleway:right": "no",
        "hgv": "designated",
        "highway": "secondary",
        "lanes": "4",
        "lit": "yes",
        "maxspeed": "30 mph",
        "name": "Bush Street",
        "oneway": "yes",
        "source:hgv": "https://sfplanninggis.org/TIM/?search=3591024#searchbox",
        "surface": "asphalt",
        "tiger:cfcc": "A41",
        "tiger:county": "San Francisco, CA",
        "tiger:name_base": "Bush",
        "tiger:name_type": "St",
        "turn:lanes": "left|left;through||"
      },
      "geometry": {
        "type": "LineString",
        "coordinates": [
          [
            -122.404424,
            37.7907191
          ],
          [
            -122.4043463,
            37.7907317
          ]
        ]
      },
      "id": "way/1046480747"
    },
    {
      "type": "Feature",
      "properties": {
        "@id": "way/1046480748",
        "cycleway:right": "no",
        "hgv": "designated",
        "highway": "secondary",
        "lanes": "4",
        "lit": "yes",
        "maxspeed": "30 mph",
        "name": "Bush Street",
        "oneway": "yes",
        "sidewalk:both": "separate",
        "source:hgv": "https://sfplanninggis.org/TIM/?search=3591024#searchbox",
        "surface": "asphalt",
        "tiger:cfcc": "A41",
        "tiger:county": "San Francisco, CA",
        "tiger:name_base": "Bush",
        "tiger:name_type": "St",
        "turn:lanes": "left|left;through||"
      },
      "geometry": {
        "type": "LineString",
        "coordinates": [
          [
            -122.4043463,
            37.7907317
          ],
          [
            -122.4041611,
            37.7907532
          ],
          [
            -122.404059,
            37.7907655
          ]
        ]
      },
      "id": "way/1046480748"
    },
    {
      "type": "Feature",
      "properties": {
        "@id": "way/1051207374",
        "highway": "trunk_link",
        "lanes": "1",
        "oneway": "yes",
        "sidewalk:left": "no",
        "sidewalk:right": "separate",
        "turn:lanes": "right"
      },
      "geometry": {
        "type": "LineString",
        "coordinates": [
          [
            -122.4463446,
            37.7997679
          ],
          [
            -122.4463106,
            37.799701
          ],
          [
            -122.4463008,
            37.799671
          ],
          [
            -122.4463013,
            37.7996447
          ],
          [
            -122.4463146,
            37.7996185
          ],
          [
            -122.4463709,
            37.7995351
          ]
        ]
      },
      "id": "way/1051207374"
    },
    {
      "type": "Feature",
      "properties": {
        "@id": "way/1052630174",
        "cycleway:right": "shared_lane",
        "hgv": "designated",
        "highway": "secondary",
        "lanes": "3",
        "lcn_ref": "11",
        "maxspeed": "20 mph",
        "name": "Columbus Avenue",
        "oneway": "yes",
        "sidewalk:left": "no",
        "sidewalk:right": "separate",
        "source:hgv": "https://sfplanninggis.org/TIM/?search=3591024#searchbox",
        "surface": "asphalt",
        "tiger:cfcc": "A41",
        "tiger:county": "San Francisco, CA",
        "tiger:name_base": "Columbus",
        "tiger:name_type": "Ave",
        "trolley_wire": "yes"
      },
      "geometry": {
        "type": "LineString",
        "coordinates": [
          [
            -122.4067424,
            37.7978613
          ],
          [
            -122.4066384,
            37.7977932
          ],
          [
            -122.4065336,
            37.7977189
          ]
        ]
      },
      "id": "way/1052630174"
    },
    {
      "type": "Feature",
      "properties": {
        "@id": "way/1052676448",
        "cycleway:right": "no",
        "hgv": "designated",
        "highway": "secondary",
        "lanes": "3",
        "lanes:bus": "1",
        "maxspeed": "30 mph",
        "name": "Bush Street",
        "oneway": "yes",
        "sidewalk:both": "separate",
        "source:hgv": "https://sfplanninggis.org/TIM/?search=3591024#searchbox",
        "surface": "asphalt",
        "tiger:cfcc": "A41",
        "tiger:county": "San Francisco, CA",
        "tiger:name_base": "Bush",
        "tiger:name_type": "St",
        "trolley_wire": "yes",
        "turn:lanes": "left||"
      },
      "geometry": {
        "type": "LineString",
        "coordinates": [
          [
            -122.4015111,
            37.7910904
          ],
          [
            -122.4013239,
            37.7911137
          ]
        ]
      },
      "id": "way/1052676448"
    },
    {
      "type": "Feature",
      "properties": {
        "@id": "way/1054649984",
        "highway": "primary",
        "name": "Broadway",
        "sidewalk": "both",
        "surface": "asphalt",
        "tiger:cfcc": "A41",
        "tiger:county": "San Francisco, CA",
        "tiger:name_base": "Robert C Levy;Broadway",
        "tiger:name_base_1": "Broadway",
        "tiger:name_type": "Tunl;St"
      },
      "geometry": {
        "type": "LineString",
        "coordinates": [
          [
            -122.4233889,
            37.7957516
          ],
          [
            -122.4233157,
            37.7957601
          ]
        ]
      },
      "id": "way/1054649984"
    },
    {
      "type": "Feature",
      "properties": {
        "@id": "way/1059871311",
        "NHS": "STRAHNET",
        "bicycle": "yes",
        "cycleway:both": "no",
        "foot": "yes",
        "hgv": "designated",
        "highway": "trunk",
        "lanes": "3",
        "lit": "yes",
        "maxspeed": "25 mph",
        "name": "Lombard Street",
        "name:etymology:wikidata": "Q15242635",
        "old_ref": "CA 480",
        "oneway": "yes",
        "ref": "US 101",
        "sidewalk": "right",
        "source:hgv": "https://sfplanninggis.org/TIM/?search=3591024#searchbox",
        "surface": "asphalt",
        "turn:lanes": "||right"
      },
      "geometry": {
        "type": "LineString",
        "coordinates": [
          [
            -122.4273066,
            37.8010147
          ],
          [
            -122.4277657,
            37.8009572
          ],
          [
            -122.4278524,
            37.8009463
          ]
        ]
      },
      "id": "way/1059871311"
    },
    {
      "type": "Feature",
      "properties": {
        "@id": "way/1060013921",
        "bicycle:lanes": "yes|yes|designated",
        "cycleway:right": "lane",
        "destination:street:lanes": "||Battery Street",
        "hgv": "designated",
        "highway": "primary",
        "lanes": "2",
        "lcn_ref": "5",
        "lit": "yes",
        "maxspeed": "30 mph",
        "name": "The Embarcadero",
        "oneway": "yes",
        "placement": "right_of:1",
        "sidewalk:left": "no",
        "sidewalk:right": "separate",
        "source:hgv": "https://sfplanninggis.org/TIM/?search=3591024#searchbox",
        "surface": "asphalt",
        "tiger:cfcc": "A45",
        "tiger:county": "San Francisco, CA",
        "tiger:name_base": "The Embarcadero"
      },
      "geometry": {
        "type": "LineString",
        "coordinates": [
          [
            -122.4034504,
            37.8050417
          ],
          [
            -122.4033339,
            37.8049573
          ]
        ]
      },
      "id": "way/1060013921"
    },
    {
      "type": "Feature",
      "properties": {
        "@id": "way/1060535959",
        "cycleway:right": "shared_lane",
        "hgv": "designated",
        "highway": "secondary",
        "lanes": "2",
        "lcn_ref": "11",
        "maxspeed": "20 mph",
        "name": "Columbus Avenue",
        "oneway": "yes",
        "source:hgv": "https://sfplanninggis.org/TIM/?search=3591024#searchbox",
        "surface": "asphalt",
        "tiger:cfcc": "A41",
        "tiger:county": "San Francisco, CA",
        "tiger:name_base": "Columbus",
        "tiger:name_type": "Ave",
        "trolley_wire": "yes",
        "turn:lanes": "left|left;through"
      },
      "geometry": {
        "type": "LineString",
        "coordinates": [
          [
            -122.4165243,
            37.8047477
          ],
          [
            -122.4168498,
            37.8049776
          ]
        ]
      },
      "id": "way/1060535959"
    },
    {
      "type": "Feature",
      "properties": {
        "@id": "way/1061779494",
        "cycleway:both": "no",
        "hgv": "designated",
        "highway": "secondary",
        "lanes": "3",
        "name": "Montgomery Street",
        "name:etymology:wikidata": "Q6220059",
        "oneway": "yes",
        "sidewalk:both": "separate",
        "source:hgv": "https://sfplanninggis.org/TIM/?search=3591024#searchbox",
        "surface": "asphalt",
        "tiger:cfcc": "A41",
        "tiger:county": "San Francisco, CA",
        "tiger:name_base": "Montgomery",
        "tiger:name_type": "St",
        "wikidata": "Q3322721"
      },
      "geometry": {
        "type": "LineString",
        "coordinates": [
          [
            -122.4029757,
            37.7937875
          ],
          [
            -122.4029642,
            37.7937257
          ],
          [
            -122.4029009,
            37.793415
          ]
        ]
      },
      "id": "way/1061779494"
    },
    {
      "type": "Feature",
      "properties": {
        "@id": "way/1068259792",
        "cycleway:right": "track",
        "foot": "no",
        "hgv": "designated",
        "highway": "primary",
        "lanes": "3",
        "lcn_ref": "5",
        "lit": "yes",
        "maxspeed": "30 mph",
        "name": "The Embarcadero",
        "oneway": "yes",
        "oneway:bicycle": "no",
        "sidewalk": "separate",
        "source:hgv": "https://sfplanninggis.org/TIM/?search=3591024#searchbox",
        "surface": "asphalt",
        "tiger:cfcc": "A45",
        "tiger:county": "San Francisco, CA",
        "tiger:name_base": "The Embarcadero",
        "turn:lanes": "left|through|through"
      },
      "geometry": {
        "type": "LineString",
        "coordinates": [
          [
            -122.3967984,
            37.7984132
          ],
          [
            -122.3969764,
            37.7985922
          ]
        ]
      },
      "id": "way/1068259792"
    },
    {
      "type": "Feature",
      "properties": {
        "@id": "way/1071595560",
        "NHS": "STRAHNET",
        "bicycle": "yes",
        "hgv": "designated",
        "highway": "trunk",
        "lanes": "4",
        "maxspeed": "25 mph",
        "name": "Van Ness Avenue",
        "name:etymology:wikidata": "Q6144602",
        "old_name": "Marlette Street",
        "oneway": "yes",
        "placement": "right_of:3",
        "ref": "US 101",
        "sidewalk": "separate",
        "source:hgv": "https://sfplanninggis.org/TIM/?search=3591024#searchbox",
        "trolley_wire": "yes",
        "turn:lanes": "left|left|none|none"
      },
      "geometry": {
        "type": "LineString",
        "coordinates": [
          [
            -122.4236429,
            37.7961582
          ],
          [
            -122.4235759,
            37.7958262
          ],
          [
            -122.4235533,
            37.7957299
          ]
        ]
      },
      "id": "way/1071595560"
    },
    {
      "type": "Feature",
      "properties": {
        "@id": "way/1076419799",
        "hgv": "designated",
        "highway": "secondary",
        "lanes": "3",
        "lanes:psv": "1",
        "lit": "yes",
        "maxspeed:type": "US:urban",
        "name": "1st Street",
        "oneway": "yes",
        "parking:lane:both": "parallel",
        "sidewalk:both": "separate",
        "source:hgv": "https://sfplanninggis.org/TIM/?search=3591024#searchbox",
        "surface": "asphalt",
        "tiger:cfcc": "A41",
        "tiger:county": "San Francisco, CA",
        "tiger:name_base": "1st",
        "tiger:name_type": "St",
        "trolley_wire": "yes",
        "turn:lanes": "merge_to_right||"
      },
      "geometry": {
        "type": "LineString",
        "coordinates": [
          [
            -122.3991626,
            37.7910505
          ],
          [
            -122.3991482,
            37.791039
          ],
          [
            -122.3990435,
            37.7909552
          ],
          [
            -122.3986575,
            37.7906464
          ]
        ]
      },
      "id": "way/1076419799"
    },
    {
      "type": "Feature",
      "properties": {
        "@id": "way/1105497372",
        "NHS": "STRAHNET",
        "bicycle": "yes",
        "hgv": "designated",
        "highway": "trunk",
        "lanes": "2",
        "lit": "yes",
        "maxspeed": "25 mph",
        "name": "Van Ness Avenue",
        "name:etymology:wikidata": "Q6144602",
        "old_name": "Marlette Street",
        "oneway": "yes",
        "ref": "US 101",
        "sidewalk": "separate",
        "source:hgv": "https://sfplanninggis.org/TIM/?search=3591024#searchbox",
        "trolley_wire": "yes"
      },
      "geometry": {
        "type": "LineString",
        "coordinates": [
          [
            -122.4226017,
            37.7921955
          ],
          [
            -122.4226289,
            37.7922811
          ],
          [
            -122.4226478,
            37.7923321
          ],
          [
            -122.4227826,
            37.79301
          ],
          [
            -122.4227954,
            37.7930728
          ]
        ]
      },
      "id": "way/1105497372"
    },
    {
      "type": "Feature",
      "properties": {
        "@id": "way/1108077479",
        "cycleway": "track",
        "hgv": "designated",
        "highway": "secondary",
        "lanes": "2",
        "lanes:backward": "1",
        "lanes:forward": "1",
        "lcn_ref": "30",
        "maxspeed": "20 mph",
        "name": "Folsom Street",
        "name:etymology:wikidata": "Q3185252",
        "oneway": "no",
        "parking:lane:both": "parallel",
        "sidewalk:both": "separate",
        "source:hgv": "https://sfplanninggis.org/TIM/?search=3591024#searchbox",
        "tiger:cfcc": "A41",
        "tiger:county": "San Francisco, CA",
        "tiger:name_base": "Folsom",
        "tiger:name_type": "St"
      },
      "geometry": {
        "type": "LineString",
        "coordinates": [
          [
            -122.3916147,
            37.7895821
          ],
          [
            -122.3914558,
            37.789721
          ],
          [
            -122.391091,
            37.7900124
          ],
          [
            -122.3909887,
            37.7900898
          ]
        ]
      },
      "id": "way/1108077479"
    },
    {
      "type": "Feature",
      "properties": {
        "@id": "way/1111278015",
        "cycleway:both": "no",
        "hgv": "designated",
        "highway": "secondary",
        "lanes": "3",
        "maxspeed": "30 mph",
        "name": "Bush Street",
        "oneway": "yes",
        "parking:both": "yes",
        "parking:both:orientation": "parallel",
        "sidewalk": "both",
        "source:hgv": "https://sfplanninggis.org/TIM/?search=3591024#searchbox",
        "surface": "asphalt",
        "tiger:cfcc": "A41",
        "tiger:county": "San Francisco, CA",
        "tiger:name_base": "Bush",
        "tiger:name_type": "St"
      },
      "geometry": {
        "type": "LineString",
        "coordinates": [
          [
            -122.4236097,
            37.7882794
          ],
          [
            -122.4235039,
            37.7882928
          ],
          [
            -122.4228815,
            37.7883719
          ],
          [
            -122.4226993,
            37.788395
          ],
          [
            -122.4221622,
            37.7884633
          ],
          [
            -122.4220776,
            37.7884744
          ]
        ]
      },
      "id": "way/1111278015"
    },
    {
      "type": "Feature",
      "properties": {
        "@id": "way/1111706290",
        "hgv": "designated",
        "highway": "secondary",
        "lanes": "4",
        "maxspeed": "20 mph",
        "name": "Kearny Street",
        "name:etymology:wikidata": "Q518351",
        "oneway": "yes",
        "sidewalk:both": "separate",
        "source:hgv": "https://sfplanninggis.org/TIM/?search=3591024#searchbox",
        "surface": "asphalt",
        "tiger:cfcc": "A41",
        "tiger:county": "San Francisco, CA",
        "tiger:name_base": "Kearny",
        "tiger:name_type": "St",
        "trolley_wire": "yes",
        "turn:lanes": "|||right"
      },
      "geometry": {
        "type": "LineString",
        "coordinates": [
          [
            -122.4039839,
            37.7903918
          ],
          [
            -122.4040428,
            37.7906838
          ],
          [
            -122.404059,
            37.7907655
          ]
        ]
      },
      "id": "way/1111706290"
    },
    {
      "type": "Feature",
      "properties": {
        "@id": "way/1111952306",
        "cycleway:right": "shared_lane",
        "cycleway:right:lane": "pictogram",
        "highway": "secondary",
        "lanes": "3",
        "lcn_ref": "16",
        "maxspeed": "20 mph",
        "name": "Post Street",
        "oneway": "yes",
        "sidewalk:both": "separate",
        "surface": "asphalt",
        "tiger:cfcc": "A41",
        "tiger:county": "San Francisco, CA",
        "tiger:name_type": "St",
        "trolley_wire": "yes",
        "turn:lanes": "left|left;through|"
      },
      "geometry": {
        "type": "LineString",
        "coordinates": [
          [
            -122.4041233,
            37.7888454
          ],
          [
            -122.4037862,
            37.7888879
          ],
          [
            -122.4036842,
            37.788901
          ]
        ]
      },
      "id": "way/1111952306"
    },
    {
      "type": "Feature",
      "properties": {
        "@id": "way/1111954648",
        "hgv": "designated",
        "highway": "secondary",
        "lanes": "4",
        "name": "1st Street",
        "oneway": "yes",
        "parking:lane:left": "parallel",
        "sidewalk:both": "separate",
        "source:hgv": "https://sfplanninggis.org/TIM/?search=3591024#searchbox",
        "surface": "asphalt",
        "tiger:cfcc": "A41",
        "tiger:county": "San Francisco, CA",
        "tiger:name_base": "1st",
        "tiger:name_type": "St",
        "trolley_wire": "yes",
        "turn:lanes": "|||right"
      },
      "geometry": {
        "type": "LineString",
        "coordinates": [
          [
            -122.3964134,
            37.7888495
          ],
          [
            -122.3962895,
            37.7887506
          ]
        ]
      },
      "id": "way/1111954648"
    },
    {
      "type": "Feature",
      "properties": {
        "@id": "way/1112996372",
        "cycleway:right": "no",
        "hgv": "designated",
        "highway": "secondary",
        "lanes": "3",
        "name": "Montgomery Street",
        "name:etymology:wikidata": "Q6220059",
        "oneway": "yes",
        "sidewalk:both": "separate",
        "source:hgv": "https://sfplanninggis.org/TIM/?search=3591024#searchbox",
        "surface": "asphalt",
        "tiger:cfcc": "A41",
        "tiger:county": "San Francisco, CA",
        "tiger:name_base": "Montgomery",
        "tiger:name_type": "St",
        "turn:lanes": "left|left;through|none",
        "wikidata": "Q3322721"
      },
      "geometry": {
        "type": "LineString",
        "coordinates": [
          [
            -122.4025983,
            37.791909
          ],
          [
            -122.4025804,
            37.791821
          ],
          [
            -122.4024954,
            37.7914009
          ]
        ]
      },
      "id": "way/1112996372"
    },
    {
      "type": "Feature",
      "properties": {
        "@id": "way/1120057479",
        "NHS": "STRAHNET",
        "bicycle": "yes",
        "hgv": "designated",
        "highway": "trunk",
        "lanes": "4",
        "lit": "yes",
        "maxspeed": "25 mph",
        "name": "Van Ness Avenue",
        "name:etymology:wikidata": "Q6144602",
        "old_name": "Marlette Street",
        "oneway": "yes",
        "ref": "US 101",
        "sidewalk": "separate",
        "source:hgv": "https://sfplanninggis.org/TIM/?search=3591024#searchbox",
        "tiger:cfcc": "A25",
        "tiger:county": "San Francisco, CA",
        "tiger:name_base": "United States Highway 101",
        "tiger:name_base_1": "Van Ness",
        "tiger:name_type_1": "Ave",
        "trolley_wire": "yes",
        "turn:lanes": "|||right"
      },
      "geometry": {
        "type": "LineString",
        "coordinates": [
          [
            -122.4223024,
            37.7896505
          ],
          [
            -122.42227,
            37.7894932
          ],
          [
            -122.4222577,
            37.7894074
          ]
        ]
      },
      "id": "way/1120057479"
    },
    {
      "type": "Feature",
      "properties": {
        "@id": "way/1120299801",
        "NHS": "STRAHNET",
        "bicycle": "yes",
        "hgv": "designated",
        "highway": "trunk",
        "lanes": "2",
        "lit": "yes",
        "maxspeed": "25 mph",
        "name": "Van Ness Avenue",
        "name:etymology:wikidata": "Q6144602",
        "old_name": "Marlette Street",
        "oneway": "yes",
        "ref": "US 101",
        "sidewalk": "separate",
        "source:hgv": "https://sfplanninggis.org/TIM/?search=3591024#searchbox",
        "tiger:cfcc": "A25",
        "tiger:county": "San Francisco, CA",
        "tiger:name_base": "United States Highway 101",
        "tiger:name_base_1": "Van Ness",
        "tiger:name_type_1": "Ave",
        "trolley_wire": "yes",
        "turn:lanes": "through|none"
      },
      "geometry": {
        "type": "LineString",
        "coordinates": [
          [
            -122.4221708,
            37.7889484
          ],
          [
            -122.4220931,
            37.7885597
          ],
          [
            -122.4220776,
            37.7884744
          ]
        ]
      },
      "id": "way/1120299801"
    },
    {
      "type": "Feature",
      "properties": {
        "@id": "way/1120512099",
        "bicycle:lanes:forward": "no|no|designated|yes",
        "cycleway:right": "track",
        "hgv": "designated",
        "highway": "secondary",
        "lanes": "4",
        "lanes:backward": "1",
        "lanes:forward": "3",
        "lcn_ref": "30",
        "lit": "yes",
        "maxspeed": "25 mph",
        "name": "Howard Street",
        "name:etymology:wikidata": "Q16066217",
        "parking:both:orientation": "parallel",
        "parking:left": "lane",
        "parking:right": "street_side",
        "placement:backward": "left_of:1",
        "source:hgv": "https://sfplanninggis.org/TIM/?search=3591024#searchbox",
        "surface": "asphalt",
        "trolley_wire": "yes",
        "turn:lanes:forward": "through|through|right"
      },
      "geometry": {
        "type": "LineString",
        "coordinates": [
          [
            -122.3947668,
            37.7895351
          ],
          [
            -122.3950168,
            37.7893359
          ],
          [
            -122.3950687,
            37.7892945
          ],
          [
            -122.3951505,
            37.7892294
          ]
        ]
      },
      "id": "way/1120512099"
    },
    {
      "type": "Feature",
      "properties": {
        "@id": "way/1120570314",
        "NHS": "STRAHNET",
        "bicycle": "yes",
        "cycleway:both": "no",
        "foot": "yes",
        "hgv": "designated",
        "highway": "trunk",
        "lanes": "3",
        "lit": "yes",
        "maxspeed": "25 mph",
        "name": "Lombard Street",
        "name:etymology:wikidata": "Q15242635",
        "old_ref": "CA 480",
        "oneway": "yes",
        "ref": "US 101",
        "sidewalk": "right",
        "source:hgv": "https://sfplanninggis.org/TIM/?search=3591024#searchbox",
        "surface": "asphalt",
        "tiger:cfcc": "A25",
        "tiger:county": "San Francisco, CA",
        "tiger:name_base": "United States Highway 101;Lombard:United States Highway 101",
        "tiger:name_base_1": "Lombard",
        "tiger:name_type": "St",
        "tiger:name_type_1": "St",
        "turn:lanes": "||right"
      },
      "geometry": {
        "type": "LineString",
        "coordinates": [
          [
            -122.4282361,
            37.800798
          ],
          [
            -122.427941,
            37.8008411
          ],
          [
            -122.4278342,
            37.800855
          ]
        ]
      },
      "id": "way/1120570314"
    },
    {
      "type": "Feature",
      "properties": {
        "@id": "way/1120580318",
        "NHS": "STRAHNET",
        "bicycle": "yes",
        "cycleway:both": "no",
        "foot": "yes",
        "hgv": "designated",
        "highway": "trunk",
        "lanes": "3",
        "lit": "yes",
        "maxspeed": "25 mph",
        "name": "Lombard Street",
        "name:etymology:wikidata": "Q15242635",
        "old_ref": "CA 480",
        "oneway": "yes",
        "parking:left": "no",
        "parking:right": "lane",
        "parking:right:orientation": "parallel",
        "ref": "US 101",
        "sidewalk": "right",
        "source:hgv": "https://sfplanninggis.org/TIM/?search=3591024#searchbox",
        "surface": "asphalt",
        "tiger:cfcc": "A25;A25:A41",
        "tiger:county": "San Francisco, CA",
        "tiger:name_base": "Lombard",
        "tiger:name_base_1": "United States Highway 101",
        "tiger:name_type": "St"
      },
      "geometry": {
        "type": "LineString",
        "coordinates": [
          [
            -122.4344311,
            37.8001056
          ],
          [
            -122.4345318,
            37.8000928
          ],
          [
            -122.4350521,
            37.8000265
          ],
          [
            -122.4352493,
            37.8000014
          ]
        ]
      },
      "id": "way/1120580318"
    },
    {
      "type": "Feature",
      "properties": {
        "@id": "way/1121690295",
        "NHS": "STRAHNET",
        "bicycle": "yes",
        "foot": "yes",
        "hgv": "designated",
        "highway": "trunk",
        "lanes": "3",
        "lit": "yes",
        "maxspeed": "25 mph",
        "name": "Lombard Street",
        "name:etymology:wikidata": "Q15242635",
        "old_ref": "CA 480",
        "oneway": "yes",
        "ref": "US 101",
        "sidewalk": "right",
        "source:hgv": "https://sfplanninggis.org/TIM/?search=3591024#searchbox",
        "surface": "asphalt",
        "tiger:cfcc": "A25;A25:A41",
        "tiger:county": "San Francisco, CA",
        "tiger:name_base": "Lombard",
        "tiger:name_base_1": "United States Highway 101",
        "tiger:name_type": "St",
        "turn:lanes": "none|none|right"
      },
      "geometry": {
        "type": "LineString",
        "coordinates": [
          [
            -122.4424186,
            37.7990885
          ],
          [
            -122.4425625,
            37.7990708
          ],
          [
            -122.4426765,
            37.7990558
          ]
        ]
      },
      "id": "way/1121690295"
    },
    {
      "type": "Feature",
      "properties": {
        "@id": "way/1121693209",
        "NHS": "STRAHNET",
        "bicycle": "yes",
        "cycleway:both": "no",
        "foot": "yes",
        "hgv": "designated",
        "highway": "trunk",
        "lanes": "3",
        "lit": "yes",
        "maxspeed": "25 mph",
        "name": "Lombard Street",
        "name:etymology:wikidata": "Q15242635",
        "old_ref": "CA 480",
        "oneway": "yes",
        "ref": "US 101",
        "sidewalk:left": "no",
        "sidewalk:right": "separate",
        "source:hgv": "https://sfplanninggis.org/TIM/?search=3591024#searchbox",
        "surface": "asphalt",
        "tiger:cfcc": "A25",
        "tiger:county": "San Francisco, CA",
        "tiger:name_base": "United States Highway 101;Lombard:United States Highway 101",
        "tiger:name_base_1": "Lombard",
        "tiger:name_type": "St",
        "tiger:name_type_1": "St",
        "turn:lanes": "none|none|right"
      },
      "geometry": {
        "type": "LineString",
        "coordinates": [
          [
            -122.4430957,
            37.798906
          ],
          [
            -122.4428542,
            37.7989366
          ],
          [
            -122.442783,
            37.7989456
          ],
          [
            -122.4426574,
            37.7989616
          ]
        ]
      },
      "id": "way/1121693209"
    },
    {
      "type": "Feature",
      "properties": {
        "@id": "way/1122572199",
        "NHS": "STRAHNET",
        "bicycle": "yes",
        "foot": "yes",
        "hgv": "designated",
        "highway": "trunk",
        "lanes": "3",
        "maxspeed": "30 mph",
        "name": "Richardson Avenue",
        "name:etymology:wikidata": "Q4818023",
        "old_ref": "CA 480",
        "oneway": "yes",
        "ref": "US 101",
        "shoulder": "no",
        "sidewalk:left": "no",
        "sidewalk:right": "separate",
        "source:hgv": "https://sfplanninggis.org/TIM/?search=3591024#searchbox",
        "turn:lanes": "||through;right"
      },
      "geometry": {
        "type": "LineString",
        "coordinates": [
          [
            -122.4475582,
            37.8007292
          ],
          [
            -122.447663,
            37.800801
          ]
        ]
      },
      "id": "way/1122572199"
    },
    {
      "type": "Feature",
      "properties": {
        "@id": "way/1126161508",
        "cycleway:left": "track",
        "cycleway:left:oneway": "no",
        "cycleway:right": "no",
        "highway": "secondary",
        "lanes": "3",
        "lcn_ref": "11",
        "maxspeed": "25 mph",
        "name": "Battery Street",
        "oneway": "yes",
        "oneway:bicycle": "no",
        "parking:lane:both": "parallel",
        "sidewalk:both": "separate",
        "surface": "asphalt",
        "tiger:cfcc": "A41",
        "tiger:county": "San Francisco, CA",
        "tiger:name_base": "Battery",
        "tiger:name_type": "St"
      },
      "geometry": {
        "type": "LineString",
        "coordinates": [
          [
            -122.3999769,
            37.7932159
          ],
          [
            -122.3999747,
            37.793207
          ],
          [
            -122.3999582,
            37.7931249
          ],
          [
            -122.3998879,
            37.7927741
          ]
        ]
      },
      "id": "way/1126161508"
    },
    {
      "type": "Feature",
      "properties": {
        "@id": "way/1126161510",
        "cycleway:left": "track",
        "cycleway:left:oneway": "no",
        "cycleway:right": "no",
        "highway": "secondary",
        "lanes": "3",
        "lcn_ref": "11",
        "maxspeed": "25 mph",
        "name": "Battery Street",
        "oneway": "yes",
        "oneway:bicycle": "no",
        "parking:lane:both": "parallel",
        "sidewalk:both": "separate",
        "surface": "asphalt",
        "tiger:cfcc": "A41",
        "tiger:county": "San Francisco, CA",
        "tiger:name_base": "Battery",
        "tiger:name_type": "St"
      },
      "geometry": {
        "type": "LineString",
        "coordinates": [
          [
            -122.3998879,
            37.7927741
          ],
          [
            -122.3998673,
            37.7926711
          ],
          [
            -122.3998336,
            37.7925062
          ],
          [
            -122.399829,
            37.7924828
          ],
          [
            -122.3998036,
            37.7923542
          ],
          [
            -122.3997849,
            37.7922611
          ]
        ]
      },
      "id": "way/1126161510"
    },
    {
      "type": "Feature",
      "properties": {
        "@id": "way/1153993073",
        "alt_name": "Doyle Drive",
        "destination:ref": "CA 1",
        "destination:street": "19th Avenue",
        "hgv": "designated",
        "highway": "motorway",
        "lanes": "2",
        "lit": "yes",
        "maxspeed": "35 mph",
        "name": "Presidio Parkway",
        "old_ref": "CA 480",
        "oneway": "yes",
        "ref": "US 101",
        "source:hgv": "https://sfplanninggis.org/TIM/?search=3591024#searchbox",
        "surface": "asphalt"
      },
      "geometry": {
        "type": "LineString",
        "coordinates": [
          [
            -122.4498582,
            37.8024748
          ],
          [
            -122.4499726,
            37.8025869
          ],
          [
            -122.4500286,
            37.8026399
          ],
          [
            -122.4500915,
            37.8026964
          ],
          [
            -122.4501507,
            37.8027465
          ],
          [
            -122.4502124,
            37.8027959
          ],
          [
            -122.4502867,
            37.8028529
          ]
        ]
      },
      "id": "way/1153993073"
    },
    {
      "type": "Feature",
      "properties": {
        "@id": "way/1161676010",
        "NHS": "STRAHNET",
        "bicycle": "no",
        "hgv": "designated",
        "highway": "motorway",
        "lanes": "4",
        "lit": "yes",
        "maxspeed": "35 mph",
        "name": "Presidio Parkway",
        "oneway": "yes",
        "ref": "US 101;CA 1",
        "sidewalk": "separate",
        "source:hgv": "https://sfplanninggis.org/TIM/?search=3591024#searchbox",
        "surface": "asphalt",
        "tiger:name_base": "Richardson",
        "tiger:name_type": "Ave",
        "toll": "no"
      },
      "geometry": {
        "type": "LineString",
        "coordinates": [
          [
            -122.4757009,
            37.8075798
          ],
          [
            -122.4758161,
            37.8076614
          ]
        ]
      },
      "id": "way/1161676010"
    },
    {
      "type": "Feature",
      "properties": {
        "@id": "way/1215355240",
        "destination": "Chestnut Street",
        "highway": "trunk_link",
        "lanes": "1",
        "oneway": "yes",
        "sidewalk:left": "no",
        "sidewalk:right": "separate",
        "surface": "asphalt"
      },
      "geometry": {
        "type": "LineString",
        "coordinates": [
          [
            -122.4456601,
            37.799422
          ],
          [
            -122.4456669,
            37.7994908
          ],
          [
            -122.4456538,
            37.7995472
          ],
          [
            -122.4456258,
            37.799591
          ],
          [
            -122.445547,
            37.7996401
          ]
        ]
      },
      "id": "way/1215355240"
    },
    {
      "type": "Feature",
      "properties": {
        "@id": "way/1218658431",
        "NHS": "STRAHNET",
        "bicycle": "yes",
        "hgv": "designated",
        "highway": "trunk",
        "lanes": "3",
        "lit": "yes",
        "maxspeed": "25 mph",
        "name": "Van Ness Avenue",
        "name:etymology:wikidata": "Q6144602",
        "old_name": "Marlette Street",
        "oneway": "yes",
        "parking:left": "no",
        "parking:right": "lane",
        "parking:right:orientation": "parallel",
        "placement": "transition",
        "ref": "US 101",
        "sidewalk": "separate",
        "source:hgv": "https://sfplanninggis.org/TIM/?search=3591024#searchbox",
        "surface": "asphalt",
        "trolley_wire": "yes",
        "turn:lanes": "left|left|"
      },
      "geometry": {
        "type": "LineString",
        "coordinates": [
          [
            -122.4242926,
            37.8004337
          ],
          [
            -122.4243147,
            37.8005077
          ],
          [
            -122.4243407,
            37.8006225
          ]
        ]
      },
      "id": "way/1218658431"
    },
    {
      "type": "Feature",
      "properties": {
        "@id": "way/1218658432",
        "NHS": "STRAHNET",
        "bicycle": "yes",
        "destination:lanes": "Lombard Westbound|Lombard Westbound|",
        "hgv": "designated",
        "highway": "trunk",
        "lanes": "3",
        "lit": "yes",
        "maxspeed": "25 mph",
        "name": "Van Ness Avenue",
        "name:etymology:wikidata": "Q6144602",
        "old_name": "Marlette Street",
        "oneway": "yes",
        "placement": "right_of:2",
        "ref": "US 101",
        "sidewalk": "separate",
        "source:hgv": "https://sfplanninggis.org/TIM/?search=3591024#searchbox",
        "surface": "asphalt",
        "trolley_wire": "yes",
        "turn:lanes": "left|left|"
      },
      "geometry": {
        "type": "LineString",
        "coordinates": [
          [
            -122.4241986,
            37.7999955
          ],
          [
            -122.4242655,
            37.8003178
          ],
          [
            -122.4242744,
            37.8003604
          ],
          [
            -122.4242926,
            37.8004337
          ]
        ]
      },
      "id": "way/1218658432"
    },
    {
      "type": "Feature",
      "properties": {
        "@id": "way/1249822823",
        "hgv": "designated",
        "highway": "secondary",
        "horse": "no",
        "lanes": "3",
        "maxspeed": "25 mph",
        "maxweight:hgv": "3 st",
        "name": "Franklin Street",
        "name:etymology:wikidata": "Q34969",
        "oneway": "yes",
        "parking:lane:both": "parallel",
        "sidewalk": "both",
        "source:hgv": "https://sfplanninggis.org/TIM/?search=3591024#searchbox",
        "surface": "asphalt",
        "tiger:cfcc": "A41",
        "tiger:county": "San Francisco, CA",
        "tiger:name_base": "Franklin",
        "tiger:name_type": "St"
      },
      "geometry": {
        "type": "LineString",
        "coordinates": [
          [
            -122.4256444,
            37.7983492
          ],
          [
            -122.4256604,
            37.7984285
          ],
          [
            -122.4257183,
            37.7987147
          ],
          [
            -122.4258189,
            37.7992134
          ],
          [
            -122.4258342,
            37.7992866
          ]
        ]
      },
      "id": "way/1249822823"
    },
    {
      "type": "Feature",
      "properties": {
        "@id": "way/1275239645",
        "cycleway:both": "no",
        "hgv": "designated",
        "highway": "secondary",
        "lanes": "2",
        "lit": "yes",
        "name": "Divisadero Street",
        "sidewalk": "both",
        "source:hgv": "https://sfplanninggis.org/TIM/?search=3591024#searchbox",
        "surface": "asphalt",
        "tiger:cfcc": "A41",
        "tiger:county": "San Francisco, CA",
        "tiger:name_base": "Divisadero",
        "tiger:name_type": "St",
        "trolley_wire": "yes"
      },
      "geometry": {
        "type": "LineString",
        "coordinates": [
          [
            -122.4411783,
            37.7916393
          ],
          [
            -122.4411631,
            37.7915637
          ],
          [
            -122.4411597,
            37.7915467
          ],
          [
            -122.4411573,
            37.7915348
          ],
          [
            -122.4410212,
            37.7908577
          ],
          [
            -122.4410156,
            37.7908298
          ],
          [
            -122.4410012,
            37.7907581
          ]
        ]
      },
      "id": "way/1275239645"
    },
    {
      "type": "Feature",
      "properties": {
        "@id": "way/1275239647",
        "cycleway:both": "no",
        "hgv": "designated",
        "highway": "secondary",
        "lanes": "2",
        "lit": "yes",
        "maxweight:hgv": "9 st",
        "name": "Divisadero Street",
        "sidewalk": "both",
        "source:hgv": "https://sfplanninggis.org/TIM/?search=3591024#searchbox",
        "surface": "asphalt",
        "tiger:cfcc": "A41",
        "tiger:county": "San Francisco, CA",
        "tiger:name_base": "Divisadero",
        "tiger:name_type": "St",
        "trolley_wire": "yes"
      },
      "geometry": {
        "type": "LineString",
        "coordinates": [
          [
            -122.4410012,
            37.7907581
          ],
          [
            -122.4409854,
            37.7906792
          ],
          [
            -122.4409833,
            37.7906687
          ],
          [
            -122.4408756,
            37.7901324
          ],
          [
            -122.4408493,
            37.7900016
          ],
          [
            -122.440846,
            37.7899854
          ],
          [
            -122.4408394,
            37.7899525
          ],
          [
            -122.4408248,
            37.78988
          ]
        ]
      },
      "id": "way/1275239647"
    },
    {
      "type": "Feature",
      "properties": {
        "@id": "way/1321812310",
        "NHS": "STRAHNET",
        "bicycle": "no",
        "bridge": "yes",
        "bridge:name": "Golden Gate",
        "bridge:structure": "suspension",
        "colour": "orange",
        "cycleway": "no",
        "foot": "no",
        "hgv": "designated",
        "highway": "motorway",
        "historic": "yes",
        "lanes": "4",
        "lanes:conditional": "2 @ (Tu-Fr 15:30-17:00)",
        "layer": "1",
        "lit": "yes",
        "maxspeed": "45 mph",
        "name": "Golden Gate Bridge",
        "oneway": "yes",
        "ref": "US 101;CA 1",
        "sidewalk": "separate",
        "source": "Bing",
        "source:hgv": "https://sfplanninggis.org/TIM/?search=3591024#searchbox",
        "start_date": "1937-05-27",
        "surface": "asphalt",
        "tiger:cfcc": "A25;A11;A29",
        "tiger:name_base": "Golden Gate",
        "tiger:name_type": "Brg",
        "toll": "yes",
        "turn:lanes": "none|none|none|merge_to_left",
        "wikidata": "Q44440",
        "wikipedia": "en:Golden Gate Bridge"
      },
      "geometry": {
        "type": "LineString",
        "coordinates": [
          [
            -122.4808518,
            37.8323081
          ],
          [
            -122.480721,
            37.8321866
          ],
          [
            -122.4806519,
            37.8321173
          ]
        ]
      },
      "id": "way/1321812310"
    },
    {
      "type": "Feature",
      "properties": {
        "@id": "way/1338264427",
        "NHS": "STRAHNET",
        "alt_name": "Doyle Drive",
        "bicycle": "no",
        "destination:lanes": "|||San Francisco Presidio;Golden Gate National Recreation Area;Fort Point",
        "highway": "motorway",
        "lanes": "4",
        "lit": "yes",
        "maxspeed": "35 mph",
        "name": "Presidio Parkway",
        "oneway": "yes",
        "ref": "US 101;CA 1",
        "source:hgv": "https://sfplanninggis.org/TIM/?search=3591024#searchbox",
        "surface": "asphalt",
        "tiger:cfcc": "A25",
        "tiger:name_base": "Richardson",
        "tiger:name_type": "Ave",
        "toll": "no",
        "turn:lanes": "|||through;right"
      },
      "geometry": {
        "type": "LineString",
        "coordinates": [
          [
            -122.474552,
            37.8064411
          ],
          [
            -122.4746347,
            37.80653
          ]
        ]
      },
      "id": "way/1338264427"
    },
    {
      "type": "Feature",
      "properties": {
        "@id": "way/1339315883",
        "dual_carriageway": "no",
        "fixme": "lcn_ref=295?",
        "highway": "secondary",
        "lanes": "1",
        "maxspeed": "15 mph",
        "noname": "yes",
        "oneway": "yes",
        "surface": "asphalt"
      },
      "geometry": {
        "type": "LineString",
        "coordinates": [
          [
            -122.4748435,
            37.8075663
          ],
          [
            -122.4747984,
            37.8075961
          ]
        ]
      },
      "id": "way/1339315883"
    },
    {
      "type": "Feature",
      "properties": {
        "@id": "way/1346077720",
        "highway": "secondary_link",
        "maxspeed": "25 mph",
        "name": "Mason Street",
        "name:etymology:wikidata": "Q356889",
        "oneway": "yes",
        "sidewalk:left": "no",
        "sidewalk:right": "separate",
        "surface": "asphalt",
        "tiger:cfcc": "A41",
        "tiger:county": "San Francisco, CA",
        "tiger:name_base": "Mason",
        "tiger:name_type": "St"
      },
      "geometry": {
        "type": "LineString",
        "coordinates": [
          [
            -122.4488704,
            37.8049276
          ],
          [
            -122.4485746,
            37.8049266
          ],
          [
            -122.448468,
            37.8049203
          ],
          [
            -122.4484089,
            37.804901
          ],
          [
            -122.4483698,
            37.8048785
          ]
        ]
      },
      "id": "way/1346077720"
    },
    {
      "type": "Feature",
      "properties": {
        "@id": "way/1349022982",
        "cycleway:right": "no",
        "height": "245",
        "highway": "secondary",
        "lanes": "3",
        "maxspeed": "20 mph",
        "name": "Fremont Street",
        "name:etymology:wikidata": "Q169011",
        "oneway": "yes",
        "sidewalk": "separate",
        "surface": "asphalt",
        "tiger:cfcc": "A41",
        "tiger:county": "San Francisco, CA",
        "tiger:name_base": "Fremont",
        "tiger:name_type": "St"
      },
      "geometry": {
        "type": "LineString",
        "coordinates": [
          [
            -122.3951505,
            37.7892294
          ],
          [
            -122.3952422,
            37.7893073
          ],
          [
            -122.3955983,
            37.789589
          ],
          [
            -122.3956345,
            37.7896181
          ],
          [
            -122.3956776,
            37.7896521
          ],
          [
            -122.3957322,
            37.7896955
          ]
        ]
      },
      "id": "way/1349022982"
    },
    {
      "type": "Feature",
      "properties": {
        "@id": "way/1349027885",
        "cycleway:right": "track",
        "hgv": "designated",
        "highway": "secondary",
        "lanes": "5",
        "lanes:backward": "3",
        "lanes:forward": "2",
        "lcn_ref": "30",
        "lit": "yes",
        "maxspeed": "25 mph",
        "name": "Howard Street",
        "name:etymology:wikidata": "Q16066217",
        "parking:lane:both": "no",
        "placement:backward": "left_of:1",
        "sidewalk:both": "separate",
        "source:hgv": "https://sfplanninggis.org/TIM/?search=3591024#searchbox",
        "surface": "asphalt",
        "tiger:cfcc": "A41",
        "tiger:county": "San Francisco, CA",
        "tiger:name_base": "Howard",
        "tiger:name_type": "St",
        "trolley_wire": "yes",
        "turn:lanes:backward": "left;through||left"
      },
      "geometry": {
        "type": "LineString",
        "coordinates": [
          [
            -122.393671,
            37.7904051
          ],
          [
            -122.3938223,
            37.7902855
          ]
        ]
      },
      "id": "way/1349027885"
    },
    {
      "type": "Feature",
      "properties": {
        "@id": "way/1349389964",
        "highway": "primary_link",
        "name": "Broadway",
        "oneway": "yes",
        "sidewalk": "right",
        "tiger:cfcc": "A41",
        "tiger:county": "San Francisco, CA",
        "tiger:name_base": "Broadway"
      },
      "geometry": {
        "type": "LineString",
        "coordinates": [
          [
            -122.4105637,
            37.7972658
          ],
          [
            -122.4105575,
            37.7973193
          ]
        ]
      },
      "id": "way/1349389964"
    },
    {
      "type": "Feature",
      "properties": {
        "@id": "way/1349389965",
        "cycleway": "shared_lane",
        "highway": "primary_link",
        "lcn_ref": "10",
        "name": "Broadway",
        "oneway": "yes",
        "sidewalk": "right",
        "tiger:cfcc": "A41",
        "tiger:county": "San Francisco, CA",
        "tiger:name_base": "Broadway",
        "tiger:name_base_1": "Broadway",
        "tiger:name_type": "St"
      },
      "geometry": {
        "type": "LineString",
        "coordinates": [
          [
            -122.4107613,
            37.7973724
          ],
          [
            -122.410855,
            37.797397
          ]
        ]
      },
      "id": "way/1349389965"
    },
    {
      "type": "Feature",
      "properties": {
        "@id": "way/1371674936",
        "NHS": "STRAHNET",
        "bicycle": "yes",
        "foot": "yes",
        "hgv": "designated",
        "highway": "trunk",
        "lanes": "3",
        "lit": "yes",
        "maxspeed": "30 mph",
        "name": "Richardson Avenue",
        "name:etymology:wikidata": "Q4818023",
        "old_ref": "CA 480",
        "oneway": "yes",
        "ref": "US 101",
        "sidewalk:left": "no",
        "sidewalk:right": "separate",
        "source:hgv": "https://sfplanninggis.org/TIM/?search=3591024#searchbox",
        "surface": "asphalt",
        "tiger:cfcc": "A25",
        "tiger:county": "San Francisco, CA",
        "tiger:name_base": "Richardson:United States Highway 101",
        "tiger:name_base_1": "Richardson:United States Highway 101",
        "tiger:name_type": "Ave",
        "tiger:name_type_1": "Ave"
      },
      "geometry": {
        "type": "LineString",
        "coordinates": [
          [
            -122.4463446,
            37.7997679
          ],
          [
            -122.4461402,
            37.7996292
          ],
          [
            -122.4460613,
            37.7995744
          ]
        ]
      },
      "id": "way/1371674936"
    },
    {
      "type": "Feature",
      "properties": {
        "@id": "way/1377413505",
        "cycleway:left": "track",
        "cycleway:left:oneway": "no",
        "cycleway:right": "no",
        "highway": "secondary",
        "lanes": "3",
        "maxspeed": "25 mph",
        "name": "Battery Street",
        "oneway": "yes",
        "oneway:bicycle": "no",
        "parking:lane:both": "parallel",
        "sidewalk:both": "separate",
        "surface": "asphalt",
        "tiger:cfcc": "A41",
        "tiger:county": "San Francisco, CA",
        "tiger:name_base": "Battery",
        "tiger:name_type": "St",
        "turn:lanes": "left;through|none|none"
      },
      "geometry": {
        "type": "LineString",
        "coordinates": [
          [
            -122.4004109,
            37.7954213
          ],
          [
            -122.4003708,
            37.7951946
          ]
        ]
      },
      "id": "way/1377413505"
    },
    {
      "type": "Feature",
      "properties": {
        "@id": "way/1381814220",
        "hgv": "designated",
        "highway": "secondary",
        "lanes": "2",
        "name": "Divisadero Street",
        "sidewalk": "both",
        "source:hgv": "https://sfplanninggis.org/TIM/?search=3591024#searchbox",
        "tiger:cfcc": "A41",
        "tiger:county": "San Francisco, CA",
        "tiger:name_base": "Divisadero",
        "tiger:name_type": "St"
      },
      "geometry": {
        "type": "LineString",
        "coordinates": [
          [
            -122.4424877,
            37.7981217
          ],
          [
            -122.4424728,
            37.7980478
          ],
          [
            -122.4424685,
            37.7980268
          ],
          [
            -122.4423201,
            37.7972921
          ],
          [
            -122.4423147,
            37.7972654
          ],
          [
            -122.442299,
            37.7971881
          ],
          [
            -122.4422853,
            37.7971204
          ],
          [
            -122.4422782,
            37.7970853
          ],
          [
            -122.4421315,
            37.7963588
          ],
          [
            -122.4421107,
            37.7962559
          ],
          [
            -122.4420955,
            37.7961841
          ],
          [
            -122.4420883,
            37.7961482
          ],
          [
            -122.4419418,
            37.7954201
          ],
          [
            -122.4419376,
            37.7953993
          ],
          [
            -122.4419222,
            37.795323
          ]
        ]
      },
      "id": "way/1381814220"
    },
    {
      "type": "Feature",
      "properties": {
        "@id": "way/1381814221",
        "hgv": "designated",
        "highway": "secondary",
        "lanes": "2",
        "name": "Divisadero Street",
        "sidewalk": "both",
        "source:hgv": "https://sfplanninggis.org/TIM/?search=3591024#searchbox",
        "tiger:cfcc": "A41",
        "tiger:county": "San Francisco, CA",
        "tiger:name_base": "Divisadero",
        "tiger:name_type": "St"
      },
      "geometry": {
        "type": "LineString",
        "coordinates": [
          [
            -122.4415418,
            37.7934405
          ],
          [
            -122.4415237,
            37.7933509
          ],
          [
            -122.441384,
            37.7926599
          ],
          [
            -122.4413696,
            37.7925887
          ],
          [
            -122.4413549,
            37.7925158
          ],
          [
            -122.4413404,
            37.7924437
          ],
          [
            -122.4413172,
            37.7923286
          ],
          [
            -122.4411963,
            37.7917286
          ],
          [
            -122.4411924,
            37.7917091
          ],
          [
            -122.4411783,
            37.7916393
          ]
        ]
      },
      "id": "way/1381814221"
    },
    {
      "type": "Feature",
      "properties": {
        "@id": "way/1409590698",
        "highway": "trunk_link",
        "lane_markings": "no",
        "oneway": "yes"
      },
      "geometry": {
        "type": "LineString",
        "coordinates": [
          [
            -122.4468309,
            37.8002266
          ],
          [
            -122.4468512,
            37.8002807
          ],
          [
            -122.4468498,
            37.800324
          ],
          [
            -122.4468359,
            37.8003574
          ],
          [
            -122.4467953,
            37.8004045
          ],
          [
            -122.4467382,
            37.8004476
          ]
        ]
      },
      "id": "way/1409590698"
    },
    {
      "type": "Feature",
      "properties": {
        "@id": "way/1418441352",
        "bicycle": "yes",
        "hgv": "designated",
        "highway": "primary",
        "lanes": "3",
        "lit": "yes",
        "name": "Van Ness Avenue",
        "name:etymology:wikidata": "Q6144602",
        "old_name": "Marlette Street",
        "oneway": "yes",
        "parking:both": "no",
        "shoulder": "no",
        "sidewalk:left": "no",
        "sidewalk:right": "separate",
        "source:hgv": "https://sfplanninggis.org/TIM/?search=3591024#searchbox",
        "surface": "asphalt",
        "trolley_wire": "yes"
      },
      "geometry": {
        "type": "LineString",
        "coordinates": [
          [
            -122.4246811,
            37.8022921
          ],
          [
            -122.4246993,
            37.8023779
          ],
          [
            -122.4247261,
            37.8025108
          ],
          [
            -122.4247345,
            37.8025534
          ]
        ]
      },
      "id": "way/1418441352"
    },
    {
      "type": "Feature",
      "properties": {
        "@id": "way/1418441353",
        "bicycle": "yes",
        "hgv": "designated",
        "highway": "primary",
        "lanes": "3",
        "lit": "yes",
        "name": "Van Ness Avenue",
        "name:etymology:wikidata": "Q6144602",
        "old_name": "Marlette Street",
        "oneway": "yes",
        "parking:both": "no",
        "shoulder": "no",
        "sidewalk:left": "no",
        "sidewalk:right": "separate",
        "source:hgv": "https://sfplanninggis.org/TIM/?search=3591024#searchbox",
        "surface": "asphalt",
        "trolley_wire": "yes"
      },
      "geometry": {
        "type": "LineString",
        "coordinates": [
          [
            -122.4248861,
            37.8025352
          ],
          [
            -122.4248669,
            37.8024396
          ],
          [
            -122.4248502,
            37.802359
          ],
          [
            -122.4248328,
            37.802273
          ]
        ]
      },
      "id": "way/1418441353"
    },
    {
      "type": "Feature",
      "properties": {
        "@id": "way/1418441354",
        "bicycle": "yes",
        "hgv": "designated",
        "highway": "primary",
        "lanes": "3",
        "lit": "yes",
        "name": "Van Ness Avenue",
        "name:etymology:wikidata": "Q6144602",
        "old_name": "Marlette Street",
        "oneway": "yes",
        "parking:left": "no",
        "parking:right": "lane",
        "parking:right:orientation": "parallel",
        "shoulder": "no",
        "sidewalk:left": "no",
        "sidewalk:right": "separate",
        "source:hgv": "https://sfplanninggis.org/TIM/?search=3591024#searchbox",
        "surface": "asphalt",
        "trolley_wire": "yes"
      },
      "geometry": {
        "type": "LineString",
        "coordinates": [
          [
            -122.4245567,
            37.8016789
          ],
          [
            -122.424576,
            37.8017736
          ]
        ]
      },
      "id": "way/1418441354"
    },
    {
      "type": "Feature",
      "properties": {
        "@id": "way/1418567117",
        "access:lanes": "no|yes|yes",
        "bus:lanes": "designated|yes|yes",
        "hgv": "designated",
        "highway": "primary",
        "lanes": "3",
        "lanes:bus": "1",
        "lit": "yes",
        "name": "Van Ness Avenue",
        "name:etymology:wikidata": "Q6144602",
        "old_name": "Marlette Street",
        "oneway": "yes",
        "parking:left": "no",
        "parking:right": "lane",
        "parking:right:orientation": "parallel",
        "placement": "transition",
        "sidewalk:left": "no",
        "sidewalk:right": "separate",
        "source:hgv": "https://sfplanninggis.org/TIM/?search=3591024#searchbox",
        "surface": "asphalt",
        "trolley_wire": "yes",
        "turn:lanes": "|right"
      },
      "geometry": {
        "type": "LineString",
        "coordinates": [
          [
            -122.4247703,
            37.801968
          ],
          [
            -122.4247108,
            37.8016585
          ]
        ]
      },
      "id": "way/1418567117"
    },
    {
      "type": "Feature",
      "properties": {
        "@id": "way/1418637346",
        "destination": "Presidio;Visitor Center;Crissy Field",
        "highway": "motorway_link",
        "lanes": "1",
        "lit": "yes",
        "maxspeed": "45 mph",
        "maxspeed:advisory": "25 mph",
        "oneway": "yes",
        "surface": "asphalt",
        "turn": "right"
      },
      "geometry": {
        "type": "LineString",
        "coordinates": [
          [
            -122.4525814,
            37.802798
          ],
          [
            -122.4525514,
            37.8027726
          ],
          [
            -122.452531,
            37.8027533
          ],
          [
            -122.4525141,
            37.8027328
          ],
          [
            -122.4525041,
            37.8027159
          ]
        ]
      },
      "id": "way/1418637346"
    },
    {
      "type": "Feature",
      "properties": {
        "@id": "way/1418637347",
        "destination:ref": "US 101 North",
        "highway": "motorway_link",
        "lanes": "2",
        "lit": "yes",
        "maxspeed": "35 mph",
        "oneway": "yes",
        "surface": "asphalt"
      },
      "geometry": {
        "type": "LineString",
        "coordinates": [
          [
            -122.4516196,
            37.8035874
          ],
          [
            -122.4517344,
            37.8036051
          ]
        ]
      },
      "id": "way/1418637347"
    },
    {
      "type": "Feature",
      "properties": {
        "@id": "way/1433198678",
        "cycleway:right": "track",
        "hgv": "designated",
        "highway": "secondary",
        "lanes": "3",
        "lcn_ref": "30",
        "lit": "yes",
        "maxspeed": "25 mph",
        "name": "Howard Street",
        "name:etymology:wikidata": "Q16066217",
        "oneway": "yes",
        "sidewalk": "separate",
        "source:hgv": "https://sfplanninggis.org/TIM/?search=3591024#searchbox",
        "surface": "asphalt",
        "tiger:cfcc": "A41",
        "tiger:county": "San Francisco, CA",
        "tiger:name_base": "Howard",
        "tiger:name_type": "St",
        "trolley_wire": "yes",
        "turn:lanes": "left;through|through|"
      },
      "geometry": {
        "type": "LineString",
        "coordinates": [
          [
            -122.3957053,
            37.7887952
          ],
          [
            -122.3959436,
            37.7886088
          ],
          [
            -122.396028,
            37.7885423
          ]
        ]
      },
      "id": "way/1433198678"
    },
    {
      "type": "Feature",
      "properties": {
        "@id": "way/1434764817",
        "highway": "secondary_link",
        "oneway": "yes",
        "surface": "asphalt"
      },
      "geometry": {
        "type": "LineString",
        "coordinates": [
          [
            -122.4748773,
            37.8075991
          ],
          [
            -122.4748435,
            37.8075663
          ]
        ]
      },
      "id": "way/1434764817"
    },
    {
      "type": "Feature",
      "properties": {
        "@id": "way/1434764822",
        "dual_carriageway": "no",
        "fixme": "lcn_ref=295?",
        "highway": "secondary",
        "lanes": "1",
        "maxspeed": "15 mph",
        "noname": "yes",
        "oneway": "yes",
        "sidewalk:left": "no",
        "sidewalk:right": "separate",
        "surface": "asphalt"
      },
      "geometry": {
        "type": "LineString",
        "coordinates": [
          [
            -122.4748008,
            37.8076451
          ],
          [
            -122.4748318,
            37.8076283
          ],
          [
            -122.4748773,
            37.8075991
          ]
        ]
      },
      "id": "way/1434764822"
    },
    {
      "type": "Feature",
      "properties": {
        "@id": "way/1434764823",
        "dual_carriageway": "no",
        "fixme": "lcn_ref=295?",
        "highway": "secondary",
        "lanes": "1",
        "maxspeed": "15 mph",
        "noname": "yes",
        "oneway": "yes",
        "sidewalk:left": "no",
        "sidewalk:right": "separate",
        "surface": "asphalt"
      },
      "geometry": {
        "type": "LineString",
        "coordinates": [
          [
            -122.4748773,
            37.8075991
          ],
          [
            -122.4749355,
            37.8075629
          ],
          [
            -122.4749626,
            37.8075468
          ],
          [
            -122.4750209,
            37.807486
          ]
        ]
      },
      "id": "way/1434764823"
    },
    {
      "type": "Feature",
      "properties": {
        "@id": "way/1435937892",
        "cycleway:right": "lane",
        "hgv": "designated",
        "highway": "primary",
        "lanes": "3",
        "lcn_ref": "5",
        "lit": "yes",
        "maxspeed": "30 mph",
        "name": "The Embarcadero",
        "oneway": "yes",
        "parking:lane:right": "parallel",
        "sidewalk:left": "no",
        "sidewalk:right": "separate",
        "source:hgv": "https://sfplanninggis.org/TIM/?search=3591024#searchbox",
        "surface": "asphalt",
        "tiger:cfcc": "A45",
        "tiger:county": "San Francisco, CA",
        "tiger:name_base": "The Embarcadero"
      },
      "geometry": {
        "type": "LineString",
        "coordinates": [
          [
            -122.3977885,
            37.7991793
          ],
          [
            -122.3976907,
            37.7990697
          ]
        ]
      },
      "id": "way/1435937892"
    },
    {
      "type": "Feature",
      "properties": {
        "@id": "way/1459358502",
        "hgv": "designated",
        "highway": "secondary",
        "lanes": "2",
        "name": "Divisadero Street",
        "sidewalk:both": "separate",
        "source:hgv": "https://sfplanninggis.org/TIM/?search=3591024#searchbox",
        "tiger:cfcc": "A41",
        "tiger:county": "San Francisco, CA",
        "tiger:name_base": "Divisadero",
        "tiger:name_type": "St"
      },
      "geometry": {
        "type": "LineString",
        "coordinates": [
          [
            -122.4426119,
            37.7987366
          ],
          [
            -122.4425845,
            37.7986011
          ],
          [
            -122.4425059,
            37.7982117
          ],
          [
            -122.4425033,
            37.7981999
          ],
          [
            -122.4424877,
            37.7981217
          ]
        ]
      },
      "id": "way/1459358502"
    },
    {
      "type": "Feature",
      "properties": {
        "@id": "way/1459358560",
        "hgv": "designated",
        "highway": "secondary",
        "horse": "no",
        "lanes": "3",
        "maxspeed": "25 mph",
        "maxweight:hgv": "3 st",
        "name": "Franklin Street",
        "name:etymology:wikidata": "Q34969",
        "oneway": "yes",
        "parking:lane:both": "parallel",
        "sidewalk": "both",
        "source:hgv": "https://sfplanninggis.org/TIM/?search=3591024#searchbox",
        "surface": "asphalt",
        "tiger:cfcc": "A41",
        "tiger:county": "San Francisco, CA",
        "tiger:name_base": "Franklin",
        "tiger:name_type": "St"
      },
      "geometry": {
        "type": "LineString",
        "coordinates": [
          [
            -122.4245323,
            37.7928525
          ],
          [
            -122.4245481,
            37.7929302
          ],
          [
            -122.4246965,
            37.7936612
          ],
          [
            -122.4247108,
            37.7937333
          ]
        ]
      },
      "id": "way/1459358560"
    },
    {
      "type": "Feature",
      "properties": {
        "@id": "way/1459358561",
        "hgv": "designated",
        "highway": "secondary",
        "horse": "no",
        "lanes": "3",
        "maxspeed": "25 mph",
        "maxweight:hgv": "3 st",
        "name": "Franklin Street",
        "name:etymology:wikidata": "Q34969",
        "oneway": "yes",
        "parking:lane:both": "parallel",
        "sidewalk:both": "separate",
        "source:hgv": "https://sfplanninggis.org/TIM/?search=3591024#searchbox",
        "surface": "asphalt",
        "tiger:cfcc": "A41",
        "tiger:county": "San Francisco, CA",
        "tiger:name_base": "Franklin",
        "tiger:name_type": "St"
      },
      "geometry": {
        "type": "LineString",
        "coordinates": [
          [
            -122.4247108,
            37.7937333
          ],
          [
            -122.4247277,
            37.7938088
          ],
          [
            -122.4248767,
            37.7945417
          ],
          [
            -122.4248902,
            37.794609
          ]
        ]
      },
      "id": "way/1459358561"
    },
    {
      "type": "Feature",
      "properties": {
        "@id": "way/1459358940",
        "hgv": "designated",
        "highway": "secondary",
        "lanes": "3",
        "lit": "yes",
        "maxspeed": "30 mph",
        "name": "Bush Street",
        "oneway": "yes",
        "sidewalk:both": "separate",
        "source:hgv": "https://sfplanninggis.org/TIM/?search=3591024#searchbox",
        "surface": "asphalt",
        "tiger:cfcc": "A41",
        "tiger:county": "San Francisco, CA",
        "tiger:name_base": "Bush",
        "tiger:name_type": "St"
      },
      "geometry": {
        "type": "LineString",
        "coordinates": [
          [
            -122.4087612,
            37.7901678
          ],
          [
            -122.4087089,
            37.7901745
          ],
          [
            -122.4080015,
            37.7902648
          ],
          [
            -122.4078906,
            37.790278
          ],
          [
            -122.4075275,
            37.7903248
          ],
          [
            -122.4072226,
            37.7903626
          ],
          [
            -122.4071243,
            37.7903759
          ]
        ]
      },
      "id": "way/1459358940"
    },
    {
      "type": "Feature",
      "properties": {
        "@id": "way/1474415275",
        "hgv": "designated",
        "highway": "primary",
        "lanes": "6",
        "lanes:backward": "3",
        "lanes:forward": "3",
        "maxspeed": "25 mph",
        "maxweight:hgv": "3 st",
        "name": "Bay Street",
        "placement:backward": "left_of:1",
        "sidewalk:both": "separate",
        "source:hgv": "https://sfplanninggis.org/TIM/?search=3591024#searchbox",
        "tiger:cfcc": "A41",
        "tiger:county": "San Francisco, CA",
        "tiger:name_base": "Bay",
        "tiger:name_type": "St",
        "turn:lanes:backward": "||right"
      },
      "geometry": {
        "type": "LineString",
        "coordinates": [
          [
            -122.4175085,
            37.8051412
          ],
          [
            -122.4175523,
            37.8051356
          ]
        ]
      },
      "id": "way/1474415275"
    },
    {
      "type": "Feature",
      "properties": {
        "@id": "way/1474415276",
        "cycleway:right": "shared_lane",
        "hgv": "designated",
        "highway": "secondary",
        "lanes": "2",
        "lcn_ref": "11",
        "maxspeed": "20 mph",
        "name": "Columbus Avenue",
        "oneway": "yes",
        "source:hgv": "https://sfplanninggis.org/TIM/?search=3591024#searchbox",
        "surface": "asphalt",
        "tiger:cfcc": "A41",
        "tiger:county": "San Francisco, CA",
        "tiger:name_base": "Columbus",
        "tiger:name_type": "Ave",
        "trolley_wire": "yes"
      },
      "geometry": {
        "type": "LineString",
        "coordinates": [
          [
            -122.4170042,
            37.804971
          ],
          [
            -122.4168174,
            37.8048312
          ]
        ]
      },
      "id": "way/1474415276"
    },
    {
      "type": "Feature",
      "properties": {
        "@id": "way/1490045786",
        "NHS": "STRAHNET",
        "bicycle": "yes",
        "cycleway:both": "no",
        "foot": "yes",
        "hgv": "designated",
        "highway": "trunk",
        "lanes": "3",
        "lit": "yes",
        "maxspeed": "30 mph",
        "name": "Richardson Avenue",
        "name:etymology:wikidata": "Q4818023",
        "old_ref": "CA 480",
        "oneway": "yes",
        "ref": "US 101",
        "sidewalk:left": "no",
        "sidewalk:right": "separate",
        "source:hgv": "https://sfplanninggis.org/TIM/?search=3591024#searchbox",
        "surface": "asphalt",
        "tiger:cfcc": "A25",
        "tiger:county": "San Francisco, CA",
        "tiger:name_base": "Richardson:United States Highway 101",
        "tiger:name_base_1": "Richardson:United States Highway 101",
        "tiger:name_type": "Ave",
        "tiger:name_type_1": "Ave"
      },
      "geometry": {
        "type": "LineString",
        "coordinates": [
          [
            -122.4458839,
            37.799453
          ],
          [
            -122.4451465,
            37.7989449
          ],
          [
            -122.4450922,
            37.7989086
          ],
          [
            -122.4450371,
            37.798875
          ],
          [
            -122.4449742,
            37.7988428
          ]
        ]
      },
      "id": "way/1490045786"
    },
    {
      "type": "Feature",
      "properties": {
        "@id": "way/1497167835",
        "hgv": "designated",
        "highway": "secondary",
        "lanes": "4",
        "lcn_ref": "2",
        "lit": "yes",
        "maxspeed": "25 mph",
        "maxweight:hgv": "3 st",
        "name": "Marina Boulevard",
        "sidewalk:both": "separate",
        "source:hgv": "https://sfplanninggis.org/TIM/?search=3591024#searchbox",
        "surface": "asphalt",
        "tiger:cfcc": "A45",
        "tiger:county": "San Francisco, CA",
        "tiger:name_base": "Marina",
        "tiger:name_type": "Blvd"
      },
      "geometry": {
        "type": "LineString",
        "coordinates": [
          [
            -122.4339267,
            37.8050969
          ],
          [
            -122.4339714,
            37.8051239
          ],
          [
            -122.4353234,
            37.8059818
          ],
          [
            -122.4355018,
            37.8060957
          ],
          [
            -122.4356912,
            37.806216
          ],
          [
            -122.4359239,
            37.8063637
          ],
          [
            -122.4359809,
            37.8063975
          ],
          [
            -122.4360302,
            37.8064241
          ],
          [
            -122.4360837,
            37.806449
          ]
        ]
      },
      "id": "way/1497167835"
    },
    {
      "type": "Feature",
      "properties": {
        "@id": "way/1519526936",
        "hgv": "designated",
        "highway": "secondary",
        "horse": "no",
        "lanes": "3",
        "maxspeed": "25 mph",
        "maxweight:hgv": "3 st",
        "name": "Franklin Street",
        "name:etymology:wikidata": "Q34969",
        "oneway": "yes",
        "parking:lane:both": "parallel",
        "sidewalk:both": "separate",
        "source:hgv": "https://sfplanninggis.org/TIM/?search=3591024#searchbox",
        "surface": "asphalt"
      },
      "geometry": {
        "type": "LineString",
        "coordinates": [
          [
            -122.4248902,
            37.794609
          ],
          [
            -122.424904,
            37.7946855
          ],
          [
            -122.4250574,
            37.7954469
          ],
          [
            -122.4250766,
            37.7955355
          ]
        ]
      },
      "id": "way/1519526936"
    },
    {
      "type": "Feature",
      "properties": {
        "@id": "way/1525327147",
        "bicycle": "yes",
        "change": "no",
        "destination:forward": "San Francisco",
        "destination:ref:forward": "US 101 South",
        "dual_carriageway": "no",
        "highway": "secondary",
        "lanes": "2",
        "lanes:backward": "1",
        "lanes:forward": "1",
        "lcn_ref": "95",
        "lit": "yes",
        "maxspeed": "15 mph",
        "noname": "yes",
        "overtaking": "no",
        "surface": "asphalt"
      },
      "geometry": {
        "type": "LineString",
        "coordinates": [
          [
            -122.4758858,
            37.8068543
          ],
          [
            -122.4758876,
            37.8068516
          ],
          [
            -122.4759165,
            37.8068047
          ]
        ]
      },
      "id": "way/1525327147"
    },
    {
      "type": "Feature",
      "properties": {
        "@id": "way/1525327148",
        "bicycle": "yes",
        "change": "no",
        "dual_carriageway": "no",
        "highway": "secondary",
        "lanes": "2",
        "lanes:backward": "2",
        "lanes:forward": "1",
        "lcn_ref": "95",
        "maxspeed": "15 mph",
        "noname": "yes",
        "sidewalk:left": "separate",
        "sidewalk:right": "separate",
        "surface": "asphalt"
      },
      "geometry": {
        "type": "LineString",
        "coordinates": [
          [
            -122.4750209,
            37.807486
          ],
          [
            -122.4751441,
            37.8074109
          ]
        ]
      },
      "id": "way/1525327148"
    },
    {
      "type": "Feature",
      "properties": {
        "@id": "way/1525327150",
        "change": "no",
        "dual_carriageway": "no",
        "highway": "secondary",
        "lanes": "2",
        "lanes:backward": "1",
        "lanes:forward": "1"
      },
      "geometry": {
        "type": "LineString",
        "coordinates": [
          [
            -122.4759165,
            37.8068047
          ],
          [
            -122.4758374,
            37.8067255
          ],
          [
            -122.4755598,
            37.8064651
          ],
          [
            -122.4755222,
            37.8064299
          ],
          [
            -122.4755167,
            37.8064248
          ],
          [
            -122.4754969,
            37.8064067
          ],
          [
            -122.4754205,
            37.8063366
          ]
        ]
      },
      "id": "way/1525327150"
    },
    {
      "type": "Feature",
      "properties": {
        "@id": "way/1525327158",
        "covered": "yes",
        "dual_carriageway": "no",
        "foot": "no",
        "highway": "secondary",
        "lanes": "2",
        "lanes:backward": "1",
        "lanes:forward": "1",
        "layer": "-1",
        "lcn_ref": "95",
        "maxheight": "11'10\"",
        "noname": "yes",
        "overtaking": "no",
        "sidewalk:right": "no",
        "surface": "asphalt",
        "tunnel": "yes"
      },
      "geometry": {
        "type": "LineString",
        "coordinates": [
          [
            -122.4751441,
            37.8074109
          ],
          [
            -122.4756211,
            37.8070966
          ],
          [
            -122.4756778,
            37.8070495
          ],
          [
            -122.475852,
            37.8068959
          ],
          [
            -122.475882,
            37.8068601
          ],
          [
            -122.4758858,
            37.8068543
          ]
        ]
      },
      "id": "way/1525327158"
    },
    {
      "type": "Feature",
      "properties": {
        "@id": "way/1528344437",
        "cycleway:left": "no",
        "cycleway:right": "lane",
        "foot": "no",
        "highway": "secondary",
        "lcn_ref": "2",
        "lit": "yes",
        "name": "North Point Street",
        "sidewalk": "both",
        "surface": "asphalt",
        "tiger:cfcc": "A41",
        "tiger:county": "San Francisco, CA",
        "tiger:name_base": "North Point",
        "tiger:name_type": "St"
      },
      "geometry": {
        "type": "LineString",
        "coordinates": [
          [
            -122.407392,
            37.8074217
          ],
          [
            -122.4074035,
            37.8073988
          ],
          [
            -122.4074211,
            37.8073668
          ]
        ]
      },
      "id": "way/1528344437"
    }
  ]
}